rnet-can-proxy: can0 <-> 127.0.0.1:39000
waiting for FTD2XX Device=can0 ...
REAL: rnet-can-proxy auf can0; kein rollstuhl.emu
FTD2XX peer connected
FTD2XX peer connected
CAN-RX can0 00C#
CAN-RX can0 00E#6E4621DF00000000
CAN-RX can0 7B3#
CAN-RX can0 1F00616E#
CAN-RX can0 1F100D46#
CAN-RX can0 1F200E21#
CAN-RX can0 1F3021DF#
CAN-RX can0 1F405000#
CAN-RX can0 1F50E200#
CAN-RX can0 1F603E00#
CAN-RX can0 1F70D300#
CAN-RX can0 00E#6E4621DF00000000
CAN-RX can0 7B3#
CAN-RX can0 7B3#
CAN-RX can0 1F00616E#
CAN-RX can0 1F100D46#
CAN-RX can0 1F200E21#
CAN-RX can0 1F3021DF#
CAN-RX can0 1F405000#
CAN-RX can0 1F50E200#
CAN-RX can0 1F603E00#
CAN-RX can0 1F70D300#
CAN-RX can0 1F016103#
CAN-RX can0 1F110D00#
CAN-RX can0 1F210E0E#
CAN-RX can0 1F3121E4#
CAN-RX can0 1F415000#
CAN-RX can0 1F51E200#
CAN-RX can0 1F613E00#
CAN-RX can0 1F71D300#
CAN-RX can0 00E#6E4621DF00000000
CAN-RX can0 1F00616E#
CAN-RX can0 1F100D46#
CAN-RX can0 1F200E21#
CAN-RX can0 1F3021DF#
CAN-RX can0 1F405000#
CAN-RX can0 1F50E200#
CAN-RX can0 1F603E00#
CAN-RX can0 1F70D300#
CAN-RX can0 1F016103#
CAN-RX can0 1F110D00#
CAN-RX can0 1F210E0E#
CAN-RX can0 1F3121E4#
CAN-RX can0 1F415000#
CAN-RX can0 1F51E200#
CAN-RX can0 1F613E00#
CAN-RX can0 1F71D300#
CAN-RX can0 1F03614A#
CAN-RX can0 1F130D68#
CAN-RX can0 1F230E01#
CAN-RX can0 1F332100#
CAN-RX can0 1F435003#
CAN-RX can0 1F53E250#
CAN-RX can0 1F633E02#
CAN-RX can0 1F73D301#
CAN-RX can0 00E#6E4621DF00000000
CAN-RX can0 00E#6E4621DF00000000
CAN-TX can0 78F#208000001F000000
CAN-RX can0 00E#6E4621DF00000000
CAN-RX can0 00E#6E4621DF00000000
CAN-RX can0 7B1#
CAN-RX can0 00E#6E4621DF00000000
CAN-RX can0 7B0#
CAN-RX can0 1C0C0200#1E
CAN-RX can0 780#2280000010000000
CAN-RX can0 792#4080000000000000
CAN-RX can0 780#4280000000000000
CAN-RX can0 792#2080000010000000
CAN-RX can0 780#2281000006000100
CAN-RX can0 00E#6E4621DF00000000
CAN-RX can0 1C2C0000#272216880A1A
CAN-RX can0 792#4081000000000000
CAN-RX can0 780#428F000000000000
CAN-RX can0 792#208F00000FC60000
CAN-RX can0 780#2281000002000000
CAN-RX can0 792#4081000000000000
CAN-RX can0 780#428F000000000000
CAN-RX can0 792#208F0000D82D0000
CAN-RX can0 780#2281000008000100
CAN-RX can0 792#4081000000000000
CAN-RX can0 780#428F000000000000
CAN-RX can0 792#208F000011DA0000
CAN-RX can0 780#228100000A000100
CAN-RX can0 00E#6E4621DF00000000
CAN-RX can0 03C30F0F#87878787878787
CAN-RX can0 00E#6E4621DF00000000
CAN-RX can0 792#4081000000000000
CAN-RX can0 780#428F000000000000
CAN-RX can0 792#208F0000F53B0000
CAN-RX can0 780#2281000003000000
CAN-RX can0 792#4081000000000000
CAN-RX can0 780#428C000004000000
CAN-RX can0 792#208C0000F6FF0100
CAN-RX can0 780#2285000008000000
CAN-RX can0 792#4085000000000000
CAN-RX can0 780#428C000004000000
CAN-RX can0 792#208C000009088140
CAN-RX can0 780#428C000001000000
CAN-RX can0 792#208C000003000000
CAN-RX can0 780#228100000A000100
CAN-RX can0 792#4081000000000000
CAN-RX can0 780#428A000000000000
CAN-RX can0 792#208A000030000000
CAN-RX can0 780#228100000B000100
CAN-TX can0 78F#208000001F000000
CAN-RX can0 00E#6E4621DF00000000
CAN-RX can0 790#CF80000020000000
CAN-RX can0 03C30F0F#87878787878787
CAN-RX can0 00E#6E4621DF00000000
CAN-RX can0 140C0201#0000
CAN-RX can0 792#4081000000000000
CAN-RX can0 780#428F000000000000
CAN-RX can0 792#208F000009670000
CAN-RX can0 780#428A000000000000
CAN-RX can0 792#208A000030000000
CAN-RX can0 780#2281000019000100
CAN-RX can0 00E#6E4621DF00000000
CAN-RX can0 03C30F0F#87878787878787
CAN-RX can0 00E#6E4621DF00000000
CAN-TX can0 78F#208000001F000000
CAN-RX can0 790#CF80000020000000
CAN-RX can0 792#4081000000000000
CAN-RX can0 780#428F000000000000
CAN-RX can0 792#208F00008C0E0000
CAN-RX can0 780#228100000C000100
CAN-RX can0 00E#6E4621DF00000000
CAN-RX can0 03C30F0F#87878787878787
CAN-RX can0 792#4081000000000000
CAN-RX can0 780#428F000000000000
CAN-RX can0 792#208F0000D8C90000
CAN-RX can0 780#428A000000000000
CAN-RX can0 792#208A000030000000
CAN-RX can0 780#228100000D000100
CAN-RX can0 00E#6E4621DF00000000
CAN-RX can0 792#4081000000000000
CAN-RX can0 780#428F000000000000
CAN-RX can0 792#208F00009C080000
CAN-RX can0 780#2281000013000100
CAN-RX can0 00E#6E4621DF00000000
CAN-RX can0 792#4081000000000000
CAN-RX can0 780#428F000000000000
CAN-RX can0 792#208F00001A070000
CAN-RX can0 780#228100000E000100
CAN-TX can0 78F#208000001F000000
CAN-RX can0 792#4081000000000000
CAN-RX can0 780#428F000000000000
CAN-RX can0 792#208F00003B6E0000
CAN-RX can0 780#2281000014000100
CAN-RX can0 790#CF80000020000000
CAN-RX can0 03C30F0F#87878787878787
CAN-RX can0 792#4081000000000000
CAN-RX can0 780#428F000000000000
CAN-RX can0 792#208F00000BA30000
CAN-RX can0 780#2281000011000100
CAN-RX can0 00E#6E4621DF00000000
CAN-RX can0 792#4081000000000000
CAN-RX can0 780#428F000000000000
CAN-RX can0 792#208F000081E90000
CAN-RX can0 780#2280000000000000
CAN-RX can0 792#4080000000000000
CAN-RX can0 780#4240000000000000
CAN-RX can0 792#204000000000037F
CAN-RX can0 780#4250000000000000
CAN-RX can0 792#2050000003000000
CAN-RX can0 040#00000000
CAN-RX can0 781#2280000011000000
CAN-RX can0 792#4180000000000000
CAN-RX can0 781#4280000000000000
CAN-RX can0 792#2180000011000000
CAN-RX can0 781#2281000012000100
CAN-RX can0 00E#6E4621DF00000000
CAN-RX can0 792#4181000000000000
CAN-RX can0 781#428F000000000000
CAN-RX can0 792#218F00002EF40000
CAN-RX can0 781#2280000000000000
CAN-RX can0 792#4180000000000000
CAN-RX can0 041#00000000
CAN-RX can0 052#C000FF00
CAN-RX can0 052#D200FF02
CAN-RX can0 1C240001#
CAN-RX can0 052#F000FF01
CAN-RX can0 0C280200#00
CAN-RX can0 0C140200#C0
CAN-RX can0 0C140200#C1
CAN-RX can0 03C30F0F#87878787878787
CAN-RX can0 042#00000000
CAN-RX can0 783#2280000013000000
CAN-RX can0 792#4380000000000000
CAN-RX can0 783#2281000008000100
CAN-RX can0 792#4381000000000000
CAN-RX can0 783#528B000002000001
CAN-RX can0 00E#6E4621DF00000000
CAN-TX can0 78F#208000001F000000
CAN-RX can0 792#238B000011DA0000
CAN-RX can0 783#2280000000000000
CAN-RX can0 792#4380000000000000
CAN-RX can0 790#CF80000020000000
CAN-RX can0 783#2280000013000000
CAN-RX can0 792#4380000000000000
CAN-RX can0 783#2281000003500201
CAN-RX can0 792#4381000000000000
CAN-RX can0 783#528B000002000001
CAN-RX can0 792#238B0000EF680000
CAN-RX can0 00E#6E4621DF00000000
CAN-RX can0 783#2280000000000000
CAN-RX can0 792#4380000000000000
CAN-RX can0 03C30F0F#87878787878787
CAN-RX can0 043#00000000
CAN-RX can0 042#80000000
CAN-RX can0 040#80000000
CAN-RX can0 041#80000000
CAN-RX can0 043#80000000
CAN-RX can0 052#00000000
CAN-RX can0 052#12000002
CAN-RX can0 052#90000000
CAN-RX can0 052#80000001
CAN-RX can0 060#00000000
CAN-RX can0 062#10000002
CAN-RX can0 062#20000000
CAN-RX can0 0C180002#0003
CAN-RX can0 062#30000001
CAN-RX can0 062#80000080
CAN-RX can0 0C140200#C0
CAN-RX can0 0A040000#00
CAN-RX can0 0C180200#0101
CAN-RX can0 14300200#0000
CAN-RX can0 1C300204#9AE505009AE50500
CAN-RX can0 00E#6E4621DF00000000
CAN-RX can0 08300103#FFFF
CAN-RX can0 08300103#F8FF
CAN-RX can0 00E#6E4621DF00000000
CAN-TX can0 78F#208000001F000000
CAN-RX can0 790#CF80000020000000
CAN-RX can0 08300103#0A00
CAN-RX can0 03C30F0F#87878787878787
CAN-RX can0 08300103#0000
CAN-RX can0 0C140200#C1
CAN-RX can0 00E#6E4621DF00000000
CAN-RX can0 08300103#1100
CAN-RX can0 140C0201#0000
CAN-RX can0 08300103#0300
CAN-RX can0 00E#6E4621DF00000000
CAN-RX can0 08300103#F5FF
CAN-RX can0 03C30F0F#87878787878787
CAN-TX can0 78F#208000001F000000
CAN-RX can0 08300103#FBFF
CAN-RX can0 00E#6E4621DF00000000
CAN-RX can0 790#CF80000020000000
CAN-RX can0 08300103#0A00
CAN-RX can0 08300103#F6FF
CAN-RX can0 14300200#0000
CAN-RX can0 00E#6E4621DF00000000
CAN-RX can0 0C140300#02
CAN-RX can0 08300103#0700
CAN-RX can0 0C180201#200001
CAN-RX can0 14300201#00
CAN-RX can0 03C30F0F#87878787878787
CAN-RX can0 1C0C0200#1E
CAN-RX can0 0C180200#0101
CAN-RX can0 08300103#1000
CAN-RX can0 00E#6E4621DF00000000
CAN-RX can0 1C2C0000#282216880A1A
CAN-RX can0 08300103#0500
CAN-RX can0 08300103#0700
CAN-TX can0 78F#208000001F000000
CAN-RX can0 790#CF80000020000000
CAN-RX can0 00E#6E4621DF00000000
CAN-RX can0 08300103#0100
CAN-RX can0 03C30F0F#87878787878787
CAN-RX can0 140C0201#0000
CAN-RX can0 08300103#0400
CAN-RX can0 00E#6E4621DF00000000
CAN-RX can0 08300103#0000
CAN-RX can0 08300103#0D00
CAN-RX can0 00E#6E4621DF00000000
CAN-RX can0 08300103#1000
CAN-RX can0 03C30F0F#87878787878787
CAN-RX can0 08300103#0A00
CAN-TX can0 78F#208000001F000000
CAN-RX can0 14300200#0000
CAN-RX can0 790#CF80000020000000
CAN-RX can0 00E#6E4621DF00000000
CAN-RX can0 08300103#0F00
CAN-RX can0 08300103#1200
CAN-RX can0 00E#6E4621DF00000000
CAN-RX can0 08300103#FAFF
CAN-RX can0 03C30F0F#87878787878787
CAN-RX can0 08300103#0500
CAN-RX can0 00E#6E4621DF00000000
CAN-RX can0 08300103#0A00
CAN-TX can0 78F#208000001F000000
CAN-RX can0 140C0201#0000
CAN-RX can0 08300103#0200
CAN-RX can0 790#CF80000020000000
CAN-RX can0 00E#6E4621DF00000000
CAN-RX can0 08300103#FFFF
CAN-RX can0 03C30F0F#87878787878787
CAN-RX can0 08300103#F5FF
CAN-RX can0 00E#6E4621DF00000000
CAN-RX can0 08300103#FEFF
CAN-RX can0 08300103#FAFF
CAN-RX can0 14300200#0000
CAN-RX can0 00E#6E4621DF00000000
CAN-RX can0 08300103#0700
CAN-RX can0 03C30F0F#87878787878787
CAN-RX can0 08300103#1800
CAN-TX can0 78F#208000001F000000
CAN-RX can0 790#CF80000020000000
CAN-RX can0 00E#6E4621DF00000000
CAN-RX can0 08300103#F7FF
CAN-RX can0 08300103#FFFF
CAN-RX can0 00E#6E4621DF00000000
CAN-RX can0 08300103#0100
CAN-RX can0 03C30F0F#87878787878787
CAN-RX can0 140C0201#0000
CAN-RX can0 08300103#FBFF
CAN-RX can0 00E#6E4621DF00000000
CAN-RX can0 08300103#0F00
CAN-TX can0 78F#208000001F000000
CAN-RX can0 08300103#0C00
CAN-RX can0 790#CF80000020000000
CAN-RX can0 0C140200#C0
CAN-RX can0 00E#6E4621DF00000000
CAN-RX can0 08300103#0000
CAN-RX can0 03C30F0F#87878787878787
CAN-RX can0 08300103#0300
CAN-RX can0 14300200#0000
CAN-RX can0 1C300204#9AE505009AE50500
CAN-RX can0 00E#6E4621DF00000000
CAN-RX can0 0C180001#060201
CAN-RX can0 0C140200#C1
CAN-RX can0 00E#6E4621DF00000000
CAN-TX can0 78F#208000001F000000
CAN-RX can0 03C30F0F#87878787878787
CAN-RX can0 08300103#0300
CAN-RX can0 790#CF80000020000000
CAN-RX can0 00E#6E4621DF00000000
CAN-RX can0 08300103#0400
CAN-RX can0 140C0201#0000
CAN-RX can0 08300103#0600
CAN-RX can0 00E#6E4621DF00000000
CAN-RX can0 08300103#FCFF
CAN-RX can0 03C30F0F#87878787878787
CAN-RX can0 08300103#F4FF
CAN-RX can0 00E#6E4621DF00000000
CAN-RX can0 08300103#0D00
CAN-TX can0 78F#208000001F000000
CAN-RX can0 0C140300#82
CAN-RX can0 0C180201#210001
CAN-RX can0 14300201#29
CAN-RX can0 08300103#0400
CAN-RX can0 790#CF80000020000000
CAN-RX can0 0C180200#0101
CAN-RX can0 14300200#0000
CAN-RX can0 00E#6E4621DF00000000
CAN-RX can0 08300103#0600
CAN-RX can0 03C30F0F#87878787878787
CAN-RX can0 1C0C0200#1E
CAN-RX can0 08300103#1300
CAN-RX can0 00E#6E4621DF00000000
CAN-RX can0 1C2C0000#292216880A1A
CAN-RX can0 08300103#FAFF
CAN-RX can0 08300103#FFFF
CAN-RX can0 00E#6E4621DF00000000
CAN-RX can0 08300103#FEFF
CAN-RX can0 03C30F0F#87878787878787
CAN-RX can0 140C0201#0000
CAN-RX can0 08300103#F8FF
CAN-TX can0 78F#208000001F000000
CAN-RX can0 790#CF80000020000000
CAN-RX can0 00E#6E4621DF00000000
CAN-RX can0 08300103#0E00
CAN-RX can0 08300103#0300
CAN-RX can0 00E#6E4621DF00000000
CAN-RX can0 08300103#1100
CAN-RX can0 03C30F0F#87878787878787
CAN-RX can0 08300103#0800
CAN-RX can0 14300200#0000
CAN-RX can0 00E#6E4621DF00000000
CAN-RX can0 08300103#0B00
CAN-TX can0 78F#208000001F000000
CAN-RX can0 08300103#1300
CAN-RX can0 790#CF80000020000000
CAN-RX can0 00E#6E4621DF00000000
CAN-RX can0 08300103#0700
CAN-RX can0 03C30F0F#87878787878787
CAN-RX can0 08300103#1400
CAN-RX can0 00E#6E4621DF00000000
CAN-RX can0 08300103#1100
CAN-RX can0 140C0201#0000
CAN-RX can0 08300103#0000
CAN-RX can0 00E#6E4621DF00000000
CAN-RX can0 08300103#0000
CAN-RX can0 03C30F0F#87878787878787
CAN-TX can0 78F#208000001F000000
CAN-RX can0 08300103#FAFF
CAN-RX can0 790#CF80000020000000
CAN-RX can0 00E#6E4621DF00000000
CAN-RX can0 08300103#0800
CAN-RX can0 08300103#0200
CAN-RX can0 14300200#0000
CAN-RX can0 00E#6E4621DF00000000
CAN-RX can0 08300103#0300
CAN-RX can0 03C30F0F#87878787878787
CAN-RX can0 08300103#0100
CAN-RX can0 00E#6E4621DF00000000
CAN-RX can0 08300103#0000
CAN-RX can0 0C140300#C2
CAN-RX can0 0C180201#210000
CAN-RX can0 14300201#64
CAN-TX can0 78F#208000001F000000
CAN-RX can0 08300103#0400
CAN-RX can0 790#CF80000020000000
CAN-RX can0 0C180200#0101
CAN-RX can0 00E#6E4621DF00000000
CAN-RX can0 08300103#1B00
CAN-RX can0 03C30F0F#87878787878787
CAN-RX can0 140C0201#0000
CAN-RX can0 08300103#0A00
CAN-RX can0 00E#6E4621DF00000000
CAN-RX can0 08300103#0300
CAN-RX can0 08300103#FDFF
CAN-RX can0 0C140200#C0
CAN-RX can0 00E#6E4621DF00000000
CAN-RX can0 08300103#0B00
CAN-TX can0 78F#208000001F000000
CAN-RX can0 03C30F0F#87878787878787
CAN-RX can0 790#CF80000020000000
CAN-RX can0 08300103#0C00
CAN-RX can0 14300200#0000
CAN-RX can0 00E#6E4621DF00000000
CAN-RX can0 1C300204#9AE505009AE50500
CAN-RX can0 0C140200#C1
CAN-RX can0 00E#6E4621DF00000000
CAN-RX can0 03C30F0F#87878787878787
CAN-RX can0 08300103#0600
CAN-RX can0 00E#6E4621DF00000000
CAN-TX can0 78F#208000001F000000
CAN-RX can0 08300103#F5FF
CAN-RX can0 140C0201#0000
CAN-RX can0 790#CF80000020000000
CAN-RX can0 08300103#F5FF
CAN-RX can0 00E#6E4621DF00000000
CAN-RX can0 08300103#F2FF
CAN-RX can0 03C30F0F#87878787878787
CAN-RX can0 08300103#EDFF
CAN-RX can0 00E#6E4621DF00000000
CAN-RX can0 08300103#F6FF
CAN-RX can0 08300103#0300
CAN-RX can0 14300200#0000
CAN-RX can0 00E#6E4621DF00000000
CAN-RX can0 08300103#0A00
CAN-TX can0 78F#208000001F000000
CAN-RX can0 03C30F0F#87878787878787
CAN-RX can0 1C0C0200#1E
CAN-RX can0 790#CF80000020000000
CAN-RX can0 08300103#0700
CAN-RX can0 00E#6E4621DF00000000
CAN-RX can0 1C2C0000#2A2216880A1A
CAN-RX can0 08300103#0900
CAN-RX can0 08300103#F7FF
CAN-RX can0 00E#6E4621DF00000000
CAN-RX can0 08300103#0800
CAN-RX can0 03C30F0F#87878787878787
CAN-RX can0 140C0201#0000
CAN-RX can0 08300103#0800
CAN-RX can0 00E#6E4621DF00000000
CAN-RX can0 08300103#0000
CAN-TX can0 78F#208000001F000000
CAN-RX can0 790#CF80000020000000
CAN-RX can0 08300103#0700
CAN-RX can0 00E#6E4621DF00000000
CAN-RX can0 08300103#0E00
CAN-RX can0 03C30F0F#87878787878787
CAN-RX can0 08300103#0100
CAN-RX can0 14300200#0000
CAN-RX can0 00E#6E4621DF00000000
CAN-RX can0 08300103#0300
CAN-RX can0 08300103#0300
CAN-RX can0 00E#6E4621DF00000000
CAN-RX can0 08300103#FFFF
CAN-TX can0 78F#208000001F000000
CAN-RX can0 03C30F0F#87878787878787
CAN-RX can0 790#CF80000020000000
CAN-RX can0 08300103#0600
CAN-RX can0 00E#6E4621DF00000000
CAN-RX can0 08300103#0300
CAN-RX can0 140C0201#0000
CAN-RX can0 08300103#0A00
CAN-RX can0 00E#6E4621DF00000000
CAN-RX can0 08300103#0500
CAN-RX can0 03C30F0F#87878787878787
CAN-RX can0 08300103#0E00
CAN-RX can0 00E#6E4621DF00000000
CAN-TX can0 78F#208000001F000000
CAN-RX can0 08300103#FDFF
CAN-RX can0 790#CF80000020000000
CAN-RX can0 08300103#0C00
CAN-RX can0 14300200#0000
CAN-RX can0 00E#6E4621DF00000000
CAN-RX can0 08300103#F5FF
CAN-RX can0 03C30F0F#87878787878787
CAN-RX can0 08300103#0300
CAN-RX can0 00E#6E4621DF00000000
CAN-RX can0 08300103#0D00
CAN-RX can0 0C140300#C2
CAN-RX can0 08300103#0500
CAN-RX can0 00E#6E4621DF00000000
CAN-TX can0 78F#208000001F000000
CAN-RX can0 08300103#0B00
CAN-RX can0 790#CF80000020000000
CAN-RX can0 03C30F0F#87878787878787
CAN-RX can0 0C000300#D5D5
CAN-RX can0 140C0201#0000
CAN-RX can0 08300103#0B00
CAN-RX can0 00E#6E4621DF00000000
CAN-RX can0 08300103#FEFF
CAN-RX can0 08300103#0500
CAN-RX can0 0C140200#C0
CAN-RX can0 00E#6E4621DF00000000
CAN-RX can0 08300103#FCFF
CAN-RX can0 03C30F0F#87878787878787
CAN-RX can0 08300103#FCFF
CAN-TX can0 78F#208000001F000000
CAN-RX can0 14300200#0000
CAN-RX can0 00E#6E4621DF00000000
CAN-RX can0 790#CF80000020000000
CAN-RX can0 1C300204#9AE505009AE50500
CAN-RX can0 0C140200#C1
CAN-RX can0 00E#6E4621DF00000000
CAN-RX can0 03C30F0F#87878787878787
CAN-RX can0 08300103#0000
CAN-RX can0 00E#6E4621DF00000000
CAN-RX can0 08300103#0A00
CAN-RX can0 140C0201#0000
CAN-RX can0 08300103#0900
CAN-RX can0 00E#6E4621DF00000000
CAN-TX can0 78F#208000001F000000
CAN-RX can0 08300103#0B00
CAN-RX can0 790#CF80000020000000
CAN-RX can0 03C30F0F#87878787878787
CAN-RX can0 08300103#0700
CAN-RX can0 00E#6E4621DF00000000
CAN-RX can0 08300103#0E00
CAN-RX can0 08300103#0800
CAN-RX can0 14300200#0000
CAN-RX can0 00E#6E4621DF00000000
CAN-RX can0 08300103#0200
CAN-RX can0 03C30F0F#87878787878787
CAN-RX can0 1C0C0200#1E
CAN-RX can0 08300103#0200
CAN-TX can0 78F#208000001F000000
CAN-RX can0 00E#6E4621DF00000000
CAN-RX can0 1C2C0000#2B2216880A1A
CAN-RX can0 790#CF80000020000000
CAN-RX can0 08300103#0000
CAN-RX can0 08300103#0000
CAN-RX can0 00E#6E4621DF00000000
CAN-RX can0 08300103#0D00
CAN-RX can0 03C30F0F#87878787878787
CAN-RX can0 140C0201#0000
CAN-RX can0 08300103#1000
CAN-RX can0 0C000300#0000
CAN-RX can0 00E#6E4621DF00000000
CAN-RX can0 08300103#0100
CAN-RX can0 08300103#0100
CAN-RX can0 00E#6E4621DF00000000
CAN-TX can0 78F#208000001F000000
CAN-RX can0 08300103#FAFF
CAN-RX can0 790#CF80000020000000
CAN-RX can0 03C30F0F#87878787878787
CAN-RX can0 08300103#0200
CAN-RX can0 14300200#0000
CAN-RX can0 00E#6E4621DF00000000
CAN-RX can0 08300103#FFFF
CAN-RX can0 08300103#1600
CAN-RX can0 00E#6E4621DF00000000
CAN-RX can0 08300103#1100
CAN-RX can0 03C30F0F#87878787878787
CAN-RX can0 08300103#0600
CAN-RX can0 00E#6E4621DF00000000
CAN-TX can0 78F#208000001F000000
CAN-RX can0 08300103#FCFF
CAN-RX can0 790#CF80000020000000
CAN-RX can0 08300103#0700
CAN-RX can0 140C0201#0000
CAN-RX can0 00E#6E4621DF00000000
CAN-RX can0 08300103#0000
CAN-RX can0 03C30F0F#87878787878787
CAN-RX can0 08300103#F6FF
CAN-RX can0 00E#6E4621DF00000000
CAN-RX can0 08300103#FDFF
CAN-RX can0 08300103#1400
CAN-TX can0 78F#208000001F000000
CAN-RX can0 14300200#0000
CAN-RX can0 00E#6E4621DF00000000
CAN-RX can0 08300103#0800
CAN-RX can0 790#CF80000020000000
CAN-RX can0 03C30F0F#87878787878787
CAN-RX can0 08300103#F9FF
CAN-RX can0 00E#6E4621DF00000000
CAN-RX can0 08300103#1A00
CAN-RX can0 0C140300#C2
CAN-RX can0 08300103#FDFF
CAN-RX can0 00E#6E4621DF00000000
CAN-RX can0 08300103#0100
CAN-RX can0 03C30F0F#87878787878787
CAN-RX can0 08300103#0300
CAN-RX can0 140C0201#0000
CAN-TX can0 78F#208000001F000000
CAN-RX can0 00E#6E4621DF00000000
CAN-RX can0 08300103#0800
CAN-RX can0 790#CF80000020000000
CAN-RX can0 08300103#FDFF
CAN-RX can0 0C140200#C0
CAN-RX can0 00E#6E4621DF00000000
CAN-RX can0 08300103#0300
CAN-RX can0 03C30F0F#87878787878787
CAN-RX can0 08300103#FDFF
CAN-RX can0 14300200#0000
CAN-RX can0 00E#6E4621DF00000000
CAN-RX can0 1C300204#9AE505009AE50500
CAN-TX can0 78F#208000001F000000
CAN-RX can0 790#CF80000020000000
CAN-RX can0 0C140200#C1
CAN-RX can0 00E#6E4621DF00000000
CAN-RX can0 03C30F0F#87878787878787
CAN-RX can0 08300103#0300
CAN-RX can0 02000000#0000
CAN-RX can0 00E#6E4621DF00000000
CAN-RX can0 08300103#0700
CAN-RX can0 02000000#0000
CAN-RX can0 02000000#0000
CAN-RX can0 02000000#0000
CAN-RX can0 08300103#0E00
CAN-RX can0 140C0201#0000
CAN-RX can0 02000000#0000
CAN-RX can0 02000000#0000
CAN-RX can0 00E#6E4621DF00000000
CAN-RX can0 08300103#0D00
CAN-RX can0 02000000#0000
CAN-RX can0 02000000#0000
CAN-RX can0 02000000#0000
CAN-RX can0 03C30F0F#87878787878787
CAN-RX can0 08300103#0800
CAN-TX can0 78F#208000001F000000
CAN-RX can0 790#CF80000020000000
CAN-RX can0 02000000#0000
CAN-RX can0 02000000#0000
CAN-RX can0 00E#6E4621DF00000000
CAN-RX can0 08300103#0500
CAN-RX can0 02000000#0000
CAN-RX can0 02000000#0000
CAN-RX can0 02000000#0000
CAN-RX can0 08300103#0600
CAN-RX can0 02000000#0000
CAN-RX can0 14300200#0000
CAN-RX can0 02000000#0000
CAN-RX can0 00E#6E4621DF00000000
CAN-RX can0 08300103#1000
CAN-RX can0 02000000#0000
CAN-RX can0 02000000#0000
CAN-RX can0 02000000#0000
CAN-RX can0 03C30F0F#87878787878787
CAN-RX can0 08300103#FDFF
CAN-RX can0 1C0C0200#1E
CAN-RX can0 02000000#0000
CAN-RX can0 02000000#0000
CAN-RX can0 00E#6E4621DF00000000
CAN-RX can0 1C2C0000#2C2216880A1A
CAN-RX can0 08300103#FDFF
CAN-RX can0 02000000#0000
CAN-RX can0 02000000#0000
CAN-RX can0 02000000#0000
CAN-RX can0 08300103#FFFF
CAN-TX can0 78F#208000001F000000
CAN-RX can0 790#CF80000020000000
CAN-RX can0 02000000#0000
CAN-RX can0 02000000#0000
CAN-RX can0 00E#6E4621DF00000000
CAN-RX can0 08300103#0000
CAN-RX can0 02000000#0000
CAN-RX can0 02000000#0000
CAN-RX can0 02000000#0000
CAN-RX can0 03C30F0F#87878787878787
CAN-RX can0 08300103#F9FF
CAN-RX can0 140C0201#0000
CAN-RX can0 02000000#0000
CAN-RX can0 02000000#0000
CAN-RX can0 00E#6E4621DF00000000
CAN-RX can0 08300103#0300
CAN-RX can0 02000000#0000
CAN-RX can0 02000000#0000
CAN-RX can0 02000000#0000
CAN-RX can0 08300103#F9FF
CAN-RX can0 02000000#0000
CAN-RX can0 02000000#0000
CAN-RX can0 00E#6E4621DF00000000
CAN-RX can0 08300103#0000
CAN-RX can0 02000000#0000
CAN-RX can0 02000000#0000
CAN-RX can0 02000000#0000
CAN-RX can0 03C30F0F#87878787878787
CAN-RX can0 08300103#FDFF
CAN-TX can0 78F#208000001F000000
CAN-RX can0 790#CF80000020000000
CAN-RX can0 02000000#0000
CAN-RX can0 14300200#0000
CAN-RX can0 02000000#0000
CAN-RX can0 00E#6E4621DF00000000
CAN-RX can0 08300103#FFFF
CAN-RX can0 02000000#0000
CAN-RX can0 02000000#0000
CAN-RX can0 02000000#0000
CAN-RX can0 08300103#F8FF
CAN-RX can0 02000000#0000
CAN-RX can0 02000000#0000
CAN-RX can0 00E#6E4621DF00000000
CAN-RX can0 08300103#0300
CAN-RX can0 02000000#0000
CAN-RX can0 02000000#0000
CAN-RX can0 02000000#0000
CAN-RX can0 03C30F0F#87878787878787
CAN-RX can0 08300103#FEFF
CAN-RX can0 02000000#0000
CAN-RX can0 02000000#0000
CAN-RX can0 00E#6E4621DF00000000
CAN-RX can0 08300103#FAFF
CAN-RX can0 02000000#0000
CAN-RX can0 02000000#0000
CAN-TX can0 78F#208000001F000000
CAN-RX can0 02000000#0000
CAN-RX can0 08300103#0700
CAN-RX can0 140C0201#0000
CAN-RX can0 790#CF80000020000000
CAN-RX can0 02000000#0000
CAN-RX can0 02000000#0000
CAN-RX can0 00E#6E4621DF00000000
CAN-RX can0 08300103#0600
CAN-RX can0 02000000#0000
CAN-RX can0 02000000#0000
CAN-RX can0 02000000#0000
CAN-RX can0 03C30F0F#87878787878787
CAN-RX can0 08300103#0C00
CAN-RX can0 02000000#0000
CAN-RX can0 02000000#0000
CAN-RX can0 00E#6E4621DF00000000
CAN-RX can0 08300103#0500
CAN-RX can0 02000000#0000
CAN-RX can0 02000000#0000
CAN-RX can0 02000000#0000
CAN-RX can0 08300103#EAFF
CAN-RX can0 02000000#0000
CAN-RX can0 14300200#0000
CAN-RX can0 02000000#0000
CAN-RX can0 00E#6E4621DF00000000
CAN-RX can0 08300103#FEFF
CAN-RX can0 02000000#0000
CAN-RX can0 02000000#0000
CAN-TX can0 78F#208000001F000000
CAN-RX can0 02000000#0000
CAN-RX can0 03C30F0F#87878787878787
CAN-RX can0 08300103#0C00
CAN-RX can0 790#CF80000020000000
CAN-RX can0 02000000#0000
CAN-RX can0 02000000#0000
CAN-RX can0 00E#6E4621DF00000000
CAN-RX can0 08300103#0300
CAN-RX can0 02000000#0000
CAN-RX can0 02000000#0000
CAN-RX can0 0C140300#C2
CAN-RX can0 02000000#0000
CAN-RX can0 08300103#0100
CAN-RX can0 02000000#0000
CAN-RX can0 02000000#0000
CAN-RX can0 00E#6E4621DF00000000
CAN-RX can0 08300103#FFFF
CAN-RX can0 02000000#0000
CAN-RX can0 02000000#0000
CAN-RX can0 02000000#0000
CAN-RX can0 03C30F0F#87878787878787
CAN-RX can0 08300103#FEFF
CAN-RX can0 140C0201#0000
CAN-RX can0 02000000#0000
CAN-RX can0 02000000#0000
CAN-RX can0 00E#6E4621DF00000000
CAN-RX can0 08300103#0500
CAN-RX can0 02000000#0000
CAN-RX can0 02000000#0000
CAN-TX can0 78F#208000001F000000
CAN-RX can0 08300103#1700
CAN-RX can0 02000000#0000
CAN-RX can0 790#CF80000020000000
CAN-RX can0 02000000#0000
CAN-RX can0 02000000#0000
CAN-RX can0 0C140200#C0
CAN-RX can0 00E#6E4621DF00000000
CAN-RX can0 08300103#0700
CAN-RX can0 02000000#0000
CAN-RX can0 02000000#0000
CAN-RX can0 08300103#0900
CAN-RX can0 02000000#0000
CAN-RX can0 03C30F0F#87878787878787
CAN-RX can0 02000000#0000
CAN-RX can0 14300200#0000
CAN-RX can0 02000000#0000
CAN-RX can0 00E#6E4621DF00000000
CAN-RX can0 02000000#0000
CAN-RX can0 02000000#0000
CAN-RX can0 02000000#0000
CAN-RX can0 02000000#0000
CAN-RX can0 1C300204#9AE505009AE50500
CAN-RX can0 02000000#0000
CAN-RX can0 0C140200#C1
CAN-RX can0 00E#6E4621DF00000000
CAN-RX can0 02000000#0000
CAN-RX can0 02000000#0000
CAN-TX can0 78F#208000001F000000
CAN-RX can0 08300103#0300
CAN-RX can0 02000000#0000
CAN-RX can0 03C30F0F#87878787878787
CAN-RX can0 790#CF80000020000000
CAN-RX can0 02000000#0000
CAN-RX can0 02000000#0000
CAN-RX can0 00E#6E4621DF00000000
CAN-RX can0 08300103#0300
CAN-RX can0 02000000#0000
CAN-RX can0 02000000#0000
CAN-RX can0 08300103#FCFF
CAN-RX can0 02000000#0000
CAN-RX can0 140C0201#0000
CAN-RX can0 02000000#0000
CAN-RX can0 02000000#0000
CAN-RX can0 00E#6E4621DF00000000
CAN-RX can0 08300103#F8FF
CAN-RX can0 02000000#0000
CAN-RX can0 02000000#0000
CAN-RX can0 08300103#F6FF
CAN-RX can0 02000000#0000
CAN-RX can0 03C30F0F#87878787878787
CAN-RX can0 02000000#0000
CAN-RX can0 02000000#0000
CAN-RX can0 00E#6E4621DF00000000
CAN-RX can0 08300103#0000
CAN-RX can0 02000000#0000
CAN-RX can0 02000000#0000
CAN-TX can0 78F#208000001F000000
CAN-RX can0 790#CF80000020000000
CAN-RX can0 08300103#0700
CAN-RX can0 02000000#0000
CAN-RX can0 02000000#0000
CAN-RX can0 14300200#0000
CAN-RX can0 02000000#0000
CAN-RX can0 00E#6E4621DF00000000
CAN-RX can0 08300103#1C00
CAN-RX can0 02000000#0000
CAN-RX can0 02000000#0000
CAN-RX can0 08300103#1300
CAN-RX can0 02000000#0000
CAN-RX can0 03C30F0F#87878787878787
CAN-RX can0 1C0C0200#1E
CAN-RX can0 02000000#0000
CAN-RX can0 02000000#0000
CAN-RX can0 00E#6E4621DF00000000
CAN-RX can0 08300103#0300
CAN-RX can0 1C2C0000#2D2216880A1A
CAN-RX can0 02000000#0000
CAN-RX can0 02000000#0000
CAN-RX can0 08300103#0000
CAN-RX can0 02000000#0000
CAN-RX can0 02000000#0000
CAN-RX can0 02000000#0000
CAN-RX can0 00E#6E4621DF00000000
CAN-RX can0 08300103#F5FF
CAN-RX can0 02000000#0000
CAN-TX can0 78F#208000001F000000
CAN-RX can0 02000000#0000
CAN-RX can0 790#CF80000020000000
CAN-RX can0 08300103#F9FF
CAN-RX can0 02000000#0000
CAN-RX can0 03C30F0F#87878787878787
CAN-RX can0 140C0201#0000
CAN-RX can0 02000000#0000
CAN-RX can0 02000000#0000
CAN-RX can0 08300103#0600
CAN-RX can0 00E#6E4621DF00000000
CAN-RX can0 02000000#0000
CAN-RX can0 02000000#0000
CAN-RX can0 08300103#0700
CAN-RX can0 02000000#0000
CAN-RX can0 02000000#0000
CAN-RX can0 02000000#0000
CAN-RX can0 08300103#0C00
CAN-RX can0 00E#6E4621DF00000000
CAN-RX can0 02000000#0000
CAN-RX can0 02000000#0000
CAN-RX can0 08300103#FDFF
CAN-RX can0 02000000#0000
CAN-RX can0 03C30F0F#87878787878787
CAN-RX can0 02000000#0000
CAN-RX can0 14300200#0000
CAN-RX can0 02000000#0000
CAN-TX can0 78F#208000001F000000
CAN-RX can0 08300103#0D00
CAN-RX can0 00E#6E4621DF00000000
CAN-RX can0 02000000#0000
CAN-RX can0 02000000#0000
CAN-RX can0 790#CF80000020000000
CAN-RX can0 08300103#0C00
CAN-RX can0 02000000#0000
CAN-RX can0 02000000#0000
CAN-RX can0 02000000#0000
CAN-RX can0 08300103#0600
CAN-RX can0 00E#6E4621DF00000000
CAN-RX can0 02000000#0000
CAN-RX can0 02000000#0000
CAN-RX can0 08300103#FEFF
CAN-RX can0 02000000#0000
CAN-RX can0 03C30F0F#87878787878787
CAN-RX can0 02000000#0000
CAN-RX can0 02000000#0000
CAN-RX can0 08300103#1C00
CAN-RX can0 00E#6E4621DF00000000
CAN-RX can0 02000000#0000
CAN-RX can0 02000000#0000
CAN-RX can0 08300103#1200
CAN-RX can0 02000000#0000
CAN-RX can0 140C0201#0000
CAN-RX can0 02000000#0000
CAN-RX can0 02000000#0000
CAN-TX can0 78F#208000001F000000
CAN-RX can0 08300103#0E00
CAN-RX can0 00E#6E4621DF00000000
CAN-RX can0 02000000#0000
CAN-RX can0 02000000#0000
CAN-RX can0 790#CF80000020000000
CAN-RX can0 08300103#0800
CAN-RX can0 02000000#0000
CAN-RX can0 03C30F0F#87878787878787
CAN-RX can0 02000000#0000
CAN-RX can0 02000000#0000
CAN-RX can0 08300103#0500
CAN-RX can0 00E#6E4621DF00000000
CAN-RX can0 02000000#0000
CAN-RX can0 02000000#0000
CAN-RX can0 08300103#1100
CAN-RX can0 02000000#0000
CAN-RX can0 02000000#0000
CAN-RX can0 14300200#0000
CAN-RX can0 02000000#0000
CAN-RX can0 08300103#0000
CAN-RX can0 00E#6E4621DF00000000
CAN-RX can0 02000000#0000
CAN-RX can0 02000000#0000
CAN-RX can0 08300103#0D00
CAN-RX can0 02000000#0000
CAN-RX can0 03C30F0F#87878787878787
CAN-RX can0 02000000#0000
CAN-RX can0 02000000#0000
CAN-RX can0 08300103#0C00
CAN-RX can0 00E#6E4621DF00000000
CAN-RX can0 02000000#0000
CAN-RX can0 02000000#0000
CAN-TX can0 78F#208000001F000000
CAN-RX can0 790#CF80000020000000
CAN-RX can0 0C140300#C2
CAN-RX can0 08300103#F8FF
CAN-RX can0 02000000#0000
CAN-RX can0 02000000#0000
CAN-RX can0 02000000#0000
CAN-RX can0 08300103#FEFF
CAN-RX can0 00E#6E4621DF00000000
CAN-RX can0 02000000#0000
CAN-RX can0 02000000#0000
CAN-RX can0 08300103#0100
CAN-RX can0 02000000#0000
CAN-RX can0 03C30F0F#87878787878787
CAN-RX can0 140C0201#0000
CAN-RX can0 02000000#0000
CAN-RX can0 02000000#0000
CAN-RX can0 08300103#0900
CAN-RX can0 00E#6E4621DF00000000
CAN-RX can0 02000000#0000
CAN-RX can0 02000000#0000
CAN-RX can0 08300103#0600
CAN-RX can0 02000000#0000
CAN-RX can0 02000000#0000
CAN-RX can0 02000000#0000
CAN-RX can0 08300103#0200
CAN-RX can0 0C140200#C0
CAN-RX can0 00E#6E4621DF00000000
CAN-RX can0 02000000#0000
CAN-TX can0 78F#208000001F000000
CAN-RX can0 02000000#0000
CAN-RX can0 790#CF80000020000000
CAN-RX can0 08300103#0A00
CAN-RX can0 02000000#0000
CAN-RX can0 03C30F0F#87878787878787
CAN-RX can0 02000000#0000
CAN-RX can0 14300200#0000
CAN-RX can0 02000000#0000
CAN-RX can0 00E#6E4621DF00000000
CAN-RX can0 02000000#0000
CAN-RX can0 02000000#0000
CAN-RX can0 02000000#0000
CAN-RX can0 02000000#0000
CAN-RX can0 02000000#0000
CAN-RX can0 0C140200#C1
CAN-RX can0 1C300204#9AE505009AE50500
CAN-RX can0 00E#6E4621DF00000000
CAN-RX can0 02000000#0000
CAN-RX can0 02000000#0000
CAN-RX can0 08300103#0200
CAN-RX can0 02000000#0000
CAN-RX can0 03C30F0F#87878787878787
CAN-RX can0 02000000#0000
CAN-RX can0 02000000#0000
CAN-RX can0 08300103#0100
CAN-RX can0 00E#6E4621DF00000000
CAN-RX can0 02000000#0000
CAN-TX can0 78F#208000001F000000
CAN-RX can0 02000000#0000
CAN-RX can0 790#CF80000020000000
CAN-RX can0 08300103#0200
CAN-RX can0 02000000#0000
CAN-RX can0 140C0201#0000
CAN-RX can0 02000000#0000
CAN-RX can0 02000000#0000
CAN-RX can0 08300103#F7FF
CAN-RX can0 00E#6E4621DF00000000
CAN-RX can0 02000000#0000
CAN-RX can0 02000000#0000
CAN-RX can0 08300103#0300
CAN-RX can0 02000000#0000
CAN-RX can0 03C30F0F#87878787878787
CAN-RX can0 02000000#0000
CAN-RX can0 02000000#0000
CAN-RX can0 08300103#FFFF
CAN-RX can0 00E#6E4621DF00000000
CAN-RX can0 02000000#0000
CAN-RX can0 02000000#0000
CAN-RX can0 08300103#FEFF
CAN-RX can0 02000000#0000
CAN-RX can0 02000000#0000
CAN-RX can0 14300200#0000
CAN-TX can0 78F#208000001F000000
CAN-RX can0 02000000#0000
CAN-RX can0 08300103#0000
CAN-RX can0 00E#6E4621DF00000000
CAN-RX can0 02000000#0000
CAN-RX can0 02000000#0000
CAN-RX can0 790#CF80000020000000
CAN-RX can0 08300103#0C00
CAN-RX can0 02000000#0000
CAN-RX can0 03C30F0F#87878787878787
CAN-RX can0 1C0C0200#1E
CAN-RX can0 02000000#0000
CAN-RX can0 02000000#0000
CAN-RX can0 08300103#1100
CAN-RX can0 00E#6E4621DF00000000
CAN-RX can0 1C2C0000#2E2216880A1A
CAN-RX can0 02000000#0000
CAN-RX can0 02000000#0000
CAN-RX can0 08300103#FAFF
CAN-RX can0 02000000#0000
CAN-RX can0 02000000#0000
CAN-RX can0 02000000#0000
CAN-RX can0 08300103#0400
CAN-RX can0 00E#6E4621DF00000000
CAN-RX can0 02000000#0000
CAN-RX can0 02000000#0000
CAN-RX can0 08300103#1300
CAN-RX can0 02000000#0000
CAN-RX can0 03C30F0F#87878787878787
CAN-RX can0 140C0201#0000
CAN-RX can0 02000000#0000
CAN-RX can0 02000000#0000
CAN-RX can0 08300103#0400
CAN-RX can0 00E#6E4621DF00000000
CAN-RX can0 02000000#0000
CAN-TX can0 78F#208000001F000000
CAN-RX can0 02000000#0000
CAN-RX can0 790#CF80000020000000
CAN-RX can0 08300103#1600
CAN-RX can0 02000000#0000
CAN-RX can0 02000000#0000
CAN-RX can0 02000000#0000
CAN-RX can0 08300103#0500
CAN-RX can0 00E#6E4621DF00000000
CAN-RX can0 02000000#0000
CAN-RX can0 02000000#0000
CAN-RX can0 08300103#0700
CAN-RX can0 02000000#0000
CAN-RX can0 03C30F0F#87878787878787
CAN-RX can0 02000000#0000
CAN-RX can0 14300200#0000
CAN-RX can0 02000000#0000
CAN-RX can0 08300103#FAFF
CAN-RX can0 00E#6E4621DF00000000
CAN-RX can0 02000000#0000
CAN-RX can0 02000000#0000
CAN-RX can0 08300103#0500
CAN-RX can0 02000000#0000
CAN-RX can0 02000000#0000
CAN-RX can0 02000000#0000
CAN-RX can0 08300103#0400
CAN-RX can0 00E#6E4621DF00000000
CAN-RX can0 02000000#0000
CAN-TX can0 78F#208000001F000000
CAN-RX can0 02000000#0000
CAN-RX can0 790#CF80000020000000
CAN-RX can0 08300103#F7FF
CAN-RX can0 02000000#0000
CAN-RX can0 03C30F0F#87878787878787
CAN-RX can0 02000000#0000
CAN-RX can0 02000000#0000
CAN-RX can0 08300103#0000
CAN-RX can0 00E#6E4621DF00000000
CAN-RX can0 02000000#0000
CAN-RX can0 02000000#0000
CAN-RX can0 08300103#0300
CAN-RX can0 02000000#0000
CAN-RX can0 140C0201#0000
CAN-RX can0 02000000#0000
CAN-RX can0 02000000#0000
CAN-RX can0 08300103#0100
CAN-RX can0 00E#6E4621DF00000000
CAN-RX can0 02000000#0000
CAN-RX can0 02000000#0000
CAN-RX can0 08300103#F9FF
CAN-RX can0 02000000#0000
CAN-RX can0 03C30F0F#87878787878787
CAN-RX can0 02000000#0000
CAN-RX can0 02000000#0000
CAN-RX can0 08300103#0B00
CAN-RX can0 00E#6E4621DF00000000
CAN-RX can0 02000000#0000
CAN-TX can0 78F#208000001F000000
CAN-RX can0 02000000#0000
CAN-RX can0 790#CF80000020000000
CAN-RX can0 08300103#0900
CAN-RX can0 02000000#0000
CAN-RX can0 02000000#0000
CAN-RX can0 14300200#0000
CAN-RX can0 02000000#0000
CAN-RX can0 08300103#0800
CAN-RX can0 00E#6E4621DF00000000
CAN-RX can0 02000000#0000
CAN-RX can0 02000000#0000
CAN-RX can0 08300103#0500
CAN-RX can0 02000000#0000
CAN-RX can0 03C30F0F#87878787878787
CAN-RX can0 02000000#0000
CAN-RX can0 02000000#0000
CAN-RX can0 08300103#0700
CAN-RX can0 00E#6E4621DF00000000
CAN-RX can0 02000000#0000
CAN-RX can0 02000000#0000
CAN-RX can0 08300103#0100
CAN-RX can0 0C140300#C2
CAN-RX can0 02000000#0000
CAN-RX can0 02000000#0000
CAN-TX can0 78F#208000001F000000
CAN-RX can0 02000000#0000
CAN-RX can0 08300103#0B00
CAN-RX can0 00E#6E4621DF00000000
CAN-RX can0 02000000#0000
CAN-RX can0 790#CF80000020000000
CAN-RX can0 02000000#0000
CAN-RX can0 08300103#0700
CAN-RX can0 02000000#0000
CAN-RX can0 03C30F0F#87878787878787
CAN-RX can0 140C0201#0000
CAN-RX can0 02000000#0000
CAN-RX can0 02000000#0000
CAN-RX can0 08300103#0700
CAN-RX can0 00E#6E4621DF00000000
CAN-RX can0 02000000#0000
CAN-RX can0 02000000#0000
CAN-RX can0 08300103#1300
CAN-RX can0 02000000#0000
CAN-RX can0 02000000#0000
CAN-RX can0 02000000#0000
CAN-RX can0 08300103#FBFF
CAN-RX can0 0C140200#C0
CAN-RX can0 00E#6E4621DF00000000
CAN-RX can0 02000000#0000
CAN-RX can0 02000000#0000
CAN-RX can0 08300103#0300
CAN-RX can0 02000000#0000
CAN-RX can0 03C30F0F#87878787878787
CAN-RX can0 02000000#0000
CAN-RX can0 14300200#0000
CAN-TX can0 78F#208000001F000000
CAN-RX can0 02000000#0000
CAN-RX can0 00E#6E4621DF00000000
CAN-RX can0 02000000#0000
CAN-RX can0 790#CF80000020000000
CAN-RX can0 02000000#0000
CAN-RX can0 02000000#0000
CAN-RX can0 02000000#0000
CAN-RX can0 02000000#0000
CAN-RX can0 0C140200#C1
CAN-RX can0 00E#6E4621DF00000000
CAN-RX can0 02000000#0000
CAN-RX can0 1C300204#9AE505009AE50500
CAN-RX can0 02000000#0000
CAN-RX can0 08300103#0D00
CAN-RX can0 02000000#0000
CAN-RX can0 03C30F0F#87878787878787
CAN-RX can0 02000000#0000
CAN-RX can0 08300103#0700
CAN-RX can0 02000000#0000
CAN-RX can0 00E#6E4621DF00000000
CAN-RX can0 02000000#0000
CAN-RX can0 02000000#0000
CAN-RX can0 08300103#0B00
CAN-RX can0 02000000#0000
CAN-RX can0 140C0201#0000
CAN-RX can0 02000000#0000
CAN-RX can0 08300103#0600
CAN-RX can0 02000000#0000
CAN-RX can0 00E#6E4621DF00000000
CAN-RX can0 02000000#0000
CAN-TX can0 78F#208000001F000000
CAN-RX can0 790#CF80000020000000
CAN-RX can0 02000000#0000
CAN-RX can0 08300103#0300
CAN-RX can0 02000000#0000
CAN-RX can0 03C30F0F#87878787878787
CAN-RX can0 02000000#0000
CAN-RX can0 08300103#0200
CAN-RX can0 02000000#0000
CAN-RX can0 00E#6E4621DF00000000
CAN-RX can0 02000000#0000
CAN-RX can0 02000000#0000
CAN-RX can0 08300103#FFFF
CAN-RX can0 02000000#0000
CAN-RX can0 02000000#0000
CAN-RX can0 14300200#0000
CAN-RX can0 08300103#FBFF
CAN-RX can0 02000000#0000
CAN-RX can0 00E#6E4621DF00000000
CAN-RX can0 02000000#0000
CAN-RX can0 02000000#0000
CAN-RX can0 08300103#0C00
CAN-RX can0 02000000#0000
CAN-RX can0 03C30F0F#87878787878787
CAN-RX can0 1C0C0200#1E
CAN-RX can0 02000000#0000
CAN-TX can0 78F#208000001F000000
CAN-RX can0 08300103#0000
CAN-RX can0 02000000#0000
CAN-RX can0 00E#6E4621DF00000000
CAN-RX can0 1C2C0000#2F2216880A1A
CAN-RX can0 02000000#0000
CAN-RX can0 790#CF80000020000000
CAN-RX can0 02000000#0000
CAN-RX can0 08300103#0500
CAN-RX can0 02000000#0000
CAN-RX can0 02000000#0000
CAN-RX can0 08300103#1100
CAN-RX can0 02000000#0000
CAN-RX can0 00E#6E4621DF00000000
CAN-RX can0 02000000#0000
CAN-RX can0 02000000#0000
CAN-RX can0 08300103#0B00
CAN-RX can0 02000000#0000
CAN-RX can0 03C30F0F#87878787878787
CAN-RX can0 140C0201#0000
CAN-RX can0 02000000#0000
CAN-RX can0 08300103#F9FF
CAN-RX can0 02000000#0000
CAN-RX can0 00E#6E4621DF00000000
CAN-RX can0 02000000#0000
CAN-RX can0 02000000#0000
CAN-RX can0 08300103#0900
CAN-RX can0 02000000#0000
CAN-RX can0 02000000#0000
CAN-TX can0 78F#208000001F000000
CAN-RX can0 08300103#F6FF
CAN-RX can0 02000000#0000
CAN-RX can0 00E#6E4621DF00000000
CAN-RX can0 02000000#0000
CAN-RX can0 790#CF80000020000000
CAN-RX can0 02000000#0000
CAN-RX can0 08300103#0D00
CAN-RX can0 02000000#0000
CAN-RX can0 03C30F0F#87878787878787
CAN-RX can0 02000000#0000
CAN-RX can0 14300200#0000
CAN-RX can0 08300103#0400
CAN-RX can0 02000000#0000
CAN-RX can0 00E#6E4621DF00000000
CAN-RX can0 02000000#0000
CAN-RX can0 02000000#0000
CAN-RX can0 08300103#0800
CAN-RX can0 02000000#0000
CAN-RX can0 02000000#0000
CAN-RX can0 08300103#0100
CAN-RX can0 02000000#0000
CAN-RX can0 00E#6E4621DF00000000
CAN-RX can0 02000000#0000
CAN-RX can0 02000000#0000
CAN-RX can0 08300103#0000
CAN-RX can0 02000000#0000
CAN-RX can0 03C30F0F#87878787878787
CAN-RX can0 02000000#0000
CAN-RX can0 08300103#0600
CAN-RX can0 02000000#0000
CAN-RX can0 00E#6E4621DF00000000
CAN-TX can0 78F#208000001F000000
CAN-RX can0 02000000#0000
CAN-RX can0 790#CF80000020000000
CAN-RX can0 02000000#0000
CAN-RX can0 08300103#0500
CAN-RX can0 02000000#0000
CAN-RX can0 140C0201#0000
CAN-RX can0 02000000#0000
CAN-RX can0 08300103#0100
CAN-RX can0 02000000#0000
CAN-RX can0 00E#6E4621DF00000000
CAN-RX can0 02000000#0000
CAN-RX can0 02000000#0000
CAN-RX can0 08300103#1700
CAN-RX can0 02000000#0000
CAN-RX can0 03C30F0F#87878787878787
CAN-RX can0 02000000#0000
CAN-RX can0 08300103#FDFF
CAN-RX can0 02000000#0000
CAN-RX can0 00E#6E4621DF00000000
CAN-RX can0 02000000#0000
CAN-RX can0 02000000#0000
CAN-RX can0 08300103#0600
CAN-RX can0 02000000#0000
CAN-RX can0 02000000#0000
CAN-RX can0 14300200#0000
CAN-RX can0 08300103#0000
CAN-RX can0 02000000#0000
CAN-RX can0 00E#6E4621DF00000000
CAN-TX can0 78F#208000001F000000
CAN-RX can0 02000000#0000
CAN-RX can0 790#CF80000020000000
CAN-RX can0 02000000#0000
CAN-RX can0 08300103#FCFF
CAN-RX can0 02000000#0000
CAN-RX can0 03C30F0F#87878787878787
CAN-RX can0 02000000#0000
CAN-RX can0 08300103#FEFF
CAN-RX can0 02000000#0000
CAN-RX can0 00E#6E4621DF00000000
CAN-RX can0 02000000#0000
CAN-RX can0 02000000#0000
CAN-RX can0 08300103#0400
CAN-RX can0 0C140300#C2
CAN-RX can0 02000000#0000
CAN-RX can0 02000000#0000
CAN-RX can0 08300103#F7FF
CAN-RX can0 02000000#0000
CAN-RX can0 00E#6E4621DF00000000
CAN-RX can0 02000000#0000
CAN-RX can0 02000000#0000
CAN-RX can0 08300103#FFFF
CAN-RX can0 02000000#0000
CAN-RX can0 03C30F0F#87878787878787
CAN-RX can0 140C0201#0000
CAN-TX can0 78F#208000001F000000
CAN-RX can0 02000000#0000
CAN-RX can0 08300103#0000
CAN-RX can0 02000000#0000
CAN-RX can0 00E#6E4621DF00000000
CAN-RX can0 02000000#0000
CAN-RX can0 790#CF80000020000000
CAN-RX can0 02000000#0000
CAN-RX can0 08300103#0B00
CAN-RX can0 02000000#0000
CAN-RX can0 02000000#0000
CAN-RX can0 08300103#FDFF
CAN-RX can0 02000000#0000
CAN-RX can0 0C140200#C0
CAN-RX can0 00E#6E4621DF00000000
CAN-RX can0 02000000#0000
CAN-RX can0 02000000#0000
CAN-RX can0 08300103#0D00
CAN-RX can0 02000000#0000
CAN-RX can0 03C30F0F#87878787878787
CAN-RX can0 02000000#0000
CAN-RX can0 14300200#0000
CAN-RX can0 02000000#0000
CAN-RX can0 00E#6E4621DF00000000
CAN-RX can0 02000000#0000
CAN-RX can0 02000000#0000
CAN-RX can0 02000000#0000
CAN-RX can0 02000000#0000
CAN-TX can0 78F#208000001F000000
CAN-RX can0 02000000#0000
CAN-RX can0 0C140200#C1
CAN-RX can0 00E#6E4621DF00000000
CAN-RX can0 02000000#0000
CAN-RX can0 790#CF80000020000000
CAN-RX can0 02000000#0000
CAN-RX can0 08300103#0800
CAN-RX can0 1C300204#9AE505009AE50500
CAN-RX can0 02000000#0000
CAN-RX can0 03C30F0F#87878787878787
CAN-RX can0 02000000#0000
CAN-RX can0 08300103#FCFF
CAN-RX can0 02000000#0000
CAN-RX can0 00E#6E4621DF00000000
CAN-RX can0 02000000#0000
CAN-RX can0 02000000#0000
CAN-RX can0 08300103#1200
CAN-RX can0 02000000#0000
CAN-RX can0 140C0201#0000
CAN-RX can0 02000000#0000
CAN-RX can0 08300103#0800
CAN-RX can0 02000000#0000
CAN-RX can0 00E#6E4621DF00000000
CAN-RX can0 02000000#0000
CAN-RX can0 02000000#0000
CAN-RX can0 08300103#1600
CAN-RX can0 02000000#0000
CAN-RX can0 03C30F0F#87878787878787
CAN-RX can0 02000000#0000
CAN-TX can0 78F#208000001F000000
CAN-RX can0 08300103#0800
CAN-RX can0 02000000#0000
CAN-RX can0 00E#6E4621DF00000000
CAN-RX can0 02000000#0000
CAN-RX can0 790#CF80000020000000
CAN-RX can0 02000000#0000
CAN-RX can0 08300103#0400
CAN-RX can0 02000000#0000
CAN-RX can0 02000000#0000
CAN-RX can0 14300200#0000
CAN-RX can0 08300103#EFFF
CAN-RX can0 02000000#0000
CAN-RX can0 00E#6E4621DF00000000
CAN-RX can0 02000000#0000
CAN-RX can0 02000000#0000
CAN-RX can0 08300103#EEFF
CAN-RX can0 02000000#0000
CAN-RX can0 03C30F0F#87878787878787
CAN-RX can0 1C0C0200#1E
CAN-RX can0 02000000#0000
CAN-RX can0 08300103#F9FF
CAN-RX can0 02000000#0000
CAN-RX can0 00E#6E4621DF00000000
CAN-RX can0 1C2C0000#302216880A1A
CAN-RX can0 02000000#0000
CAN-RX can0 02000000#0000
CAN-RX can0 08300103#0000
CAN-RX can0 02000000#0000
CAN-RX can0 02000000#0000
CAN-TX can0 78F#208000001F000000
CAN-RX can0 08300103#0F00
CAN-RX can0 02000000#0000
CAN-RX can0 790#CF80000020000000
CAN-RX can0 00E#6E4621DF00000000
CAN-RX can0 02000000#0000
CAN-RX can0 02000000#0000
CAN-RX can0 08300103#FCFF
CAN-RX can0 02000000#0000
CAN-RX can0 03C30F0F#87878787878787
CAN-RX can0 140C0201#0000
CAN-RX can0 02000000#0000
CAN-RX can0 08300103#F4FF
CAN-RX can0 02000000#0000
CAN-RX can0 00E#6E4621DF00000000
CAN-RX can0 02000000#0000
CAN-RX can0 02000000#0000
CAN-RX can0 08300103#0700
CAN-RX can0 02000000#0000
CAN-RX can0 02000000#0000
CAN-RX can0 08300103#0600
CAN-RX can0 02000000#0000
CAN-RX can0 00E#6E4621DF00000000
CAN-RX can0 02000000#0000
CAN-RX can0 02000000#0000
CAN-RX can0 08300103#0A00
CAN-RX can0 02000000#0000
CAN-RX can0 03C30F0F#87878787878787
CAN-RX can0 02000000#0000
CAN-RX can0 14300200#0000
CAN-RX can0 08300103#0000
CAN-RX can0 02000000#0000
CAN-RX can0 00E#6E4621DF00000000
CAN-RX can0 02000000#0000
CAN-RX can0 02000000#0000
CAN-RX can0 08300103#1300
CAN-RX can0 02000000#0000
CAN-RX can0 02000000#0000
CAN-RX can0 08300103#F8FF
CAN-RX can0 02000000#0000
CAN-RX can0 00E#6E4621DF00000000
CAN-RX can0 02000000#0000
CAN-RX can0 02000000#0000
CAN-RX can0 08300103#0F00
CAN-RX can0 02000000#0000
CAN-RX can0 03C30F0F#87878787878787
CAN-RX can0 02000000#0000
CAN-RX can0 08300103#0E00
CAN-RX can0 02000000#0000
CAN-RX can0 00E#6E4621DF00000000
CAN-RX can0 02000000#0000
CAN-RX can0 02000000#0000
CAN-RX can0 08300103#0900
CAN-RX can0 02000000#0000
CAN-RX can0 140C0201#0000
CAN-RX can0 02000000#0000
CAN-RX can0 08300103#0E00
CAN-RX can0 02000000#0000
CAN-RX can0 00E#6E4621DF00000000
CAN-RX can0 02000000#0000
CAN-RX can0 02000000#0000
CAN-RX can0 08300103#0B00
CAN-RX can0 02000000#0000
CAN-RX can0 03C30F0F#87878787878787
CAN-RX can0 02000000#0000
CAN-RX can0 08300103#0800
CAN-RX can0 02000000#0000
CAN-RX can0 00E#6E4621DF00000000
CAN-RX can0 02000000#0000
CAN-RX can0 02000000#0000
CAN-RX can0 08300103#FFFF
CAN-RX can0 02000000#0000
CAN-RX can0 02000000#0000
CAN-RX can0 14300200#0000
CAN-RX can0 08300103#F7FF
CAN-RX can0 02000000#0000
CAN-RX can0 00E#6E4621DF00000000
CAN-RX can0 02000000#0000
CAN-RX can0 02000000#0000
CAN-RX can0 08300103#0500
CAN-RX can0 02000000#0000
CAN-RX can0 03C30F0F#87878787878787
CAN-TX can0 78F#208000001F000000
CAN-RX can0 02000000#0000
CAN-RX can0 08300103#0900
CAN-RX can0 02000000#0000
CAN-RX can0 790#CF80000020000000
CAN-RX can0 00E#6E4621DF00000000
CAN-RX can0 02000000#0000
CAN-RX can0 02000000#0000
CAN-RX can0 08300103#0800
CAN-RX can0 0C140300#C2
CAN-RX can0 02000000#0000
CAN-RX can0 02000000#0000
CAN-RX can0 08300103#FAFF
CAN-RX can0 02000000#0000
CAN-RX can0 00E#6E4621DF00000000
CAN-RX can0 02000000#0000
CAN-RX can0 02000000#0000
CAN-RX can0 08300103#0000
CAN-RX can0 02000000#0000
CAN-RX can0 03C30F0F#87878787878787
CAN-RX can0 140C0201#0000
CAN-RX can0 02000000#0000
CAN-RX can0 08300103#0400
CAN-RX can0 02000000#0000
CAN-RX can0 00E#6E4621DF00000000
CAN-RX can0 02000000#0000
CAN-RX can0 02000000#0000
CAN-RX can0 08300103#0000
CAN-RX can0 02000000#0000
CAN-TX can0 78F#208000001F000000
CAN-RX can0 02000000#0000
CAN-RX can0 790#CF80000020000000
CAN-RX can0 08300103#0A00
CAN-RX can0 02000000#0000
CAN-RX can0 0C140200#C0
CAN-RX can0 00E#6E4621DF00000000
CAN-RX can0 02000000#0000
CAN-RX can0 08300103#FCFF
CAN-RX can0 02000000#0000
CAN-RX can0 02000000#0000
CAN-RX can0 03C30F0F#87878787878787
CAN-RX can0 02000000#0000
CAN-RX can0 14300200#0000
CAN-RX can0 02000000#0000
CAN-RX can0 00E#6E4621DF00000000
CAN-RX can0 02000000#0000
CAN-RX can0 02000000#0000
CAN-RX can0 02000000#0000
CAN-RX can0 02000000#0000
CAN-RX can0 02000000#0000
CAN-RX can0 0C140200#C1
CAN-RX can0 00E#6E4621DF00000000
CAN-RX can0 02000000#0000
CAN-RX can0 08300103#0100
CAN-RX can0 02000000#0000
CAN-RX can0 02000000#0000
CAN-RX can0 03C30F0F#87878787878787
CAN-RX can0 1C300204#9AE505009AE50500
CAN-TX can0 78F#208000001F000000
CAN-RX can0 02000000#0000
CAN-RX can0 790#CF80000020000000
CAN-RX can0 08300103#1100
CAN-RX can0 02000000#0000
CAN-RX can0 00E#6E4621DF00000000
CAN-RX can0 02000000#0000
CAN-RX can0 08300103#F9FF
CAN-RX can0 02000000#0000
CAN-RX can0 02000000#0000
CAN-RX can0 140C0201#0000
CAN-RX can0 02000000#0000
CAN-RX can0 08300103#F5FF
CAN-RX can0 02000000#0000
CAN-RX can0 00E#6E4621DF00000000
CAN-RX can0 02000000#0000
CAN-RX can0 08300103#0200
CAN-RX can0 02000000#0000
CAN-RX can0 02000000#0000
CAN-RX can0 03C30F0F#87878787878787
CAN-RX can0 02000000#0000
CAN-RX can0 08300103#FFFF
CAN-RX can0 02000000#0000
CAN-RX can0 00E#6E4621DF00000000
CAN-RX can0 02000000#0000
CAN-RX can0 08300103#0100
CAN-RX can0 02000000#0000
CAN-RX can0 02000000#0000
CAN-TX can0 78F#208000001F000000
CAN-RX can0 02000000#0000
CAN-RX can0 790#CF80000020000000
CAN-RX can0 14300200#0000
CAN-RX can0 08300103#FBFF
CAN-RX can0 02000000#0000
CAN-RX can0 00E#6E4621DF00000000
CAN-RX can0 02000000#0000
CAN-RX can0 08300103#0000
CAN-RX can0 02000000#0000
CAN-RX can0 02000000#0000
CAN-RX can0 03C30F0F#87878787878787
CAN-RX can0 1C0C0200#1E
CAN-RX can0 02000000#0000
CAN-RX can0 08300103#0400
CAN-RX can0 02000000#0000
CAN-RX can0 00E#6E4621DF00000000
CAN-RX can0 1C2C0000#312216880A1A
CAN-RX can0 02000000#0000
CAN-RX can0 08300103#0100
CAN-RX can0 02000000#0000
CAN-RX can0 02000000#0000
CAN-RX can0 02000000#0000
CAN-RX can0 08300103#0100
CAN-RX can0 02000000#0000
CAN-RX can0 00E#6E4621DF00000000
CAN-RX can0 02000000#0000
CAN-RX can0 08300103#0500
CAN-RX can0 02000000#0000
CAN-RX can0 02000000#0000
CAN-RX can0 03C30F0F#87878787878787
CAN-TX can0 78F#208000001F000000
CAN-RX can0 140C0201#0000
CAN-RX can0 790#CF80000020000000
CAN-RX can0 02000000#0000
CAN-RX can0 08300103#F4FF
CAN-RX can0 02000000#0000
CAN-RX can0 00E#6E4621DF00000000
CAN-RX can0 02000000#0000
CAN-RX can0 08300103#FAFF
CAN-RX can0 02000000#0000
CAN-RX can0 02000000#0000
CAN-RX can0 02000000#0000
CAN-RX can0 08300103#F0FF
CAN-RX can0 02000000#0000
CAN-RX can0 00E#6E4621DF00000000
CAN-RX can0 02000000#0000
CAN-RX can0 08300103#F6FF
CAN-RX can0 02000000#0000
CAN-RX can0 02000000#0000
CAN-RX can0 03C30F0F#87878787878787
CAN-RX can0 02000000#0000
CAN-RX can0 14300200#0000
CAN-RX can0 08300103#0600
CAN-RX can0 02000000#0000
CAN-RX can0 00E#6E4621DF00000000
CAN-RX can0 02000000#0000
CAN-RX can0 08300103#0C00
CAN-RX can0 02000000#0000
CAN-RX can0 02000000#0000
CAN-TX can0 78F#208000001F000000
CAN-RX can0 790#CF80000020000000
CAN-RX can0 02000000#0000
CAN-RX can0 08300103#0100
CAN-RX can0 02000000#0000
CAN-RX can0 00E#6E4621DF00000000
CAN-RX can0 02000000#0000
CAN-RX can0 08300103#0500
CAN-RX can0 02000000#0000
CAN-RX can0 02000000#0000
CAN-RX can0 03C30F0F#87878787878787
CAN-RX can0 02000000#0000
CAN-RX can0 08300103#0B00
CAN-RX can0 02000000#0000
CAN-RX can0 00E#6E4621DF00000000
CAN-RX can0 02000000#0000
CAN-RX can0 08300103#0000
CAN-RX can0 02000000#0000
CAN-RX can0 02000000#0000
CAN-RX can0 140C0201#0000
CAN-RX can0 02000000#0000
CAN-RX can0 08300103#0000
CAN-RX can0 02000000#0000
CAN-RX can0 00E#6E4621DF00000000
CAN-RX can0 02000000#0000
CAN-RX can0 08300103#0000
CAN-RX can0 02000000#0000
CAN-RX can0 02000000#0000
CAN-RX can0 03C30F0F#87878787878787
CAN-TX can0 78F#208000001F000000
CAN-RX can0 790#CF80000020000000
CAN-RX can0 02000000#0000
CAN-RX can0 08300103#0600
CAN-RX can0 02000000#0000
CAN-RX can0 00E#6E4621DF00000000
CAN-RX can0 02000000#0000
CAN-RX can0 08300103#0000
CAN-RX can0 02000000#0000
CAN-RX can0 02000000#0000
CAN-RX can0 02000000#0000
CAN-RX can0 08300103#0100
CAN-RX can0 14300200#0000
CAN-RX can0 02000000#0000
CAN-RX can0 00E#6E4621DF00000000
CAN-RX can0 02000000#0000
CAN-RX can0 08300103#F8FF
CAN-RX can0 02000000#0000
CAN-RX can0 02000000#0000
CAN-RX can0 03C30F0F#87878787878787
CAN-RX can0 02000000#0000
CAN-RX can0 08300103#0300
CAN-RX can0 02000000#0000
CAN-RX can0 00E#6E4621DF00000000
CAN-RX can0 02000000#0000
CAN-RX can0 08300103#F8FF
CAN-RX can0 02000000#0000
CAN-RX can0 0C140300#C2
CAN-RX can0 02000000#0000
CAN-RX can0 02000000#0000
CAN-RX can0 08300103#0400
CAN-RX can0 02000000#0000
CAN-TX can0 78F#208000001F000000
CAN-RX can0 00E#6E4621DF00000000
CAN-RX can0 790#CF80000020000000
CAN-RX can0 02000000#0000
CAN-RX can0 08300103#0000
CAN-RX can0 02000000#0000
CAN-RX can0 02000000#0000
CAN-RX can0 03C30F0F#87878787878787
CAN-RX can0 140C0201#0000
CAN-RX can0 02000000#0000
CAN-RX can0 08300103#0100
CAN-RX can0 02000000#0000
CAN-RX can0 00E#6E4621DF00000000
CAN-RX can0 02000000#0000
CAN-RX can0 08300103#0600
CAN-RX can0 02000000#0000
CAN-RX can0 02000000#0000
CAN-RX can0 02000000#0000
CAN-RX can0 08300103#FEFF
CAN-RX can0 02000000#0000
CAN-RX can0 0C140200#C0
CAN-RX can0 00E#6E4621DF00000000
CAN-RX can0 02000000#0000
CAN-RX can0 08300103#0000
CAN-RX can0 02000000#0000
CAN-RX can0 02000000#0000
CAN-RX can0 03C30F0F#87878787878787
CAN-RX can0 02000000#0000
CAN-RX can0 14300200#0000
CAN-TX can0 78F#208000001F000000
CAN-RX can0 02000000#0000
CAN-RX can0 00E#6E4621DF00000000
CAN-RX can0 790#CF80000020000000
CAN-RX can0 02000000#0000
CAN-RX can0 02000000#0000
CAN-RX can0 02000000#0000
CAN-RX can0 02000000#0000
CAN-RX can0 02000000#0000
CAN-RX can0 0C140200#C1
CAN-RX can0 00E#6E4621DF00000000
CAN-RX can0 02000000#0000
CAN-RX can0 08300103#0600
CAN-RX can0 02000000#0000
CAN-RX can0 02000000#0000
CAN-RX can0 03C30F0F#87878787878787
CAN-RX can0 02000000#0000
CAN-RX can0 08300103#0200
CAN-RX can0 1C300204#9AE505009AE50500
CAN-RX can0 02000000#0000
CAN-RX can0 00E#6E4621DF00000000
CAN-RX can0 02000000#0000
CAN-RX can0 08300103#0800
CAN-RX can0 02000000#0000
CAN-RX can0 02000000#0000
CAN-RX can0 140C0201#0000
CAN-RX can0 02000000#0000
CAN-RX can0 08300103#1000
CAN-TX can0 78F#208000001F000000
CAN-RX can0 02000000#0000
CAN-RX can0 790#CF80000020000000
CAN-RX can0 00E#6E4621DF00000000
CAN-RX can0 02000000#0000
CAN-RX can0 08300103#0A00
CAN-RX can0 02000000#0000
CAN-RX can0 02000000#0000
CAN-RX can0 03C30F0F#87878787878787
CAN-RX can0 02000000#0000
CAN-RX can0 08300103#FAFF
CAN-RX can0 02000000#0000
CAN-RX can0 00E#6E4621DF00000000
CAN-RX can0 02000000#0000
CAN-RX can0 08300103#1500
CAN-RX can0 02000000#0000
CAN-RX can0 02000000#0000
CAN-RX can0 02000000#0000
CAN-RX can0 08300103#0300
CAN-RX can0 14300200#0000
CAN-RX can0 02000000#0000
CAN-RX can0 00E#6E4621DF00000000
CAN-RX can0 02000000#0000
CAN-RX can0 08300103#0700
CAN-RX can0 02000000#0000
CAN-RX can0 02000000#0000
CAN-TX can0 78F#208000001F000000
CAN-RX can0 03C30F0F#87878787878787
CAN-RX can0 1C0C0200#1E
CAN-RX can0 02000000#0000
CAN-RX can0 08300103#0C00
CAN-RX can0 02000000#0000
CAN-RX can0 790#CF80000020000000
CAN-RX can0 00E#6E4621DF00000000
CAN-RX can0 1C2C0000#322216880A1A
CAN-RX can0 02000000#0000
CAN-RX can0 08300103#FFFF
CAN-RX can0 02000000#0000
CAN-RX can0 02000000#0000
CAN-RX can0 02000000#0000
CAN-RX can0 08300103#F9FF
CAN-RX can0 02000000#0000
CAN-RX can0 00E#6E4621DF00000000
CAN-RX can0 02000000#0000
CAN-RX can0 08300103#1000
CAN-RX can0 02000000#0000
CAN-RX can0 02000000#0000
CAN-RX can0 03C30F0F#87878787878787
CAN-RX can0 140C0201#0000
CAN-RX can0 02000000#0000
CAN-RX can0 08300103#F8FF
CAN-RX can0 02000000#0000
CAN-RX can0 00E#6E4621DF00000000
CAN-RX can0 02000000#0000
CAN-RX can0 08300103#0200
CAN-RX can0 02000000#0000
CAN-RX can0 02000000#0000
CAN-TX can0 78F#208000001F000000
CAN-RX can0 02000000#0000
CAN-RX can0 08300103#0100
CAN-RX can0 02000000#0000
CAN-RX can0 790#CF80000020000000
CAN-RX can0 00E#6E4621DF00000000
CAN-RX can0 02000000#0000
CAN-RX can0 08300103#0000
CAN-RX can0 02000000#0000
CAN-RX can0 02000000#0000
CAN-RX can0 03C30F0F#87878787878787
CAN-RX can0 02000000#0000
CAN-RX can0 08300103#0900
CAN-RX can0 14300200#0000
CAN-RX can0 02000000#0000
CAN-RX can0 00E#6E4621DF00000000
CAN-RX can0 02000000#0000
CAN-RX can0 08300103#FBFF
CAN-RX can0 02000000#0000
CAN-RX can0 02000000#0000
CAN-RX can0 02000000#0000
CAN-RX can0 08300103#F4FF
CAN-RX can0 02000000#0000
CAN-RX can0 00E#6E4621DF00000000
CAN-RX can0 02000000#0000
CAN-RX can0 08300103#1200
CAN-RX can0 02000000#0000
CAN-TX can0 78F#208000001F000000
CAN-RX can0 02000000#0000
CAN-RX can0 03C30F0F#87878787878787
CAN-RX can0 790#CF80000020000000
CAN-RX can0 02000000#0000
CAN-RX can0 08300103#0600
CAN-RX can0 02000000#0000
CAN-RX can0 00E#6E4621DF00000000
CAN-RX can0 02000000#0000
CAN-RX can0 08300103#FCFF
CAN-RX can0 02000000#0000
CAN-RX can0 02000000#0000
CAN-RX can0 140C0201#0000
CAN-RX can0 02000000#0000
CAN-RX can0 08300103#0000
CAN-RX can0 02000000#0000
CAN-RX can0 00E#6E4621DF00000000
CAN-RX can0 02000000#0000
CAN-RX can0 08300103#0E00
CAN-RX can0 02000000#0000
CAN-RX can0 02000000#0000
CAN-RX can0 03C30F0F#87878787878787
CAN-RX can0 02000000#0000
CAN-RX can0 08300103#0C00
CAN-RX can0 02000000#0000
CAN-RX can0 00E#6E4621DF00000000
CAN-RX can0 02000000#0000
CAN-RX can0 08300103#0B00
CAN-RX can0 02000000#0000
CAN-TX can0 78F#208000001F000000
CAN-RX can0 02000000#0000
CAN-RX can0 790#CF80000020000000
CAN-RX can0 02000000#0000
CAN-RX can0 08300103#0800
CAN-RX can0 14300200#0000
CAN-RX can0 02000000#0000
CAN-RX can0 00E#6E4621DF00000000
CAN-RX can0 02000000#0000
CAN-RX can0 08300103#0500
CAN-RX can0 02000000#0000
CAN-RX can0 02000000#0000
CAN-RX can0 03C30F0F#87878787878787
CAN-RX can0 02000000#0000
CAN-RX can0 08300103#0100
CAN-RX can0 02000000#0000
CAN-RX can0 00E#6E4621DF00000000
CAN-RX can0 02000000#0000
CAN-RX can0 08300103#0600
CAN-RX can0 02000000#0000
CAN-RX can0 0C140300#C2
CAN-RX can0 02000000#0000
CAN-RX can0 02000000#0000
CAN-RX can0 08300103#0700
CAN-RX can0 02000000#0000
CAN-RX can0 00E#6E4621DF00000000
CAN-RX can0 02000000#0000
CAN-RX can0 08300103#0000
CAN-RX can0 02000000#0000
CAN-TX can0 78F#208000001F000000
CAN-RX can0 790#CF80000020000000
CAN-RX can0 02000000#0000
CAN-RX can0 03C30F0F#87878787878787
CAN-RX can0 140C0201#0000
CAN-RX can0 02000000#0000
CAN-RX can0 08300103#0400
CAN-RX can0 02000000#0000
CAN-RX can0 00E#6E4621DF00000000
CAN-RX can0 02000000#0000
CAN-RX can0 08300103#0200
CAN-RX can0 02000000#0000
CAN-RX can0 02000000#0000
CAN-RX can0 02000000#0000
CAN-RX can0 08300103#0400
CAN-RX can0 02000000#0000
CAN-RX can0 0C140200#C0
CAN-RX can0 00E#6E4621DF00000000
CAN-RX can0 02000000#0000
CAN-RX can0 08300103#FBFF
CAN-RX can0 02000000#0000
CAN-RX can0 02000000#0000
CAN-RX can0 03C30F0F#87878787878787
CAN-RX can0 02000000#0000
CAN-RX can0 14300200#0000
CAN-RX can0 02000000#0000
CAN-RX can0 00E#6E4621DF00000000
CAN-RX can0 02000000#0000
CAN-RX can0 02000000#0000
CAN-TX can0 78F#208000001F000000
CAN-RX can0 02000000#0000
CAN-RX can0 790#CF80000020000000
CAN-RX can0 02000000#0000
CAN-RX can0 02000000#0000
CAN-RX can0 0C140200#C1
CAN-RX can0 00E#6E4621DF00000000
CAN-RX can0 02000000#0000
CAN-RX can0 08300103#0500
CAN-RX can0 02000000#0000
CAN-RX can0 02000000#0000
CAN-RX can0 03C30F0F#87878787878787
CAN-RX can0 08300103#0000
CAN-RX can0 02000000#0000
CAN-RX can0 02000000#0000
CAN-RX can0 1C300204#9AE505009AE50500
CAN-RX can0 00E#6E4621DF00000000
CAN-RX can0 02000000#0000
CAN-RX can0 08300103#0800
CAN-RX can0 02000000#0000
CAN-RX can0 02000000#0000
CAN-RX can0 140C0201#0000
CAN-RX can0 08300103#0A00
CAN-RX can0 02000000#0000
CAN-RX can0 02000000#0000
CAN-RX can0 00E#6E4621DF00000000
CAN-RX can0 02000000#0000
CAN-RX can0 08300103#0C00
CAN-RX can0 02000000#0000
CAN-TX can0 78F#208000001F000000
CAN-RX can0 02000000#0000
CAN-RX can0 03C30F0F#87878787878787
CAN-RX can0 790#CF80000020000000
CAN-RX can0 08300103#FEFF
CAN-RX can0 02000000#0000
CAN-RX can0 02000000#0000
CAN-RX can0 00E#6E4621DF00000000
CAN-RX can0 02000000#0000
CAN-RX can0 08300103#0800
CAN-RX can0 02000000#0000
CAN-RX can0 02000000#0000
CAN-RX can0 08300103#0900
CAN-RX can0 02000000#0000
CAN-RX can0 14300200#0000
CAN-RX can0 02000000#0000
CAN-RX can0 00E#6E4621DF00000000
CAN-RX can0 02000000#0000
CAN-RX can0 08300103#FFFF
CAN-RX can0 02000000#0000
CAN-RX can0 02000000#0000
CAN-RX can0 03C30F0F#87878787878787
CAN-RX can0 1C0C0200#1E
CAN-RX can0 08300103#FBFF
CAN-RX can0 02000000#0000
CAN-RX can0 02000000#0000
CAN-RX can0 00E#6E4621DF00000000
CAN-RX can0 1C2C0000#332216880A1A
CAN-RX can0 02000000#0000
CAN-RX can0 08300103#0200
CAN-RX can0 02000000#0000
CAN-TX can0 78F#208000001F000000
CAN-RX can0 02000000#0000
CAN-RX can0 790#CF80000020000000
CAN-RX can0 08300103#0A00
CAN-RX can0 02000000#0000
CAN-RX can0 02000000#0000
CAN-RX can0 00E#6E4621DF00000000
CAN-RX can0 02000000#0000
CAN-RX can0 08300103#0300
CAN-RX can0 02000000#0000
CAN-RX can0 02000000#0000
CAN-RX can0 03C30F0F#87878787878787
CAN-RX can0 140C0201#0000
CAN-RX can0 08300103#0900
CAN-RX can0 02000000#0000
CAN-RX can0 02000000#0000
CAN-RX can0 00E#6E4621DF00000000
CAN-RX can0 02000000#0000
CAN-RX can0 08300103#0600
CAN-RX can0 02000000#0000
CAN-RX can0 02000000#0000
CAN-RX can0 08300103#0700
CAN-RX can0 02000000#0000
CAN-RX can0 02000000#0000
CAN-RX can0 00E#6E4621DF00000000
CAN-RX can0 02000000#0000
CAN-RX can0 08300103#EFFF
CAN-RX can0 02000000#0000
CAN-TX can0 78F#208000001F000000
CAN-RX can0 02000000#0000
CAN-RX can0 03C30F0F#87878787878787
CAN-RX can0 790#CF80000020000000
CAN-RX can0 08300103#0200
CAN-RX can0 02000000#0000
CAN-RX can0 14300200#0000
CAN-RX can0 02000000#0000
CAN-RX can0 00E#6E4621DF00000000
CAN-RX can0 02000000#0000
CAN-RX can0 08300103#FAFF
CAN-RX can0 02000000#0000
CAN-RX can0 02000000#0000
CAN-RX can0 08300103#0800
CAN-RX can0 02000000#0000
CAN-RX can0 02000000#0000
CAN-RX can0 00E#6E4621DF00000000
CAN-RX can0 02000000#0000
CAN-RX can0 08300103#0500
CAN-RX can0 02000000#0000
CAN-RX can0 02000000#0000
CAN-RX can0 03C30F0F#87878787878787
CAN-RX can0 08300103#FDFF
CAN-RX can0 02000000#0000
CAN-RX can0 02000000#0000
CAN-RX can0 00E#6E4621DF00000000
CAN-RX can0 02000000#0000
CAN-RX can0 08300103#FBFF
CAN-RX can0 02000000#0000
CAN-TX can0 78F#208000001F000000
CAN-RX can0 02000000#0000
CAN-RX can0 140C0201#0000
CAN-RX can0 790#CF80000020000000
CAN-RX can0 08300103#FEFF
CAN-RX can0 02000000#0000
CAN-RX can0 02000000#0000
CAN-RX can0 00E#6E4621DF00000000
CAN-RX can0 02000000#0000
CAN-RX can0 08300103#E6FF
CAN-RX can0 02000000#0000
CAN-RX can0 02000000#0000
CAN-RX can0 03C30F0F#87878787878787
CAN-RX can0 08300103#0300
CAN-RX can0 02000000#0000
CAN-RX can0 02000000#0000
CAN-RX can0 00E#6E4621DF00000000
CAN-RX can0 02000000#0000
CAN-RX can0 08300103#0900
CAN-RX can0 02000000#0000
CAN-RX can0 02000000#0000
CAN-RX can0 08300103#0F00
CAN-RX can0 02000000#0000
CAN-RX can0 14300200#0000
CAN-RX can0 02000000#0000
CAN-RX can0 00E#6E4621DF00000000
CAN-RX can0 02000000#0000
CAN-RX can0 08300103#FCFF
CAN-RX can0 02000000#0000
CAN-TX can0 78F#208000001F000000
CAN-RX can0 02000000#0000
CAN-RX can0 03C30F0F#87878787878787
CAN-RX can0 790#CF80000020000000
CAN-RX can0 08300103#0200
CAN-RX can0 02000000#0000
CAN-RX can0 02000000#0000
CAN-RX can0 00E#6E4621DF00000000
CAN-RX can0 02000000#0000
CAN-RX can0 08300103#0A00
CAN-RX can0 02000000#0000
CAN-RX can0 0C140300#C2
CAN-RX can0 02000000#0000
CAN-RX can0 08300103#0800
CAN-RX can0 02000000#0000
CAN-RX can0 02000000#0000
CAN-RX can0 00E#6E4621DF00000000
CAN-RX can0 02000000#0000
CAN-RX can0 08300103#0000
CAN-RX can0 02000000#0000
CAN-RX can0 02000000#0000
CAN-RX can0 03C30F0F#87878787878787
CAN-RX can0 140C0201#0000
CAN-RX can0 08300103#F5FF
CAN-RX can0 02000000#0000
CAN-RX can0 02000000#0000
CAN-RX can0 00E#6E4621DF00000000
CAN-RX can0 02000000#0000
CAN-RX can0 08300103#FCFF
CAN-RX can0 02000000#0000
CAN-TX can0 78F#208000001F000000
CAN-RX can0 02000000#0000
CAN-RX can0 790#CF80000020000000
CAN-RX can0 08300103#F2FF
CAN-RX can0 02000000#0000
CAN-RX can0 02000000#0000
CAN-RX can0 0C140200#C0
CAN-RX can0 00E#6E4621DF00000000
CAN-RX can0 02000000#0000
CAN-RX can0 08300103#0B00
CAN-RX can0 02000000#0000
CAN-RX can0 02000000#0000
CAN-RX can0 03C30F0F#87878787878787
CAN-RX can0 02000000#0000
CAN-RX can0 14300200#0000
CAN-RX can0 02000000#0000
CAN-RX can0 00E#6E4621DF00000000
CAN-RX can0 02000000#0000
CAN-RX can0 02000000#0000
CAN-RX can0 02000000#0000
CAN-RX can0 02000000#0000
CAN-RX can0 02000000#0000
CAN-RX can0 0C140200#C1
CAN-RX can0 00E#6E4621DF00000000
CAN-RX can0 02000000#0000
CAN-RX can0 08300103#0600
CAN-RX can0 02000000#0000
CAN-TX can0 78F#208000001F000000
CAN-RX can0 02000000#0000
CAN-RX can0 03C30F0F#87878787878787
CAN-RX can0 790#CF80000020000000
CAN-RX can0 08300103#0300
CAN-RX can0 02000000#0000
CAN-RX can0 02000000#0000
CAN-RX can0 00E#6E4621DF00000000
CAN-RX can0 02000000#0000
CAN-RX can0 08300103#FFFF
CAN-RX can0 1C300204#9AE505009AE50500
CAN-RX can0 02000000#0000
CAN-RX can0 02000000#0000
CAN-RX can0 140C0201#0000
CAN-RX can0 08300103#F0FF
CAN-RX can0 02000000#0000
CAN-RX can0 02000000#0000
CAN-RX can0 00E#6E4621DF00000000
CAN-RX can0 02000000#0000
CAN-RX can0 08300103#0100
CAN-RX can0 02000000#0000
CAN-RX can0 02000000#0000
CAN-RX can0 03C30F0F#87878787878787
CAN-RX can0 08300103#FEFF
CAN-RX can0 02000000#0000
CAN-RX can0 02000000#0000
CAN-RX can0 00E#6E4621DF00000000
CAN-RX can0 02000000#0000
CAN-RX can0 08300103#F9FF
CAN-RX can0 02000000#0000
CAN-TX can0 78F#208000001F000000
CAN-RX can0 02000000#0000
CAN-RX can0 790#CF80000020000000
CAN-RX can0 08300103#1600
CAN-RX can0 02000000#0000
CAN-RX can0 14300200#0000
CAN-RX can0 02000000#0000
CAN-RX can0 00E#6E4621DF00000000
CAN-RX can0 02000000#0000
CAN-RX can0 08300103#FFFF
CAN-RX can0 02000000#0000
CAN-RX can0 02000000#0000
CAN-RX can0 03C30F0F#87878787878787
CAN-RX can0 1C0C0200#1E
CAN-RX can0 08300103#0500
CAN-RX can0 02000000#0000
CAN-RX can0 02000000#0000
CAN-RX can0 00E#6E4621DF00000000
CAN-RX can0 1C2C0000#342216880A1A
CAN-RX can0 02000000#0000
CAN-RX can0 08300103#1500
CAN-RX can0 02000000#0000
CAN-RX can0 02000000#0000
CAN-RX can0 08300103#0900
CAN-RX can0 02000000#0000
CAN-RX can0 02000000#0000
CAN-RX can0 00E#6E4621DF00000000
CAN-TX can0 78F#208000001F000000
CAN-RX can0 02000000#0000
CAN-RX can0 08300103#0400
CAN-RX can0 02000000#0000
CAN-RX can0 02000000#0000
CAN-RX can0 03C30F0F#87878787878787
CAN-RX can0 790#CF80000020000000
CAN-RX can0 140C0201#0000
CAN-RX can0 08300103#F5FF
CAN-RX can0 02000000#0000
CAN-RX can0 02000000#0000
CAN-RX can0 00E#6E4621DF00000000
CAN-RX can0 02000000#0000
CAN-RX can0 08300103#FEFF
CAN-RX can0 02000000#0000
CAN-RX can0 02000000#0000
CAN-RX can0 08300103#0800
CAN-RX can0 02000000#0000
CAN-RX can0 02000000#0000
CAN-RX can0 00E#6E4621DF00000000
CAN-RX can0 02000000#0000
CAN-RX can0 08300103#0400
CAN-RX can0 02000000#0000
CAN-RX can0 02000000#0000
CAN-RX can0 03C30F0F#87878787878787
CAN-RX can0 08300103#0400
CAN-RX can0 02000000#0000
CAN-RX can0 14300200#0000
CAN-RX can0 02000000#0000
CAN-RX can0 00E#6E4621DF00000000
CAN-RX can0 02000000#0000
CAN-RX can0 08300103#0600
CAN-RX can0 02000000#0000
CAN-TX can0 78F#208000001F000000
CAN-RX can0 02000000#0000
CAN-RX can0 790#CF80000020000000
CAN-RX can0 08300103#0200
CAN-RX can0 02000000#0000
CAN-RX can0 02000000#0000
CAN-RX can0 00E#6E4621DF00000000
CAN-RX can0 02000000#0000
CAN-RX can0 08300103#0400
CAN-RX can0 02000000#0000
CAN-RX can0 02000000#0000
CAN-RX can0 03C30F0F#87878787878787
CAN-RX can0 08300103#0400
CAN-RX can0 02000000#0000
CAN-RX can0 02000000#0000
CAN-RX can0 00E#6E4621DF00000000
CAN-RX can0 02000000#0000
CAN-RX can0 08300103#FCFF
CAN-RX can0 02000000#0000
CAN-RX can0 02000000#0000
CAN-RX can0 140C0201#0000
CAN-RX can0 08300103#F9FF
CAN-RX can0 02000000#0000
CAN-RX can0 02000000#0000
CAN-RX can0 00E#6E4621DF00000000
CAN-TX can0 78F#208000001F000000
CAN-RX can0 02000000#0000
CAN-RX can0 08300103#0400
CAN-RX can0 02000000#0000
CAN-RX can0 02000000#0000
CAN-RX can0 03C30F0F#87878787878787
CAN-RX can0 790#CF80000020000000
CAN-RX can0 08300103#0800
CAN-RX can0 02000000#0000
CAN-RX can0 02000000#0000
CAN-RX can0 00E#6E4621DF00000000
CAN-RX can0 02000000#0000
CAN-RX can0 08300103#FCFF
CAN-RX can0 02000000#0000
CAN-RX can0 02000000#0000
CAN-RX can0 08300103#0700
CAN-RX can0 02000000#0000
CAN-RX can0 14300200#0000
CAN-RX can0 02000000#0000
CAN-RX can0 00E#6E4621DF00000000
CAN-RX can0 02000000#0000
CAN-RX can0 08300103#0100
CAN-RX can0 02000000#0000
CAN-RX can0 02000000#0000
CAN-RX can0 03C30F0F#87878787878787
CAN-RX can0 08300103#0700
CAN-RX can0 02000000#0000
CAN-RX can0 02000000#0000
CAN-RX can0 00E#6E4621DF00000000
CAN-RX can0 02000000#0000
CAN-RX can0 08300103#0200
CAN-RX can0 02000000#0000
CAN-RX can0 0C140300#C2
CAN-TX can0 78F#208000001F000000
CAN-RX can0 02000000#0000
CAN-RX can0 790#CF80000020000000
CAN-RX can0 08300103#0700
CAN-RX can0 02000000#0000
CAN-RX can0 02000000#0000
CAN-RX can0 00E#6E4621DF00000000
CAN-RX can0 02000000#0000
CAN-RX can0 08300103#0800
CAN-RX can0 02000000#0000
CAN-RX can0 02000000#0000
CAN-RX can0 03C30F0F#87878787878787
CAN-RX can0 140C0201#0000
CAN-RX can0 08300103#0800
CAN-RX can0 02000000#0000
CAN-RX can0 02000000#0000
CAN-RX can0 00E#6E4621DF00000000
CAN-RX can0 02000000#0000
CAN-RX can0 08300103#FFFF
CAN-RX can0 02000000#0000
CAN-RX can0 02000000#0000
CAN-RX can0 08300103#FAFF
CAN-RX can0 02000000#0000
CAN-RX can0 02000000#0000
CAN-RX can0 0C140200#C0
CAN-RX can0 00E#6E4621DF00000000
CAN-RX can0 02000000#0000
CAN-RX can0 08300103#0300
CAN-RX can0 02000000#0000
CAN-TX can0 78F#208000001F000000
CAN-RX can0 02000000#0000
CAN-RX can0 03C30F0F#87878787878787
CAN-RX can0 790#CF80000020000000
CAN-RX can0 02000000#0000
CAN-RX can0 14300200#0000
CAN-RX can0 02000000#0000
CAN-RX can0 00E#6E4621DF00000000
CAN-RX can0 02000000#0000
CAN-RX can0 02000000#0000
CAN-RX can0 02000000#0000
CAN-RX can0 02000000#0000
CAN-RX can0 02000000#0000
CAN-RX can0 0C140200#C1
CAN-RX can0 00E#6E4621DF00000000
CAN-RX can0 08300103#0C00
CAN-RX can0 02000000#0000
CAN-RX can0 02000000#0000
CAN-RX can0 02000000#0000
CAN-RX can0 03C30F0F#87878787878787
CAN-RX can0 08300103#0900
CAN-RX can0 02000000#0000
CAN-RX can0 02000000#0000
CAN-RX can0 00E#6E4621DF00000000
CAN-RX can0 08300103#0100
CAN-RX can0 02000000#0000
CAN-RX can0 02000000#0000
CAN-RX can0 1C300204#9AE505009AE50500
CAN-TX can0 78F#208000001F000000
CAN-RX can0 02000000#0000
CAN-RX can0 790#CF80000020000000
CAN-RX can0 140C0201#0000
CAN-RX can0 08300103#0400
CAN-RX can0 02000000#0000
CAN-RX can0 02000000#0000
CAN-RX can0 00E#6E4621DF00000000
CAN-RX can0 08300103#0200
CAN-RX can0 02000000#0000
CAN-RX can0 02000000#0000
CAN-RX can0 02000000#0000
CAN-RX can0 03C30F0F#87878787878787
CAN-RX can0 08300103#0700
CAN-RX can0 02000000#0000
CAN-RX can0 02000000#0000
CAN-RX can0 00E#6E4621DF00000000
CAN-RX can0 08300103#F3FF
CAN-RX can0 02000000#0000
CAN-RX can0 02000000#0000
CAN-RX can0 02000000#0000
CAN-RX can0 08300103#FFFF
CAN-RX can0 02000000#0000
CAN-RX can0 14300200#0000
CAN-RX can0 02000000#0000
CAN-RX can0 00E#6E4621DF00000000
CAN-RX can0 08300103#0000
CAN-RX can0 02000000#0000
CAN-RX can0 02000000#0000
CAN-TX can0 78F#208000001F000000
CAN-RX can0 790#CF80000020000000
CAN-RX can0 02000000#0000
CAN-RX can0 03C30F0F#87878787878787
CAN-RX can0 1C0C0200#1E
CAN-RX can0 08300103#0700
CAN-RX can0 02000000#0000
CAN-RX can0 02000000#0000
CAN-RX can0 00E#6E4621DF00000000
CAN-RX can0 1C2C0000#352216880A1A
CAN-RX can0 08300103#0800
CAN-RX can0 02000000#0000
CAN-RX can0 02000000#0000
CAN-RX can0 02000000#0000
CAN-RX can0 08300103#0400
CAN-RX can0 02000000#0000
CAN-RX can0 02000000#0000
CAN-RX can0 00E#6E4621DF00000000
CAN-RX can0 08300103#0700
CAN-RX can0 02000000#0000
CAN-RX can0 02000000#0000
CAN-RX can0 02000000#0000
CAN-RX can0 03C30F0F#87878787878787
CAN-RX can0 140C0201#0000
CAN-RX can0 08300103#F5FF
CAN-RX can0 02000000#0000
CAN-RX can0 02000000#0000
CAN-TX can0 78F#208000001F000000
CAN-RX can0 00E#6E4621DF00000000
CAN-RX can0 08300103#0500
CAN-RX can0 02000000#0000
CAN-RX can0 02000000#0000
CAN-RX can0 790#CF80000020000000
CAN-RX can0 02000000#0000
CAN-RX can0 08300103#1000
CAN-RX can0 02000000#0000
CAN-RX can0 02000000#0000
CAN-RX can0 00E#6E4621DF00000000
CAN-RX can0 08300103#F7FF
CAN-RX can0 02000000#0000
CAN-RX can0 02000000#0000
CAN-RX can0 02000000#0000
CAN-RX can0 03C30F0F#87878787878787
CAN-RX can0 08300103#0800
CAN-RX can0 02000000#0000
CAN-RX can0 14300200#0000
CAN-RX can0 02000000#0000
CAN-RX can0 00E#6E4621DF00000000
CAN-RX can0 08300103#FEFF
CAN-RX can0 02000000#0000
CAN-RX can0 02000000#0000
CAN-RX can0 02000000#0000
CAN-RX can0 08300103#F8FF
CAN-RX can0 02000000#0000
CAN-RX can0 02000000#0000
CAN-RX can0 00E#6E4621DF00000000
CAN-RX can0 08300103#FFFF
CAN-RX can0 02000000#0000
CAN-RX can0 02000000#0000
CAN-TX can0 78F#208000001F000000
CAN-RX can0 790#CF80000020000000
CAN-RX can0 02000000#0000
CAN-RX can0 03C30F0F#87878787878787
CAN-RX can0 08300103#0A00
CAN-RX can0 02000000#0000
CAN-RX can0 02000000#0000
CAN-RX can0 00E#6E4621DF00000000
CAN-RX can0 08300103#0E00
CAN-RX can0 02000000#0000
CAN-RX can0 02000000#0000
CAN-RX can0 02000000#0000
CAN-RX can0 140C0201#0000
CAN-RX can0 08300103#F8FF
CAN-RX can0 02000000#0000
CAN-RX can0 02000000#0000
CAN-RX can0 00E#6E4621DF00000000
CAN-RX can0 08300103#0200
CAN-RX can0 02000000#0000
CAN-RX can0 02000000#0000
CAN-RX can0 02000000#0000
CAN-RX can0 03C30F0F#87878787878787
CAN-RX can0 08300103#F7FF
CAN-RX can0 02000000#0000
CAN-RX can0 02000000#0000
CAN-RX can0 00E#6E4621DF00000000
CAN-RX can0 08300103#0000
CAN-RX can0 02000000#0000
CAN-RX can0 02000000#0000
CAN-TX can0 78F#208000001F000000
CAN-RX can0 790#CF80000020000000
CAN-RX can0 02000000#0000
CAN-RX can0 08300103#FEFF
CAN-RX can0 02000000#0000
CAN-RX can0 14300200#0000
CAN-RX can0 02000000#0000
CAN-RX can0 00E#6E4621DF00000000
CAN-RX can0 08300103#0600
CAN-RX can0 02000000#0000
CAN-RX can0 02000000#0000
CAN-RX can0 02000000#0000
CAN-RX can0 03C30F0F#87878787878787
CAN-RX can0 08300103#0100
CAN-RX can0 02000000#0000
CAN-RX can0 02000000#0000
CAN-RX can0 00E#6E4621DF00000000
CAN-RX can0 08300103#F3FF
CAN-RX can0 02000000#0000
CAN-RX can0 02000000#0000
CAN-RX can0 0C140300#C2
CAN-RX can0 02000000#0000
CAN-RX can0 08300103#F1FF
CAN-RX can0 02000000#0000
CAN-RX can0 02000000#0000
CAN-RX can0 00E#6E4621DF00000000
CAN-RX can0 08300103#FBFF
CAN-RX can0 02000000#0000
CAN-TX can0 78F#208000001F000000
CAN-RX can0 02000000#0000
CAN-RX can0 790#CF80000020000000
CAN-RX can0 02000000#0000
CAN-RX can0 03C30F0F#87878787878787
CAN-RX can0 08300103#EAFF
CAN-RX can0 140C0201#0000
CAN-RX can0 02000000#0000
CAN-RX can0 02000000#0000
CAN-RX can0 00E#6E4621DF00000000
CAN-RX can0 08300103#0500
CAN-RX can0 02000000#0000
CAN-RX can0 02000000#0000
CAN-RX can0 02000000#0000
CAN-RX can0 08300103#0200
CAN-RX can0 02000000#0000
CAN-RX can0 02000000#0000
CAN-RX can0 0C140200#C0
CAN-RX can0 00E#6E4621DF00000000
CAN-RX can0 08300103#0800
CAN-RX can0 02000000#0000
CAN-RX can0 02000000#0000
CAN-RX can0 02000000#0000
CAN-RX can0 03C30F0F#87878787878787
CAN-RX can0 02000000#0000
CAN-RX can0 14300200#0000
CAN-RX can0 02000000#0000
CAN-RX can0 00E#6E4621DF00000000
CAN-RX can0 02000000#0000
CAN-TX can0 78F#208000001F000000
CAN-RX can0 02000000#0000
CAN-RX can0 790#CF80000020000000
CAN-RX can0 02000000#0000
CAN-RX can0 02000000#0000
CAN-RX can0 02000000#0000
CAN-RX can0 0C140200#C1
CAN-RX can0 00E#6E4621DF00000000
CAN-RX can0 08300103#FCFF
CAN-RX can0 02000000#0000
CAN-RX can0 02000000#0000
CAN-RX can0 02000000#0000
CAN-RX can0 03C30F0F#87878787878787
CAN-RX can0 08300103#FBFF
CAN-RX can0 02000000#0000
CAN-RX can0 02000000#0000
CAN-RX can0 00E#6E4621DF00000000
CAN-RX can0 08300103#F5FF
CAN-RX can0 02000000#0000
CAN-RX can0 02000000#0000
CAN-RX can0 02000000#0000
CAN-RX can0 08300103#0500
CAN-RX can0 140C0201#0000
CAN-RX can0 1C300204#9AE505009AE50500
CAN-RX can0 02000000#0000
CAN-RX can0 02000000#0000
CAN-RX can0 00E#6E4621DF00000000
CAN-RX can0 08300103#F6FF
CAN-RX can0 02000000#0000
CAN-TX can0 78F#208000001F000000
CAN-RX can0 02000000#0000
CAN-RX can0 790#CF80000020000000
CAN-RX can0 02000000#0000
CAN-RX can0 03C30F0F#87878787878787
CAN-RX can0 08300103#0500
CAN-RX can0 02000000#0000
CAN-RX can0 02000000#0000
CAN-RX can0 00E#6E4621DF00000000
CAN-RX can0 08300103#0500
CAN-RX can0 02000000#0000
CAN-RX can0 02000000#0000
CAN-RX can0 02000000#0000
CAN-RX can0 08300103#0200
CAN-RX can0 02000000#0000
CAN-RX can0 14300200#0000
CAN-RX can0 02000000#0000
CAN-RX can0 00E#6E4621DF00000000
CAN-RX can0 08300103#FEFF
CAN-RX can0 02000000#0000
CAN-RX can0 02000000#0000
CAN-RX can0 02000000#0000
CAN-RX can0 03C30F0F#87878787878787
CAN-RX can0 08300103#0B00
CAN-RX can0 1C0C0200#1E
CAN-RX can0 02000000#0000
CAN-RX can0 02000000#0000
CAN-RX can0 00E#6E4621DF00000000
CAN-RX can0 1C2C0000#362216880A1A
CAN-RX can0 08300103#FFFF
CAN-RX can0 02000000#0000
CAN-TX can0 78F#208000001F000000
CAN-RX can0 02000000#0000
CAN-RX can0 790#CF80000020000000
CAN-RX can0 02000000#0000
CAN-RX can0 08300103#0900
CAN-RX can0 02000000#0000
CAN-RX can0 02000000#0000
CAN-RX can0 00E#6E4621DF00000000
CAN-RX can0 08300103#0600
CAN-RX can0 02000000#0000
CAN-RX can0 02000000#0000
CAN-RX can0 02000000#0000
CAN-RX can0 03C30F0F#87878787878787
CAN-RX can0 08300103#1500
CAN-RX can0 140C0201#0000
CAN-RX can0 02000000#0000
CAN-RX can0 02000000#0000
CAN-RX can0 00E#6E4621DF00000000
CAN-RX can0 08300103#0500
CAN-RX can0 02000000#0000
CAN-RX can0 02000000#0000
CAN-RX can0 02000000#0000
CAN-RX can0 08300103#0300
CAN-RX can0 02000000#0000
CAN-RX can0 02000000#0000
CAN-RX can0 00E#6E4621DF00000000
CAN-RX can0 08300103#F5FF
CAN-TX can0 78F#208000001F000000
CAN-RX can0 02000000#0000
CAN-RX can0 790#CF80000020000000
CAN-RX can0 02000000#0000
CAN-RX can0 02000000#0000
CAN-RX can0 03C30F0F#87878787878787
CAN-RX can0 08300103#0900
CAN-RX can0 02000000#0000
CAN-RX can0 14300200#0000
CAN-RX can0 02000000#0000
CAN-RX can0 00E#6E4621DF00000000
CAN-RX can0 08300103#0300
CAN-RX can0 02000000#0000
CAN-RX can0 02000000#0000
CAN-RX can0 02000000#0000
CAN-RX can0 08300103#FDFF
CAN-RX can0 02000000#0000
CAN-RX can0 02000000#0000
CAN-RX can0 00E#6E4621DF00000000
CAN-RX can0 08300103#F9FF
CAN-RX can0 02000000#0000
CAN-RX can0 02000000#0000
CAN-RX can0 02000000#0000
CAN-RX can0 03C30F0F#87878787878787
CAN-RX can0 08300103#0000
CAN-RX can0 02000000#0000
CAN-RX can0 02000000#0000
CAN-RX can0 00E#6E4621DF00000000
CAN-RX can0 08300103#0400
CAN-TX can0 78F#208000001F000000
CAN-RX can0 02000000#0000
CAN-RX can0 790#CF80000020000000
CAN-RX can0 02000000#0000
CAN-RX can0 02000000#0000
CAN-RX can0 08300103#0B00
CAN-RX can0 140C0201#0000
CAN-RX can0 02000000#0000
CAN-RX can0 02000000#0000
CAN-RX can0 00E#6E4621DF00000000
CAN-RX can0 08300103#0300
CAN-RX can0 02000000#0000
CAN-RX can0 02000000#0000
CAN-RX can0 02000000#0000
CAN-RX can0 03C30F0F#87878787878787
CAN-RX can0 08300103#FBFF
CAN-RX can0 02000000#0000
CAN-RX can0 02000000#0000
CAN-RX can0 00E#6E4621DF00000000
CAN-RX can0 08300103#0100
CAN-RX can0 02000000#0000
CAN-RX can0 02000000#0000
CAN-RX can0 02000000#0000
CAN-RX can0 08300103#FAFF
CAN-RX can0 02000000#0000
CAN-TX can0 78F#208000001F000000
CAN-RX can0 14300200#0000
CAN-RX can0 02000000#0000
CAN-RX can0 00E#6E4621DF00000000
CAN-RX can0 08300103#0200
CAN-RX can0 02000000#0000
CAN-RX can0 790#CF80000020000000
CAN-RX can0 02000000#0000
CAN-RX can0 02000000#0000
CAN-RX can0 03C30F0F#87878787878787
CAN-RX can0 08300103#0E00
CAN-RX can0 02000000#0000
CAN-RX can0 02000000#0000
CAN-RX can0 00E#6E4621DF00000000
CAN-RX can0 08300103#1300
CAN-RX can0 02000000#0000
CAN-RX can0 02000000#0000
CAN-RX can0 0C140300#C2
CAN-RX can0 02000000#0000
CAN-RX can0 08300103#0500
CAN-RX can0 02000000#0000
CAN-RX can0 02000000#0000
CAN-RX can0 00E#6E4621DF00000000
CAN-RX can0 08300103#0000
CAN-RX can0 02000000#0000
CAN-RX can0 02000000#0000
CAN-RX can0 02000000#0000
CAN-RX can0 03C30F0F#87878787878787
CAN-RX can0 08300103#0000
CAN-RX can0 140C0201#0000
CAN-RX can0 02000000#0000
CAN-RX can0 02000000#0000
CAN-RX can0 00E#6E4621DF00000000
CAN-RX can0 08300103#0B00
CAN-RX can0 02000000#0000
CAN-TX can0 78F#208000001F000000
CAN-RX can0 790#CF80000020000000
CAN-RX can0 02000000#0000
CAN-RX can0 02000000#0000
CAN-RX can0 08300103#0400
CAN-RX can0 02000000#0000
CAN-RX can0 02000000#0000
CAN-RX can0 0C140200#C0
CAN-RX can0 00E#6E4621DF00000000
CAN-RX can0 08300103#0E00
CAN-RX can0 02000000#0000
CAN-RX can0 02000000#0000
CAN-RX can0 02000000#0000
CAN-RX can0 03C30F0F#87878787878787
CAN-RX can0 02000000#0000
CAN-RX can0 14300200#0000
CAN-RX can0 02000000#0000
CAN-RX can0 00E#6E4621DF00000000
CAN-RX can0 02000000#0000
CAN-RX can0 02000000#0000
CAN-RX can0 02000000#0000
CAN-RX can0 02000000#0000
CAN-RX can0 02000000#0000
CAN-RX can0 0C140200#C1
CAN-RX can0 00E#6E4621DF00000000
CAN-RX can0 08300103#F4FF
CAN-TX can0 78F#208000001F000000
CAN-RX can0 02000000#0000
CAN-RX can0 790#CF80000020000000
CAN-RX can0 02000000#0000
CAN-RX can0 08300103#F7FF
CAN-RX can0 02000000#0000
CAN-RX can0 03C30F0F#87878787878787
CAN-RX can0 02000000#0000
CAN-RX can0 02000000#0000
CAN-RX can0 00E#6E4621DF00000000
CAN-RX can0 08300103#FEFF
CAN-RX can0 02000000#0000
CAN-RX can0 02000000#0000
CAN-RX can0 08300103#0100
CAN-RX can0 02000000#0000
CAN-RX can0 140C0201#0000
CAN-RX can0 02000000#0000
CAN-RX can0 1C300204#9AE505009AE50500
CAN-RX can0 02000000#0000
CAN-RX can0 00E#6E4621DF00000000
CAN-RX can0 08300103#0800
CAN-RX can0 02000000#0000
CAN-RX can0 02000000#0000
CAN-RX can0 08300103#EEFF
CAN-RX can0 02000000#0000
CAN-RX can0 03C30F0F#87878787878787
CAN-RX can0 02000000#0000
CAN-RX can0 02000000#0000
CAN-RX can0 00E#6E4621DF00000000
CAN-RX can0 08300103#0900
CAN-TX can0 78F#208000001F000000
CAN-RX can0 02000000#0000
CAN-RX can0 790#CF80000020000000
CAN-RX can0 02000000#0000
CAN-RX can0 08300103#0A00
CAN-RX can0 02000000#0000
CAN-RX can0 02000000#0000
CAN-RX can0 14300200#0000
CAN-RX can0 02000000#0000
CAN-RX can0 00E#6E4621DF00000000
CAN-RX can0 08300103#F6FF
CAN-RX can0 02000000#0000
CAN-RX can0 02000000#0000
CAN-RX can0 08300103#0900
CAN-RX can0 02000000#0000
CAN-RX can0 03C30F0F#87878787878787
CAN-RX can0 1C0C0200#1E
CAN-RX can0 02000000#0000
CAN-RX can0 02000000#0000
CAN-RX can0 00E#6E4621DF00000000
CAN-RX can0 08300103#F6FF
CAN-RX can0 1C2C0000#372216880A1A
CAN-RX can0 02000000#0000
CAN-RX can0 02000000#0000
CAN-RX can0 08300103#0000
CAN-RX can0 02000000#0000
CAN-RX can0 02000000#0000
CAN-RX can0 02000000#0000
CAN-RX can0 00E#6E4621DF00000000
CAN-RX can0 08300103#0700
CAN-TX can0 78F#208000001F000000
CAN-RX can0 790#CF80000020000000
CAN-RX can0 02000000#0000
CAN-RX can0 02000000#0000
CAN-RX can0 08300103#0700
CAN-RX can0 02000000#0000
CAN-RX can0 03C30F0F#87878787878787
CAN-RX can0 140C0201#0000
CAN-RX can0 02000000#0000
CAN-RX can0 02000000#0000
CAN-RX can0 00E#6E4621DF00000000
CAN-RX can0 08300103#0000
CAN-RX can0 02000000#0000
CAN-RX can0 02000000#0000
CAN-RX can0 08300103#0500
CAN-RX can0 02000000#0000
CAN-RX can0 02000000#0000
CAN-RX can0 02000000#0000
CAN-RX can0 00E#6E4621DF00000000
CAN-RX can0 08300103#FAFF
CAN-RX can0 02000000#0000
CAN-RX can0 02000000#0000
CAN-RX can0 08300103#FEFF
CAN-RX can0 02000000#0000
CAN-RX can0 03C30F0F#87878787878787
CAN-TX can0 78F#208000001F000000
CAN-RX can0 02000000#0000
CAN-RX can0 14300200#0000
CAN-RX can0 02000000#0000
CAN-RX can0 08300103#F6FF
CAN-RX can0 00E#6E4621DF00000000
CAN-RX can0 790#CF80000020000000
CAN-RX can0 02000000#0000
CAN-RX can0 02000000#0000
CAN-RX can0 08300103#F9FF
CAN-RX can0 02000000#0000
CAN-RX can0 02000000#0000
CAN-RX can0 02000000#0000
CAN-RX can0 08300103#1300
CAN-RX can0 00E#6E4621DF00000000
CAN-RX can0 02000000#0000
CAN-RX can0 02000000#0000
CAN-RX can0 08300103#0700
CAN-RX can0 02000000#0000
CAN-RX can0 03C30F0F#87878787878787
CAN-RX can0 02000000#0000
CAN-RX can0 02000000#0000
CAN-RX can0 08300103#0500
CAN-RX can0 00E#6E4621DF00000000
CAN-RX can0 02000000#0000
CAN-RX can0 02000000#0000
CAN-RX can0 08300103#FEFF
CAN-RX can0 02000000#0000
CAN-RX can0 140C0201#0000
CAN-TX can0 78F#208000001F000000
CAN-RX can0 02000000#0000
CAN-RX can0 02000000#0000
CAN-RX can0 790#CF80000020000000
CAN-RX can0 08300103#0500
CAN-RX can0 00E#6E4621DF00000000
CAN-RX can0 02000000#0000
CAN-RX can0 02000000#0000
CAN-RX can0 08300103#FFFF
CAN-RX can0 02000000#0000
CAN-RX can0 03C30F0F#87878787878787
CAN-RX can0 02000000#0000
CAN-RX can0 02000000#0000
CAN-RX can0 08300103#0700
CAN-RX can0 00E#6E4621DF00000000
CAN-RX can0 02000000#0000
CAN-RX can0 02000000#0000
CAN-RX can0 08300103#0B00
CAN-RX can0 02000000#0000
CAN-RX can0 02000000#0000
CAN-RX can0 14300200#0000
CAN-RX can0 02000000#0000
CAN-RX can0 08300103#0A00
CAN-RX can0 00E#6E4621DF00000000
CAN-RX can0 02000000#0000
CAN-RX can0 02000000#0000
CAN-RX can0 08300103#0700
CAN-RX can0 02000000#0000
CAN-RX can0 03C30F0F#87878787878787
CAN-TX can0 78F#208000001F000000
CAN-RX can0 02000000#0000
CAN-RX can0 790#CF80000020000000
CAN-RX can0 02000000#0000
CAN-RX can0 08300103#0C00
CAN-RX can0 00E#6E4621DF00000000
CAN-RX can0 02000000#0000
CAN-RX can0 02000000#0000
CAN-RX can0 0C140300#C2
CAN-RX can0 08300103#FDFF
CAN-RX can0 02000000#0000
CAN-RX can0 02000000#0000
CAN-RX can0 02000000#0000
CAN-RX can0 08300103#FBFF
CAN-RX can0 00E#6E4621DF00000000
CAN-RX can0 02000000#0000
CAN-RX can0 02000000#0000
CAN-RX can0 08300103#0F00
CAN-RX can0 02000000#0000
CAN-RX can0 03C30F0F#87878787878787
CAN-RX can0 140C0201#0000
CAN-RX can0 02000000#0000
CAN-RX can0 02000000#0000
CAN-RX can0 08300103#1700
CAN-RX can0 00E#6E4621DF00000000
CAN-RX can0 02000000#0000
CAN-RX can0 02000000#0000
CAN-RX can0 08300103#F2FF
CAN-RX can0 02000000#0000
CAN-TX can0 78F#208000001F000000
CAN-RX can0 790#CF80000020000000
CAN-RX can0 02000000#0000
CAN-RX can0 02000000#0000
CAN-RX can0 08300103#0100
CAN-RX can0 0C140200#C0
CAN-RX can0 00E#6E4621DF00000000
CAN-RX can0 02000000#0000
CAN-RX can0 02000000#0000
CAN-RX can0 02000000#0000
CAN-RX can0 03C30F0F#87878787878787
CAN-RX can0 02000000#0000
CAN-RX can0 14300200#0000
CAN-RX can0 02000000#0000
CAN-RX can0 00E#6E4621DF00000000
CAN-RX can0 02000000#0000
CAN-RX can0 02000000#0000
CAN-RX can0 02000000#0000
CAN-RX can0 02000000#0000
CAN-RX can0 02000000#0000
CAN-RX can0 08300103#0300
CAN-RX can0 0C140200#C1
CAN-RX can0 00E#6E4621DF00000000
CAN-RX can0 02000000#0000
CAN-TX can0 78F#208000001F000000
CAN-RX can0 02000000#0000
CAN-RX can0 08300103#0A00
CAN-RX can0 02000000#0000
CAN-RX can0 03C30F0F#87878787878787
CAN-RX can0 790#CF80000020000000
CAN-RX can0 02000000#0000
CAN-RX can0 02000000#0000
CAN-RX can0 08300103#0400
CAN-RX can0 00E#6E4621DF00000000
CAN-RX can0 02000000#0000
CAN-RX can0 02000000#0000
CAN-RX can0 08300103#0A00
CAN-RX can0 02000000#0000
CAN-RX can0 140C0201#0000
CAN-RX can0 02000000#0000
CAN-RX can0 02000000#0000
CAN-RX can0 08300103#1100
CAN-RX can0 1C300204#9AE505009AE50500
CAN-RX can0 00E#6E4621DF00000000
CAN-RX can0 02000000#0000
CAN-RX can0 02000000#0000
CAN-RX can0 08300103#EFFF
CAN-RX can0 02000000#0000
CAN-RX can0 03C30F0F#87878787878787
CAN-RX can0 02000000#0000
CAN-RX can0 02000000#0000
CAN-RX can0 08300103#FEFF
CAN-RX can0 00E#6E4621DF00000000
CAN-TX can0 78F#208000001F000000
CAN-RX can0 02000000#0000
CAN-RX can0 02000000#0000
CAN-RX can0 08300103#0800
CAN-RX can0 02000000#0000
CAN-RX can0 790#CF80000020000000
CAN-RX can0 02000000#0000
CAN-RX can0 14300200#0000
CAN-RX can0 02000000#0000
CAN-RX can0 08300103#EEFF
CAN-RX can0 00E#6E4621DF00000000
CAN-RX can0 02000000#0000
CAN-RX can0 02000000#0000
CAN-RX can0 08300103#FAFF
CAN-RX can0 02000000#0000
CAN-RX can0 03C30F0F#87878787878787
CAN-RX can0 1C0C0200#1E
CAN-RX can0 02000000#0000
CAN-RX can0 02000000#0000
CAN-RX can0 08300103#FAFF
CAN-RX can0 00E#6E4621DF00000000
CAN-RX can0 1C2C0000#382216880A1A
CAN-RX can0 02000000#0000
CAN-RX can0 02000000#0000
CAN-RX can0 08300103#0C00
CAN-RX can0 02000000#0000
CAN-RX can0 02000000#0000
CAN-RX can0 02000000#0000
CAN-RX can0 08300103#0B00
CAN-RX can0 00E#6E4621DF00000000
CAN-RX can0 02000000#0000
CAN-RX can0 02000000#0000
CAN-RX can0 08300103#F9FF
CAN-TX can0 78F#208000001F000000
CAN-RX can0 02000000#0000
CAN-RX can0 03C30F0F#87878787878787
CAN-RX can0 790#CF80000020000000
CAN-RX can0 140C0201#0000
CAN-RX can0 02000000#0000
CAN-RX can0 02000000#0000
CAN-RX can0 08300103#1600
CAN-RX can0 00E#6E4621DF00000000
CAN-RX can0 02000000#0000
CAN-RX can0 02000000#0000
CAN-RX can0 08300103#FDFF
CAN-RX can0 02000000#0000
CAN-RX can0 02000000#0000
CAN-RX can0 02000000#0000
CAN-RX can0 08300103#FCFF
CAN-RX can0 00E#6E4621DF00000000
CAN-RX can0 02000000#0000
CAN-RX can0 02000000#0000
CAN-RX can0 08300103#E8FF
CAN-RX can0 02000000#0000
CAN-RX can0 03C30F0F#87878787878787
CAN-RX can0 02000000#0000
CAN-RX can0 14300200#0000
CAN-RX can0 02000000#0000
CAN-RX can0 08300103#FAFF
CAN-RX can0 00E#6E4621DF00000000
CAN-RX can0 02000000#0000
CAN-RX can0 02000000#0000
CAN-TX can0 78F#208000001F000000
CAN-RX can0 08300103#0800
CAN-RX can0 02000000#0000
CAN-RX can0 790#CF80000020000000
CAN-RX can0 02000000#0000
CAN-RX can0 02000000#0000
CAN-RX can0 08300103#1100
CAN-RX can0 00E#6E4621DF00000000
CAN-RX can0 02000000#0000
CAN-RX can0 02000000#0000
CAN-RX can0 08300103#FDFF
CAN-RX can0 02000000#0000
CAN-RX can0 03C30F0F#87878787878787
CAN-RX can0 02000000#0000
CAN-RX can0 02000000#0000
CAN-RX can0 08300103#0300
CAN-RX can0 00E#6E4621DF00000000
CAN-RX can0 02000000#0000
CAN-RX can0 02000000#0000
CAN-RX can0 08300103#0600
CAN-RX can0 02000000#0000
CAN-RX can0 140C0201#0000
CAN-RX can0 02000000#0000
CAN-RX can0 02000000#0000
CAN-RX can0 08300103#F2FF
CAN-RX can0 00E#6E4621DF00000000
CAN-RX can0 02000000#0000
CAN-RX can0 02000000#0000
CAN-TX can0 78F#208000001F000000
CAN-RX can0 08300103#FDFF
CAN-RX can0 02000000#0000
CAN-RX can0 03C30F0F#87878787878787
CAN-RX can0 790#CF80000020000000
CAN-RX can0 02000000#0000
CAN-RX can0 02000000#0000
CAN-RX can0 08300103#0400
CAN-RX can0 00E#6E4621DF00000000
CAN-RX can0 02000000#0000
CAN-RX can0 02000000#0000
CAN-RX can0 08300103#FBFF
CAN-RX can0 02000000#0000
CAN-RX can0 02000000#0000
CAN-RX can0 14300200#0000
CAN-RX can0 02000000#0000
CAN-RX can0 08300103#0400
CAN-RX can0 00E#6E4621DF00000000
CAN-RX can0 02000000#0000
CAN-RX can0 02000000#0000
CAN-RX can0 08300103#0400
CAN-RX can0 02000000#0000
CAN-RX can0 03C30F0F#87878787878787
CAN-RX can0 02000000#0000
CAN-RX can0 02000000#0000
CAN-RX can0 08300103#F9FF
CAN-RX can0 00E#6E4621DF00000000
CAN-RX can0 02000000#0000
CAN-RX can0 02000000#0000
CAN-TX can0 78F#208000001F000000
CAN-RX can0 0C140300#C2
CAN-RX can0 08300103#FCFF
CAN-RX can0 02000000#0000
CAN-RX can0 790#CF80000020000000
CAN-RX can0 02000000#0000
CAN-RX can0 02000000#0000
CAN-RX can0 08300103#0100
CAN-RX can0 00E#6E4621DF00000000
CAN-RX can0 02000000#0000
CAN-RX can0 02000000#0000
CAN-RX can0 08300103#FFFF
CAN-RX can0 02000000#0000
CAN-RX can0 03C30F0F#87878787878787
CAN-RX can0 140C0201#0000
CAN-RX can0 02000000#0000
CAN-RX can0 02000000#0000
CAN-RX can0 08300103#0500
CAN-RX can0 00E#6E4621DF00000000
CAN-RX can0 02000000#0000
CAN-RX can0 02000000#0000
CAN-RX can0 08300103#0200
CAN-RX can0 02000000#0000
CAN-RX can0 02000000#0000
CAN-RX can0 02000000#0000
CAN-RX can0 08300103#0D00
CAN-RX can0 0C140200#C0
CAN-RX can0 00E#6E4621DF00000000
CAN-RX can0 02000000#0000
CAN-TX can0 78F#208000001F000000
CAN-RX can0 02000000#0000
CAN-RX can0 02000000#0000
CAN-RX can0 03C30F0F#87878787878787
CAN-RX can0 790#CF80000020000000
CAN-RX can0 02000000#0000
CAN-RX can0 14300200#0000
CAN-RX can0 02000000#0000
CAN-RX can0 00E#6E4621DF00000000
CAN-RX can0 02000000#0000
CAN-RX can0 02000000#0000
CAN-RX can0 02000000#0000
CAN-RX can0 02000000#0000
CAN-RX can0 02000000#0000
CAN-RX can0 08300103#0800
CAN-RX can0 0C140200#C1
CAN-RX can0 00E#6E4621DF00000000
CAN-RX can0 02000000#0000
CAN-RX can0 02000000#0000
CAN-RX can0 08300103#FCFF
CAN-RX can0 02000000#0000
CAN-RX can0 03C30F0F#87878787878787
CAN-RX can0 02000000#0000
CAN-RX can0 08300103#0000
CAN-RX can0 02000000#0000
CAN-RX can0 00E#6E4621DF00000000
CAN-RX can0 02000000#0000
CAN-TX can0 78F#208000001F000000
CAN-RX can0 02000000#0000
CAN-RX can0 08300103#1000
CAN-RX can0 790#CF80000020000000
CAN-RX can0 02000000#0000
CAN-RX can0 140C0201#0000
CAN-RX can0 02000000#0000
CAN-RX can0 08300103#F4FF
CAN-RX can0 02000000#0000
CAN-RX can0 00E#6E4621DF00000000
CAN-RX can0 02000000#0000
CAN-RX can0 1C300204#9AE505009AE50500
CAN-RX can0 02000000#0000
CAN-RX can0 08300103#FEFF
CAN-RX can0 02000000#0000
CAN-RX can0 03C30F0F#87878787878787
CAN-RX can0 02000000#0000
CAN-RX can0 08300103#FCFF
CAN-RX can0 02000000#0000
CAN-RX can0 00E#6E4621DF00000000
CAN-RX can0 02000000#0000
CAN-RX can0 02000000#0000
CAN-RX can0 08300103#FEFF
CAN-RX can0 02000000#0000
CAN-RX can0 02000000#0000
CAN-RX can0 14300200#0000
CAN-RX can0 08300103#0B00
CAN-RX can0 02000000#0000
CAN-RX can0 00E#6E4621DF00000000
CAN-RX can0 02000000#0000
CAN-TX can0 78F#208000001F000000
CAN-RX can0 02000000#0000
CAN-RX can0 790#CF80000020000000
CAN-RX can0 08300103#FBFF
CAN-RX can0 02000000#0000
CAN-RX can0 03C30F0F#87878787878787
CAN-RX can0 1C0C0200#1E
CAN-RX can0 02000000#0000
CAN-RX can0 08300103#F9FF
CAN-RX can0 02000000#0000
CAN-RX can0 00E#6E4621DF00000000
CAN-RX can0 1C2C0000#392216880A1A
CAN-RX can0 02000000#0000
CAN-RX can0 02000000#0000
CAN-RX can0 08300103#0600
CAN-RX can0 02000000#0000
CAN-RX can0 02000000#0000
CAN-RX can0 08300103#0500
CAN-RX can0 02000000#0000
CAN-RX can0 00E#6E4621DF00000000
CAN-RX can0 02000000#0000
CAN-RX can0 02000000#0000
CAN-RX can0 08300103#F9FF
CAN-RX can0 02000000#0000
CAN-RX can0 03C30F0F#87878787878787
CAN-RX can0 140C0201#0000
CAN-RX can0 02000000#0000
CAN-RX can0 08300103#FFFF
CAN-RX can0 02000000#0000
CAN-RX can0 00E#6E4621DF00000000
CAN-RX can0 02000000#0000
CAN-TX can0 78F#208000001F000000
CAN-RX can0 790#CF80000020000000
CAN-RX can0 02000000#0000
CAN-RX can0 08300103#FDFF
CAN-RX can0 02000000#0000
CAN-RX can0 02000000#0000
CAN-RX can0 08300103#0B00
CAN-RX can0 02000000#0000
CAN-RX can0 00E#6E4621DF00000000
CAN-RX can0 02000000#0000
CAN-RX can0 02000000#0000
CAN-RX can0 08300103#FFFF
CAN-RX can0 02000000#0000
CAN-RX can0 03C30F0F#87878787878787
CAN-RX can0 02000000#0000
CAN-RX can0 14300200#0000
CAN-RX can0 08300103#FFFF
CAN-RX can0 02000000#0000
CAN-RX can0 00E#6E4621DF00000000
CAN-RX can0 02000000#0000
CAN-RX can0 02000000#0000
CAN-RX can0 08300103#FEFF
CAN-RX can0 02000000#0000
CAN-RX can0 02000000#0000
CAN-RX can0 08300103#EBFF
CAN-RX can0 02000000#0000
CAN-RX can0 00E#6E4621DF00000000
CAN-RX can0 02000000#0000
CAN-TX can0 78F#208000001F000000
CAN-RX can0 790#CF80000020000000
CAN-RX can0 02000000#0000
CAN-RX can0 08300103#0200
CAN-RX can0 02000000#0000
CAN-RX can0 03C30F0F#87878787878787
CAN-RX can0 02000000#0000
CAN-RX can0 08300103#EEFF
CAN-RX can0 02000000#0000
CAN-RX can0 00E#6E4621DF00000000
CAN-RX can0 02000000#0000
CAN-RX can0 02000000#0000
CAN-RX can0 08300103#FCFF
CAN-RX can0 02000000#0000
CAN-RX can0 140C0201#0000
CAN-RX can0 02000000#0000
CAN-RX can0 08300103#0300
CAN-RX can0 02000000#0000
CAN-RX can0 00E#6E4621DF00000000
CAN-RX can0 02000000#0000
CAN-RX can0 02000000#0000
CAN-RX can0 08300103#1400
CAN-RX can0 02000000#0000
CAN-RX can0 03C30F0F#87878787878787
CAN-RX can0 02000000#0000
CAN-RX can0 08300103#0900
CAN-RX can0 02000000#0000
CAN-RX can0 00E#6E4621DF00000000
CAN-TX can0 78F#208000001F000000
CAN-RX can0 02000000#0000
CAN-RX can0 790#CF80000020000000
CAN-RX can0 02000000#0000
CAN-RX can0 08300103#0400
CAN-RX can0 02000000#0000
CAN-RX can0 02000000#0000
CAN-RX can0 14300200#0000
CAN-RX can0 08300103#0000
CAN-RX can0 02000000#0000
CAN-RX can0 00E#6E4621DF00000000
CAN-RX can0 02000000#0000
CAN-RX can0 02000000#0000
CAN-RX can0 08300103#FFFF
CAN-RX can0 02000000#0000
CAN-RX can0 03C30F0F#87878787878787
CAN-RX can0 02000000#0000
CAN-RX can0 08300103#FDFF
CAN-RX can0 02000000#0000
CAN-RX can0 00E#6E4621DF00000000
CAN-RX can0 02000000#0000
CAN-RX can0 02000000#0000
CAN-RX can0 08300103#FDFF
CAN-RX can0 0C140300#C2
CAN-RX can0 02000000#0000
CAN-RX can0 02000000#0000
CAN-RX can0 08300103#F9FF
CAN-RX can0 02000000#0000
CAN-RX can0 00E#6E4621DF00000000
CAN-TX can0 78F#208000001F000000
CAN-RX can0 02000000#0000
CAN-RX can0 790#CF80000020000000
CAN-RX can0 02000000#0000
CAN-RX can0 08300103#0000
CAN-RX can0 02000000#0000
CAN-RX can0 03C30F0F#87878787878787
CAN-RX can0 140C0201#0000
CAN-RX can0 02000000#0000
CAN-RX can0 08300103#0500
CAN-RX can0 02000000#0000
CAN-RX can0 00E#6E4621DF00000000
CAN-RX can0 02000000#0000
CAN-RX can0 02000000#0000
CAN-RX can0 08300103#0D00
CAN-RX can0 02000000#0000
CAN-RX can0 02000000#0000
CAN-RX can0 08300103#F2FF
CAN-RX can0 02000000#0000
CAN-RX can0 0C140200#C0
CAN-RX can0 00E#6E4621DF00000000
CAN-RX can0 02000000#0000
CAN-RX can0 02000000#0000
CAN-RX can0 02000000#0000
CAN-RX can0 03C30F0F#87878787878787
CAN-RX can0 02000000#0000
CAN-RX can0 14300200#0000
CAN-RX can0 02000000#0000
CAN-TX can0 78F#208000001F000000
CAN-RX can0 00E#6E4621DF00000000
CAN-RX can0 02000000#0000
CAN-RX can0 790#CF80000020000000
CAN-RX can0 02000000#0000
CAN-RX can0 02000000#0000
CAN-RX can0 02000000#0000
CAN-RX can0 08300103#F9FF
CAN-RX can0 02000000#0000
CAN-RX can0 0C140200#C1
CAN-RX can0 00E#6E4621DF00000000
CAN-RX can0 02000000#0000
CAN-RX can0 02000000#0000
CAN-RX can0 08300103#FDFF
CAN-RX can0 02000000#0000
CAN-RX can0 03C30F0F#87878787878787
CAN-RX can0 02000000#0000
CAN-RX can0 08300103#FEFF
CAN-RX can0 02000000#0000
CAN-RX can0 00E#6E4621DF00000000
CAN-RX can0 02000000#0000
CAN-RX can0 02000000#0000
CAN-RX can0 08300103#0C00
CAN-RX can0 02000000#0000
CAN-RX can0 140C0201#0000
CAN-RX can0 02000000#0000
CAN-RX can0 08300103#F9FF
CAN-RX can0 02000000#0000
CAN-RX can0 00E#6E4621DF00000000
CAN-RX can0 02000000#0000
CAN-RX can0 02000000#0000
CAN-RX can0 08300103#FFFF
CAN-RX can0 1C300204#9AE505009AE50500
CAN-RX can0 02000000#0000
CAN-RX can0 03C30F0F#87878787878787
CAN-RX can0 02000000#0000
CAN-RX can0 08300103#FBFF
CAN-RX can0 02000000#0000
CAN-RX can0 00E#6E4621DF00000000
CAN-RX can0 02000000#0000
CAN-RX can0 02000000#0000
CAN-RX can0 08300103#EDFF
CAN-RX can0 02000000#0000
CAN-RX can0 02000000#0000
CAN-RX can0 14300200#0000
CAN-RX can0 08300103#0800
CAN-RX can0 02000000#0000
CAN-RX can0 00E#6E4621DF00000000
CAN-RX can0 02000000#0000
CAN-RX can0 02000000#0000
CAN-RX can0 08300103#1500
CAN-RX can0 02000000#0000
CAN-RX can0 03C30F0F#87878787878787
CAN-RX can0 1C0C0200#1E
CAN-RX can0 02000000#0000
CAN-RX can0 08300103#0B00
CAN-RX can0 02000000#0000
CAN-RX can0 00E#6E4621DF00000000
CAN-RX can0 1C2C0000#3A2216880A1A
CAN-RX can0 02000000#0000
CAN-RX can0 02000000#0000
CAN-RX can0 08300103#FEFF
CAN-RX can0 02000000#0000
CAN-RX can0 02000000#0000
CAN-RX can0 08300103#0600
CAN-RX can0 02000000#0000
CAN-RX can0 00E#6E4621DF00000000
CAN-RX can0 02000000#0000
CAN-RX can0 02000000#0000
CAN-RX can0 08300103#FAFF
CAN-RX can0 02000000#0000
CAN-RX can0 03C30F0F#87878787878787
CAN-RX can0 140C0201#0000
CAN-RX can0 02000000#0000
CAN-RX can0 08300103#FBFF
CAN-RX can0 02000000#0000
CAN-RX can0 00E#6E4621DF00000000
CAN-RX can0 02000000#0000
CAN-RX can0 02000000#0000
CAN-RX can0 08300103#0900
CAN-RX can0 02000000#0000
CAN-RX can0 02000000#0000
CAN-RX can0 08300103#FFFF
CAN-TX can0 78F#208000001F000000
CAN-RX can0 02000000#0000
CAN-RX can0 00E#6E4621DF00000000
CAN-RX can0 02000000#0000
CAN-RX can0 790#CF80000020000000
CAN-RX can0 02000000#0000
CAN-RX can0 08300103#FEFF
CAN-RX can0 02000000#0000
CAN-RX can0 03C30F0F#87878787878787
CAN-RX can0 02000000#0000
CAN-RX can0 14300200#0000
CAN-RX can0 08300103#0A00
CAN-RX can0 02000000#0000
CAN-RX can0 00E#6E4621DF00000000
CAN-RX can0 02000000#0000
CAN-RX can0 02000000#0000
CAN-RX can0 08300103#F6FF
CAN-RX can0 02000000#0000
CAN-RX can0 02000000#0000
CAN-RX can0 08300103#0000
CAN-RX can0 02000000#0000
CAN-RX can0 00E#6E4621DF00000000
CAN-RX can0 02000000#0000
CAN-RX can0 02000000#0000
CAN-RX can0 08300103#F7FF
CAN-RX can0 02000000#0000
CAN-RX can0 03C30F0F#87878787878787
CAN-RX can0 02000000#0000
CAN-RX can0 08300103#FEFF
CAN-TX can0 78F#208000001F000000
CAN-RX can0 02000000#0000
CAN-RX can0 00E#6E4621DF00000000
CAN-RX can0 790#CF80000020000000
CAN-RX can0 02000000#0000
CAN-RX can0 02000000#0000
CAN-RX can0 08300103#FFFF
CAN-RX can0 02000000#0000
CAN-RX can0 140C0201#0000
CAN-RX can0 02000000#0000
CAN-RX can0 08300103#0800
CAN-RX can0 02000000#0000
CAN-RX can0 00E#6E4621DF00000000
CAN-RX can0 02000000#0000
CAN-RX can0 02000000#0000
CAN-RX can0 08300103#0000
CAN-RX can0 02000000#0000
CAN-RX can0 03C30F0F#87878787878787
CAN-RX can0 02000000#0000
CAN-RX can0 08300103#F3FF
CAN-RX can0 02000000#0000
CAN-RX can0 00E#6E4621DF00000000
CAN-RX can0 02000000#0000
CAN-RX can0 02000000#0000
CAN-RX can0 08300103#0B00
CAN-RX can0 02000000#0000
CAN-RX can0 02000000#0000
CAN-RX can0 14300200#0000
CAN-TX can0 78F#208000001F000000
CAN-RX can0 08300103#0100
CAN-RX can0 02000000#0000
CAN-RX can0 790#CF80000020000000
CAN-RX can0 00E#6E4621DF00000000
CAN-RX can0 02000000#0000
CAN-RX can0 02000000#0000
CAN-RX can0 08300103#FCFF
CAN-RX can0 02000000#0000
CAN-RX can0 03C30F0F#87878787878787
CAN-RX can0 02000000#0000
CAN-RX can0 08300103#0700
CAN-RX can0 02000000#0000
CAN-RX can0 00E#6E4621DF00000000
CAN-RX can0 02000000#0000
CAN-RX can0 02000000#0000
CAN-RX can0 08300103#1100
CAN-RX can0 0C140300#C2
CAN-RX can0 02000000#0000
CAN-RX can0 02000000#0000
CAN-RX can0 08300103#0A00
CAN-RX can0 02000000#0000
CAN-RX can0 00E#6E4621DF00000000
CAN-RX can0 02000000#0000
CAN-RX can0 02000000#0000
CAN-RX can0 08300103#FEFF
CAN-RX can0 02000000#0000
CAN-RX can0 03C30F0F#87878787878787
CAN-RX can0 140C0201#0000
CAN-RX can0 02000000#0000
CAN-TX can0 78F#208000001F000000
CAN-RX can0 08300103#0500
CAN-RX can0 790#CF80000020000000
CAN-RX can0 02000000#0000
CAN-RX can0 00E#6E4621DF00000000
CAN-RX can0 02000000#0000
CAN-RX can0 02000000#0000
CAN-RX can0 08300103#0600
CAN-RX can0 02000000#0000
CAN-RX can0 02000000#0000
CAN-RX can0 08300103#0600
CAN-RX can0 02000000#0000
CAN-RX can0 0C140200#C0
CAN-RX can0 00E#6E4621DF00000000
CAN-RX can0 02000000#0000
CAN-RX can0 02000000#0000
CAN-RX can0 02000000#0000
CAN-RX can0 03C30F0F#87878787878787
CAN-RX can0 02000000#0000
CAN-RX can0 14300200#0000
CAN-RX can0 02000000#0000
CAN-RX can0 00E#6E4621DF00000000
CAN-RX can0 02000000#0000
CAN-RX can0 02000000#0000
CAN-RX can0 02000000#0000
CAN-TX can0 78F#208000001F000000
CAN-RX can0 02000000#0000
CAN-RX can0 790#CF80000020000000
CAN-RX can0 08300103#0700
CAN-RX can0 02000000#0000
CAN-RX can0 0C140200#C1
CAN-RX can0 00E#6E4621DF00000000
CAN-RX can0 02000000#0000
CAN-RX can0 08300103#0500
CAN-RX can0 02000000#0000
CAN-RX can0 02000000#0000
CAN-RX can0 03C30F0F#87878787878787
CAN-RX can0 02000000#0000
CAN-RX can0 08300103#0600
CAN-RX can0 02000000#0000
CAN-RX can0 00E#6E4621DF00000000
CAN-RX can0 02000000#0000
CAN-RX can0 08300103#F9FF
CAN-RX can0 02000000#0000
CAN-RX can0 02000000#0000
CAN-RX can0 140C0201#0000
CAN-RX can0 02000000#0000
CAN-RX can0 08300103#0900
CAN-RX can0 02000000#0000
CAN-RX can0 00E#6E4621DF00000000
CAN-RX can0 02000000#0000
CAN-TX can0 78F#208000001F000000
CAN-RX can0 08300103#0400
CAN-RX can0 02000000#0000
CAN-RX can0 02000000#0000
CAN-RX can0 03C30F0F#87878787878787
CAN-RX can0 1C300204#9AE505009AE50500
CAN-RX can0 02000000#0000
CAN-RX can0 790#CF80000020000000
CAN-RX can0 08300103#FDFF
CAN-RX can0 02000000#0000
CAN-RX can0 00E#6E4621DF00000000
CAN-RX can0 02000000#0000
CAN-RX can0 08300103#0200
CAN-RX can0 02000000#0000
CAN-RX can0 02000000#0000
CAN-RX can0 02000000#0000
CAN-RX can0 14300200#0000
CAN-RX can0 08300103#F9FF
CAN-RX can0 02000000#0000
CAN-RX can0 00E#6E4621DF00000000
CAN-RX can0 02000000#0000
CAN-RX can0 08300103#FEFF
CAN-RX can0 02000000#0000
CAN-RX can0 02000000#0000
CAN-RX can0 03C30F0F#87878787878787
CAN-RX can0 1C0C0200#1E
CAN-RX can0 02000000#0000
CAN-RX can0 08300103#FBFF
CAN-RX can0 02000000#0000
CAN-RX can0 00E#6E4621DF00000000
CAN-RX can0 1C2C0000#3B2216880A1A
CAN-RX can0 02000000#0000
CAN-RX can0 08300103#1000
CAN-RX can0 02000000#0000
CAN-RX can0 02000000#0000
CAN-TX can0 78F#208000001F000000
CAN-RX can0 02000000#0000
CAN-RX can0 790#CF80000020000000
CAN-RX can0 08300103#F2FF
CAN-RX can0 02000000#0000
CAN-RX can0 00E#6E4621DF00000000
CAN-RX can0 02000000#0000
CAN-RX can0 08300103#0300
CAN-RX can0 02000000#0000
CAN-RX can0 02000000#0000
CAN-RX can0 03C30F0F#87878787878787
CAN-RX can0 140C0201#0000
CAN-RX can0 02000000#0000
CAN-RX can0 08300103#0700
CAN-RX can0 02000000#0000
CAN-RX can0 00E#6E4621DF00000000
CAN-RX can0 02000000#0000
CAN-RX can0 08300103#F3FF
CAN-RX can0 02000000#0000
CAN-RX can0 02000000#0000
CAN-RX can0 02000000#0000
CAN-RX can0 08300103#F9FF
CAN-RX can0 02000000#0000
CAN-RX can0 00E#6E4621DF00000000
CAN-RX can0 02000000#0000
CAN-RX can0 08300103#0F00
CAN-RX can0 02000000#0000
CAN-RX can0 02000000#0000
CAN-RX can0 03C30F0F#87878787878787
CAN-TX can0 78F#208000001F000000
CAN-RX can0 02000000#0000
CAN-RX can0 790#CF80000020000000
CAN-RX can0 14300200#0000
CAN-RX can0 08300103#1900
CAN-RX can0 02000000#0000
CAN-RX can0 00E#6E4621DF00000000
CAN-RX can0 02000000#0000
CAN-RX can0 08300103#0500
CAN-RX can0 02000000#0000
CAN-RX can0 02000000#0000
CAN-RX can0 02000000#0000
CAN-RX can0 08300103#0000
CAN-RX can0 02000000#0000
CAN-RX can0 00E#6E4621DF00000000
CAN-RX can0 02000000#0000
CAN-RX can0 08300103#0A00
CAN-RX can0 02000000#0000
CAN-RX can0 02000000#0000
CAN-RX can0 03C30F0F#87878787878787
CAN-RX can0 02000000#0000
CAN-RX can0 08300103#F2FF
CAN-RX can0 02000000#0000
CAN-RX can0 00E#6E4621DF00000000
CAN-RX can0 02000000#0000
CAN-RX can0 08300103#FCFF
CAN-RX can0 02000000#0000
CAN-RX can0 02000000#0000
CAN-RX can0 140C0201#0000
CAN-TX can0 78F#208000001F000000
CAN-RX can0 790#CF80000020000000
CAN-RX can0 02000000#0000
CAN-RX can0 08300103#1100
CAN-RX can0 02000000#0000
CAN-RX can0 00E#6E4621DF00000000
CAN-RX can0 02000000#0000
CAN-RX can0 08300103#0A00
CAN-RX can0 02000000#0000
CAN-RX can0 02000000#0000
CAN-RX can0 03C30F0F#87878787878787
CAN-RX can0 02000000#0000
CAN-RX can0 08300103#0500
CAN-RX can0 02000000#0000
CAN-RX can0 00E#6E4621DF00000000
CAN-RX can0 02000000#0000
CAN-RX can0 08300103#0000
CAN-RX can0 02000000#0000
CAN-RX can0 02000000#0000
CAN-RX can0 02000000#0000
CAN-RX can0 14300200#0000
CAN-RX can0 08300103#0900
CAN-RX can0 02000000#0000
CAN-RX can0 00E#6E4621DF00000000
CAN-RX can0 02000000#0000
CAN-RX can0 08300103#0A00
CAN-RX can0 02000000#0000
CAN-RX can0 02000000#0000
CAN-RX can0 03C30F0F#87878787878787
CAN-TX can0 78F#208000001F000000
CAN-RX can0 790#CF80000020000000
CAN-RX can0 02000000#0000
CAN-RX can0 08300103#0E00
CAN-RX can0 02000000#0000
CAN-RX can0 00E#6E4621DF00000000
CAN-RX can0 02000000#0000
CAN-RX can0 08300103#0D00
CAN-RX can0 02000000#0000
CAN-RX can0 0C140300#C2
CAN-RX can0 02000000#0000
CAN-RX can0 02000000#0000
CAN-RX can0 08300103#0400
CAN-RX can0 02000000#0000
CAN-RX can0 00E#6E4621DF00000000
CAN-RX can0 02000000#0000
CAN-RX can0 08300103#F8FF
CAN-RX can0 02000000#0000
CAN-RX can0 02000000#0000
CAN-RX can0 03C30F0F#87878787878787
CAN-RX can0 140C0201#0000
CAN-RX can0 02000000#0000
CAN-RX can0 08300103#FFFF
CAN-RX can0 02000000#0000
CAN-RX can0 00E#6E4621DF00000000
CAN-RX can0 02000000#0000
CAN-RX can0 08300103#FBFF
CAN-RX can0 02000000#0000
CAN-RX can0 02000000#0000
CAN-TX can0 78F#208000001F000000
CAN-RX can0 790#CF80000020000000
CAN-RX can0 02000000#0000
CAN-RX can0 08300103#0300
CAN-RX can0 02000000#0000
CAN-RX can0 0C140200#C0
CAN-RX can0 00E#6E4621DF00000000
CAN-RX can0 02000000#0000
CAN-RX can0 02000000#0000
CAN-RX can0 02000000#0000
CAN-RX can0 03C30F0F#87878787878787
CAN-RX can0 02000000#0000
CAN-RX can0 14300200#0000
CAN-RX can0 02000000#0000
CAN-RX can0 00E#6E4621DF00000000
CAN-RX can0 02000000#0000
CAN-RX can0 02000000#0000
CAN-RX can0 02000000#0000
CAN-RX can0 02000000#0000
CAN-RX can0 08300103#0500
CAN-RX can0 02000000#0000
CAN-RX can0 0C140200#C1
CAN-RX can0 00E#6E4621DF00000000
CAN-RX can0 02000000#0000
CAN-RX can0 08300103#F9FF
CAN-RX can0 02000000#0000
CAN-TX can0 78F#208000001F000000
CAN-RX can0 02000000#0000
CAN-RX can0 03C30F0F#87878787878787
CAN-RX can0 790#CF80000020000000
CAN-RX can0 02000000#0000
CAN-RX can0 08300103#0400
CAN-RX can0 02000000#0000
CAN-RX can0 00E#6E4621DF00000000
CAN-RX can0 02000000#0000
CAN-RX can0 08300103#0100
CAN-RX can0 02000000#0000
CAN-RX can0 02000000#0000
CAN-RX can0 140C0201#0000
CAN-RX can0 02000000#0000
CAN-RX can0 08300103#F4FF
CAN-RX can0 02000000#0000
CAN-RX can0 00E#6E4621DF00000000
CAN-RX can0 02000000#0000
CAN-RX can0 08300103#0500
CAN-RX can0 02000000#0000
CAN-RX can0 02000000#0000
CAN-RX can0 03C30F0F#87878787878787
CAN-RX can0 02000000#0000
CAN-RX can0 08300103#1000
CAN-RX can0 1C300204#9AE505009AE50500
CAN-RX can0 02000000#0000
CAN-RX can0 00E#6E4621DF00000000
CAN-TX can0 78F#208000001F000000
CAN-RX can0 02000000#0000
CAN-RX can0 08300103#0800
CAN-RX can0 02000000#0000
CAN-RX can0 02000000#0000
CAN-RX can0 790#CF80000020000000
CAN-RX can0 02000000#0000
CAN-RX can0 08300103#0900
CAN-RX can0 14300200#0000
CAN-RX can0 02000000#0000
CAN-RX can0 00E#6E4621DF00000000
CAN-RX can0 02000000#0000
CAN-RX can0 08300103#F5FF
CAN-RX can0 02000000#0000
CAN-RX can0 02000000#0000
CAN-RX can0 03C30F0F#87878787878787
CAN-RX can0 1C0C0200#1E
CAN-RX can0 02000000#0000
CAN-RX can0 08300103#FCFF
CAN-RX can0 02000000#0000
CAN-RX can0 00E#6E4621DF00000000
CAN-RX can0 1C2C0000#002316880A1A
CAN-RX can0 02000000#0000
CAN-RX can0 08300103#0800
CAN-RX can0 02000000#0000
CAN-RX can0 02000000#0000
CAN-RX can0 02000000#0000
CAN-RX can0 08300103#0300
CAN-RX can0 02000000#0000
CAN-RX can0 00E#6E4621DF00000000
CAN-RX can0 02000000#0000
CAN-RX can0 08300103#0400
CAN-RX can0 02000000#0000
CAN-TX can0 78F#208000001F000000
CAN-RX can0 02000000#0000
CAN-RX can0 03C30F0F#87878787878787
CAN-RX can0 140C0201#0000
CAN-RX can0 790#CF80000020000000
CAN-RX can0 02000000#0000
CAN-RX can0 08300103#1100
CAN-RX can0 02000000#0000
CAN-RX can0 00E#6E4621DF00000000
CAN-RX can0 02000000#0000
CAN-RX can0 08300103#0700
CAN-RX can0 02000000#0000
CAN-RX can0 02000000#0000
CAN-RX can0 02000000#0000
CAN-RX can0 08300103#F1FF
CAN-RX can0 02000000#0000
CAN-RX can0 00E#6E4621DF00000000
CAN-RX can0 02000000#0000
CAN-RX can0 08300103#0700
CAN-RX can0 02000000#0000
CAN-RX can0 02000000#0000
CAN-RX can0 03C30F0F#87878787878787
CAN-RX can0 02000000#0000
CAN-RX can0 08300103#FCFF
CAN-RX can0 14300200#0000
CAN-RX can0 02000000#0000
CAN-RX can0 00E#6E4621DF00000000
CAN-RX can0 02000000#0000
CAN-RX can0 08300103#F4FF
CAN-RX can0 02000000#0000
CAN-RX can0 02000000#0000
CAN-RX can0 02000000#0000
CAN-RX can0 08300103#FCFF
CAN-RX can0 02000000#0000
CAN-RX can0 00E#6E4621DF00000000
CAN-RX can0 02000000#0000
CAN-TX can0 78F#208000001F000000
CAN-RX can0 790#CF80000020000000
CAN-RX can0 08300103#0500
CAN-RX can0 02000000#0000
CAN-RX can0 02000000#0000
CAN-RX can0 03C30F0F#87878787878787
CAN-RX can0 02000000#0000
CAN-RX can0 08300103#0D00
CAN-RX can0 02000000#0000
CAN-RX can0 00E#6E4621DF00000000
CAN-RX can0 02000000#0000
CAN-RX can0 08300103#F8FF
CAN-RX can0 02000000#0000
CAN-RX can0 02000000#0000
CAN-RX can0 140C0201#0000
CAN-RX can0 02000000#0000
CAN-RX can0 08300103#FBFF
CAN-RX can0 02000000#0000
CAN-RX can0 00E#6E4621DF00000000
CAN-RX can0 02000000#0000
CAN-RX can0 08300103#FBFF
CAN-RX can0 02000000#0000
CAN-RX can0 02000000#0000
CAN-RX can0 03C30F0F#87878787878787
CAN-RX can0 02000000#0000
CAN-RX can0 08300103#0100
CAN-RX can0 02000000#0000
CAN-RX can0 00E#6E4621DF00000000
CAN-TX can0 78F#208000001F000000
CAN-RX can0 02000000#0000
CAN-RX can0 790#CF80000020000000
CAN-RX can0 08300103#0D00
CAN-RX can0 02000000#0000
CAN-RX can0 02000000#0000
CAN-RX can0 02000000#0000
CAN-RX can0 08300103#FAFF
CAN-RX can0 14300200#0000
CAN-RX can0 02000000#0000
CAN-RX can0 00E#6E4621DF00000000
CAN-RX can0 02000000#0000
CAN-RX can0 08300103#0100
CAN-RX can0 02000000#0000
CAN-RX can0 02000000#0000
CAN-RX can0 03C30F0F#87878787878787
CAN-RX can0 02000000#0000
CAN-RX can0 08300103#FAFF
CAN-RX can0 02000000#0000
CAN-RX can0 00E#6E4621DF00000000
CAN-RX can0 02000000#0000
CAN-RX can0 08300103#0400
CAN-RX can0 02000000#0000
CAN-RX can0 0C140300#C2
CAN-RX can0 02000000#0000
CAN-RX can0 02000000#0000
CAN-RX can0 08300103#FFFF
CAN-RX can0 02000000#0000
CAN-RX can0 00E#6E4621DF00000000
CAN-TX can0 78F#208000001F000000
CAN-RX can0 02000000#0000
CAN-RX can0 790#CF80000020000000
CAN-RX can0 08300103#FCFF
CAN-RX can0 02000000#0000
CAN-RX can0 02000000#0000
CAN-RX can0 03C30F0F#87878787878787
CAN-RX can0 140C0201#0000
CAN-RX can0 02000000#0000
CAN-RX can0 08300103#0300
CAN-RX can0 02000000#0000
CAN-RX can0 00E#6E4621DF00000000
CAN-RX can0 02000000#0000
CAN-RX can0 08300103#0200
CAN-RX can0 02000000#0000
CAN-RX can0 02000000#0000
CAN-RX can0 02000000#0000
CAN-RX can0 08300103#0700
CAN-RX can0 02000000#0000
CAN-RX can0 0C140200#C0
CAN-RX can0 00E#6E4621DF00000000
CAN-RX can0 02000000#0000
CAN-RX can0 02000000#0000
CAN-RX can0 02000000#0000
CAN-RX can0 03C30F0F#87878787878787
CAN-RX can0 02000000#0000
CAN-RX can0 14300200#0000
CAN-RX can0 02000000#0000
CAN-RX can0 00E#6E4621DF00000000
CAN-TX can0 78F#208000001F000000
CAN-RX can0 02000000#0000
CAN-RX can0 790#CF80000020000000
CAN-RX can0 02000000#0000
CAN-RX can0 02000000#0000
CAN-RX can0 02000000#0000
CAN-RX can0 08300103#0000
CAN-RX can0 02000000#0000
CAN-RX can0 0C140200#C1
CAN-RX can0 00E#6E4621DF00000000
CAN-RX can0 02000000#0000
CAN-RX can0 08300103#F8FF
CAN-RX can0 02000000#0000
CAN-RX can0 02000000#0000
CAN-RX can0 03C30F0F#87878787878787
CAN-RX can0 08300103#0000
CAN-RX can0 02000000#0000
CAN-RX can0 02000000#0000
CAN-RX can0 00E#6E4621DF00000000
CAN-RX can0 02000000#0000
CAN-RX can0 08300103#F3FF
CAN-RX can0 02000000#0000
CAN-RX can0 02000000#0000
CAN-RX can0 140C0201#0000
CAN-RX can0 08300103#0000
CAN-RX can0 02000000#0000
CAN-RX can0 02000000#0000
CAN-RX can0 00E#6E4621DF00000000
CAN-RX can0 02000000#0000
CAN-TX can0 78F#208000001F000000
CAN-RX can0 790#CF80000020000000
CAN-RX can0 08300103#1500
CAN-RX can0 02000000#0000
CAN-RX can0 02000000#0000
CAN-RX can0 03C30F0F#87878787878787
CAN-RX can0 08300103#1A00
CAN-RX can0 02000000#0000
CAN-RX can0 02000000#0000
CAN-RX can0 1C300204#9AE505009AE50500
CAN-RX can0 00E#6E4621DF00000000
CAN-RX can0 02000000#0000
CAN-RX can0 08300103#F6FF
CAN-RX can0 02000000#0000
CAN-RX can0 02000000#0000
CAN-RX can0 08300103#0900
CAN-RX can0 02000000#0000
CAN-RX can0 14300200#0000
CAN-RX can0 02000000#0000
CAN-RX can0 00E#6E4621DF00000000
CAN-RX can0 02000000#0000
CAN-RX can0 08300103#0500
CAN-RX can0 02000000#0000
CAN-RX can0 02000000#0000
CAN-RX can0 03C30F0F#87878787878787
CAN-RX can0 1C0C0200#1E
CAN-RX can0 08300103#0300
CAN-RX can0 02000000#0000
CAN-RX can0 02000000#0000
CAN-RX can0 00E#6E4621DF00000000
CAN-RX can0 1C2C0000#012316880A1A
CAN-TX can0 78F#208000001F000000
CAN-RX can0 02000000#0000
CAN-RX can0 790#CF80000020000000
CAN-RX can0 08300103#0E00
CAN-RX can0 02000000#0000
CAN-RX can0 02000000#0000
CAN-RX can0 08300103#0600
CAN-RX can0 02000000#0000
CAN-RX can0 02000000#0000
CAN-RX can0 00E#6E4621DF00000000
CAN-RX can0 02000000#0000
CAN-RX can0 08300103#0A00
CAN-RX can0 02000000#0000
CAN-RX can0 02000000#0000
CAN-RX can0 03C30F0F#87878787878787
CAN-RX can0 140C0201#0000
CAN-RX can0 08300103#0600
CAN-RX can0 02000000#0000
CAN-RX can0 02000000#0000
CAN-RX can0 00E#6E4621DF00000000
CAN-RX can0 02000000#0000
CAN-RX can0 08300103#F2FF
CAN-RX can0 02000000#0000
CAN-RX can0 02000000#0000
CAN-RX can0 08300103#0E00
CAN-RX can0 02000000#0000
CAN-TX can0 78F#208000001F000000
CAN-RX can0 02000000#0000
CAN-RX can0 00E#6E4621DF00000000
CAN-RX can0 02000000#0000
CAN-RX can0 790#CF80000020000000
CAN-RX can0 08300103#0000
CAN-RX can0 02000000#0000
CAN-RX can0 02000000#0000
CAN-RX can0 03C30F0F#87878787878787
CAN-RX can0 08300103#FEFF
CAN-RX can0 02000000#0000
CAN-RX can0 14300200#0000
CAN-RX can0 02000000#0000
CAN-RX can0 00E#6E4621DF00000000
CAN-RX can0 02000000#0000
CAN-RX can0 08300103#F0FF
CAN-RX can0 02000000#0000
CAN-RX can0 02000000#0000
CAN-RX can0 08300103#FFFF
CAN-RX can0 02000000#0000
CAN-RX can0 02000000#0000
CAN-RX can0 00E#6E4621DF00000000
CAN-RX can0 02000000#0000
CAN-RX can0 08300103#0B00
CAN-RX can0 02000000#0000
CAN-RX can0 02000000#0000
CAN-RX can0 03C30F0F#87878787878787
CAN-RX can0 08300103#FDFF
CAN-RX can0 02000000#0000
CAN-RX can0 02000000#0000
CAN-TX can0 78F#208000001F000000
CAN-RX can0 00E#6E4621DF00000000
CAN-RX can0 02000000#0000
CAN-RX can0 790#CF80000020000000
CAN-RX can0 08300103#0500
CAN-RX can0 02000000#0000
CAN-RX can0 02000000#0000
CAN-RX can0 140C0201#0000
CAN-RX can0 08300103#0B00
CAN-RX can0 02000000#0000
CAN-RX can0 02000000#0000
CAN-RX can0 00E#6E4621DF00000000
CAN-RX can0 02000000#0000
CAN-RX can0 08300103#0500
CAN-RX can0 02000000#0000
CAN-RX can0 02000000#0000
CAN-RX can0 03C30F0F#87878787878787
CAN-RX can0 08300103#0000
CAN-RX can0 02000000#0000
CAN-RX can0 02000000#0000
CAN-RX can0 00E#6E4621DF00000000
CAN-RX can0 02000000#0000
CAN-RX can0 08300103#FFFF
CAN-RX can0 02000000#0000
CAN-RX can0 02000000#0000
CAN-RX can0 08300103#FEFF
CAN-RX can0 02000000#0000
CAN-TX can0 78F#208000001F000000
CAN-RX can0 14300200#0000
CAN-RX can0 02000000#0000
CAN-RX can0 00E#6E4621DF00000000
CAN-RX can0 02000000#0000
CAN-RX can0 08300103#0E00
CAN-RX can0 790#CF80000020000000
CAN-RX can0 02000000#0000
CAN-RX can0 02000000#0000
CAN-RX can0 03C30F0F#87878787878787
CAN-RX can0 08300103#0C00
CAN-RX can0 02000000#0000
CAN-RX can0 02000000#0000
CAN-RX can0 00E#6E4621DF00000000
CAN-RX can0 02000000#0000
CAN-RX can0 08300103#0900
CAN-RX can0 02000000#0000
CAN-RX can0 0C140300#C2
CAN-RX can0 02000000#0000
CAN-RX can0 08300103#F2FF
CAN-RX can0 02000000#0000
CAN-RX can0 02000000#0000
CAN-RX can0 00E#6E4621DF00000000
CAN-RX can0 02000000#0000
CAN-RX can0 08300103#1200
CAN-RX can0 02000000#0000
CAN-RX can0 02000000#0000
CAN-RX can0 03C30F0F#87878787878787
CAN-RX can0 140C0201#0000
CAN-RX can0 08300103#F7FF
CAN-RX can0 02000000#0000
CAN-RX can0 02000000#0000
CAN-RX can0 00E#6E4621DF00000000
CAN-RX can0 02000000#0000
CAN-TX can0 78F#208000001F000000
CAN-RX can0 08300103#FEFF
CAN-RX can0 790#CF80000020000000
CAN-RX can0 02000000#0000
CAN-RX can0 02000000#0000
CAN-RX can0 08300103#0400
CAN-RX can0 02000000#0000
CAN-RX can0 02000000#0000
CAN-RX can0 0C140200#C0
CAN-RX can0 00E#6E4621DF00000000
CAN-RX can0 02000000#0000
CAN-RX can0 02000000#0000
CAN-RX can0 02000000#0000
CAN-RX can0 03C30F0F#87878787878787
CAN-RX can0 02000000#0000
CAN-RX can0 14300200#0000
CAN-RX can0 02000000#0000
CAN-RX can0 00E#6E4621DF00000000
CAN-RX can0 02000000#0000
CAN-RX can0 02000000#0000
CAN-RX can0 02000000#0000
CAN-RX can0 08300103#FFFF
CAN-RX can0 02000000#0000
CAN-RX can0 02000000#0000
CAN-RX can0 0C140200#C1
CAN-RX can0 00E#6E4621DF00000000
CAN-TX can0 78F#208000001F000000
CAN-RX can0 02000000#0000
CAN-RX can0 08300103#FCFF
CAN-RX can0 790#CF80000020000000
CAN-RX can0 02000000#0000
CAN-RX can0 02000000#0000
CAN-RX can0 03C30F0F#87878787878787
CAN-RX can0 08300103#0300
CAN-RX can0 02000000#0000
CAN-RX can0 02000000#0000
CAN-RX can0 00E#6E4621DF00000000
CAN-RX can0 02000000#0000
CAN-RX can0 08300103#0C00
CAN-RX can0 02000000#0000
CAN-RX can0 02000000#0000
CAN-RX can0 140C0201#0000
CAN-RX can0 08300103#0900
CAN-RX can0 02000000#0000
CAN-RX can0 02000000#0000
CAN-RX can0 00E#6E4621DF00000000
CAN-RX can0 02000000#0000
CAN-RX can0 08300103#0000
CAN-RX can0 02000000#0000
CAN-RX can0 02000000#0000
CAN-RX can0 03C30F0F#87878787878787
CAN-RX can0 08300103#FDFF
CAN-RX can0 02000000#0000
CAN-RX can0 02000000#0000
CAN-RX can0 00E#6E4621DF00000000
CAN-TX can0 78F#208000001F000000
CAN-RX can0 02000000#0000
CAN-RX can0 08300103#0A00
CAN-RX can0 1C300204#9AE505009AE50500
CAN-RX can0 790#CF80000020000000
CAN-RX can0 02000000#0000
CAN-RX can0 02000000#0000
CAN-RX can0 08300103#EDFF
CAN-RX can0 02000000#0000
CAN-RX can0 14300200#0000
CAN-RX can0 02000000#0000
CAN-RX can0 00E#6E4621DF00000000
CAN-RX can0 02000000#0000
CAN-RX can0 08300103#0300
CAN-RX can0 02000000#0000
CAN-RX can0 02000000#0000
CAN-RX can0 03C30F0F#87878787878787
CAN-RX can0 1C0C0200#1E
CAN-RX can0 08300103#FDFF
CAN-RX can0 02000000#0000
CAN-RX can0 02000000#0000
CAN-RX can0 00E#6E4621DF00000000
CAN-RX can0 1C2C0000#022316880A1A
CAN-RX can0 02000000#0000
CAN-RX can0 08300103#FDFF
CAN-RX can0 02000000#0000
CAN-RX can0 02000000#0000
CAN-RX can0 08300103#0100
CAN-RX can0 02000000#0000
CAN-RX can0 02000000#0000
CAN-RX can0 00E#6E4621DF00000000
CAN-TX can0 78F#208000001F000000
CAN-RX can0 02000000#0000
CAN-RX can0 08300103#0E00
CAN-RX can0 790#CF80000020000000
CAN-RX can0 02000000#0000
CAN-RX can0 02000000#0000
CAN-RX can0 03C30F0F#87878787878787
CAN-RX can0 140C0201#0000
CAN-RX can0 08300103#FAFF
CAN-RX can0 02000000#0000
CAN-RX can0 02000000#0000
CAN-RX can0 00E#6E4621DF00000000
CAN-RX can0 02000000#0000
CAN-RX can0 08300103#F8FF
CAN-RX can0 02000000#0000
CAN-RX can0 02000000#0000
CAN-RX can0 08300103#F6FF
CAN-RX can0 02000000#0000
CAN-RX can0 02000000#0000
CAN-RX can0 00E#6E4621DF00000000
CAN-RX can0 02000000#0000
CAN-RX can0 08300103#1600
CAN-RX can0 02000000#0000
CAN-RX can0 02000000#0000
CAN-RX can0 03C30F0F#87878787878787
CAN-RX can0 08300103#0900
CAN-RX can0 02000000#0000
CAN-RX can0 14300200#0000
CAN-RX can0 02000000#0000
CAN-TX can0 78F#208000001F000000
CAN-RX can0 00E#6E4621DF00000000
CAN-RX can0 02000000#0000
CAN-RX can0 08300103#0C00
CAN-RX can0 790#CF80000020000000
CAN-RX can0 02000000#0000
CAN-RX can0 02000000#0000
CAN-RX can0 08300103#0900
CAN-RX can0 02000000#0000
CAN-RX can0 02000000#0000
CAN-RX can0 00E#6E4621DF00000000
CAN-RX can0 02000000#0000
CAN-RX can0 08300103#0600
CAN-RX can0 02000000#0000
CAN-RX can0 02000000#0000
CAN-RX can0 03C30F0F#87878787878787
CAN-RX can0 08300103#FDFF
CAN-RX can0 02000000#0000
CAN-RX can0 02000000#0000
CAN-RX can0 00E#6E4621DF00000000
CAN-RX can0 02000000#0000
CAN-RX can0 08300103#0C00
CAN-RX can0 02000000#0000
CAN-RX can0 02000000#0000
CAN-RX can0 140C0201#0000
CAN-RX can0 08300103#0400
CAN-RX can0 02000000#0000
CAN-RX can0 02000000#0000
CAN-TX can0 78F#208000001F000000
CAN-RX can0 00E#6E4621DF00000000
CAN-RX can0 790#CF80000020000000
CAN-RX can0 02000000#0000
CAN-RX can0 08300103#FCFF
CAN-RX can0 02000000#0000
CAN-RX can0 02000000#0000
CAN-RX can0 03C30F0F#87878787878787
CAN-RX can0 08300103#FEFF
CAN-RX can0 02000000#0000
CAN-RX can0 02000000#0000
CAN-RX can0 00E#6E4621DF00000000
CAN-RX can0 02000000#0000
CAN-RX can0 08300103#0200
CAN-RX can0 02000000#0000
CAN-RX can0 02000000#0000
CAN-RX can0 08300103#0000
CAN-RX can0 02000000#0000
CAN-RX can0 14300200#0000
CAN-RX can0 02000000#0000
CAN-RX can0 00E#6E4621DF00000000
CAN-RX can0 02000000#0000
CAN-RX can0 08300103#0500
CAN-RX can0 02000000#0000
CAN-RX can0 02000000#0000
CAN-RX can0 03C30F0F#87878787878787
CAN-RX can0 08300103#0600
CAN-RX can0 02000000#0000
CAN-TX can0 78F#208000001F000000
CAN-RX can0 02000000#0000
CAN-RX can0 00E#6E4621DF00000000
CAN-RX can0 790#CF80000020000000
CAN-RX can0 02000000#0000
CAN-RX can0 08300103#0D00
CAN-RX can0 02000000#0000
CAN-RX can0 0C140300#C2
CAN-RX can0 02000000#0000
CAN-RX can0 08300103#0300
CAN-RX can0 02000000#0000
CAN-RX can0 02000000#0000
CAN-RX can0 00E#6E4621DF00000000
CAN-RX can0 02000000#0000
CAN-RX can0 08300103#0100
CAN-RX can0 02000000#0000
CAN-RX can0 02000000#0000
CAN-RX can0 03C30F0F#87878787878787
CAN-RX can0 140C0201#0000
CAN-RX can0 08300103#FEFF
CAN-RX can0 02000000#0000
CAN-RX can0 02000000#0000
CAN-RX can0 00E#6E4621DF00000000
CAN-RX can0 02000000#0000
CAN-RX can0 08300103#FCFF
CAN-RX can0 02000000#0000
CAN-RX can0 02000000#0000
CAN-RX can0 08300103#0000
CAN-RX can0 02000000#0000
CAN-TX can0 78F#208000001F000000
CAN-RX can0 02000000#0000
CAN-RX can0 0C140200#C0
CAN-RX can0 00E#6E4621DF00000000
CAN-RX can0 790#CF80000020000000
CAN-RX can0 02000000#0000
CAN-RX can0 02000000#0000
CAN-RX can0 02000000#0000
CAN-RX can0 03C30F0F#87878787878787
CAN-RX can0 02000000#0000
CAN-RX can0 14300200#0000
CAN-RX can0 02000000#0000
CAN-RX can0 00E#6E4621DF00000000
CAN-RX can0 02000000#0000
CAN-RX can0 02000000#0000
CAN-RX can0 02000000#0000
CAN-RX can0 08300103#0C00
CAN-RX can0 02000000#0000
CAN-RX can0 02000000#0000
CAN-RX can0 0C140200#C1
CAN-RX can0 00E#6E4621DF00000000
CAN-RX can0 02000000#0000
CAN-RX can0 08300103#0200
CAN-RX can0 02000000#0000
CAN-RX can0 02000000#0000
CAN-RX can0 03C30F0F#87878787878787
CAN-RX can0 08300103#F4FF
CAN-RX can0 02000000#0000
CAN-TX can0 78F#208000001F000000
CAN-RX can0 02000000#0000
CAN-RX can0 790#CF80000020000000
CAN-RX can0 00E#6E4621DF00000000
CAN-RX can0 08300103#0100
CAN-RX can0 02000000#0000
CAN-RX can0 02000000#0000
CAN-RX can0 02000000#0000
CAN-RX can0 140C0201#0000
CAN-RX can0 08300103#0B00
CAN-RX can0 02000000#0000
CAN-RX can0 02000000#0000
CAN-RX can0 00E#6E4621DF00000000
CAN-RX can0 08300103#0600
CAN-RX can0 02000000#0000
CAN-RX can0 02000000#0000
CAN-RX can0 02000000#0000
CAN-RX can0 03C30F0F#87878787878787
CAN-RX can0 08300103#0700
CAN-RX can0 02000000#0000
CAN-RX can0 02000000#0000
CAN-RX can0 00E#6E4621DF00000000
CAN-RX can0 08300103#0C00
CAN-RX can0 02000000#0000
CAN-RX can0 02000000#0000
CAN-RX can0 1C300204#9AE505009AE50500
CAN-RX can0 02000000#0000
CAN-RX can0 08300103#0000
CAN-RX can0 02000000#0000
CAN-RX can0 14300200#0000
CAN-TX can0 78F#208000001F000000
CAN-RX can0 790#CF80000020000000
CAN-RX can0 02000000#0000
CAN-RX can0 00E#6E4621DF00000000
CAN-RX can0 08300103#0900
CAN-RX can0 02000000#0000
CAN-RX can0 02000000#0000
CAN-RX can0 02000000#0000
CAN-RX can0 03C30F0F#87878787878787
CAN-RX can0 1C0C0200#1E
CAN-RX can0 08300103#FAFF
CAN-RX can0 02000000#0000
CAN-RX can0 02000000#0000
CAN-RX can0 00E#6E4621DF00000000
CAN-RX can0 1C2C0000#032316880A1A
CAN-RX can0 08300103#F5FF
CAN-RX can0 02000000#0000
CAN-RX can0 02000000#0000
CAN-RX can0 02000000#0000
CAN-RX can0 08300103#0000
CAN-RX can0 02000000#0000
CAN-RX can0 02000000#0000
CAN-RX can0 00E#6E4621DF00000000
CAN-RX can0 08300103#1000
CAN-RX can0 02000000#0000
CAN-RX can0 02000000#0000
CAN-TX can0 78F#208000001F000000
CAN-RX can0 02000000#0000
CAN-RX can0 03C30F0F#87878787878787
CAN-RX can0 140C0201#0000
CAN-RX can0 08300103#0500
CAN-RX can0 02000000#0000
CAN-RX can0 790#CF80000020000000
CAN-RX can0 02000000#0000
CAN-RX can0 00E#6E4621DF00000000
CAN-RX can0 08300103#FCFF
CAN-RX can0 02000000#0000
CAN-RX can0 02000000#0000
CAN-RX can0 02000000#0000
CAN-RX can0 08300103#F4FF
CAN-RX can0 02000000#0000
CAN-RX can0 02000000#0000
CAN-RX can0 00E#6E4621DF00000000
CAN-RX can0 08300103#0F00
CAN-RX can0 02000000#0000
CAN-RX can0 02000000#0000
CAN-RX can0 02000000#0000
CAN-RX can0 03C30F0F#87878787878787
CAN-RX can0 08300103#0800
CAN-RX can0 02000000#0000
CAN-RX can0 14300200#0000
CAN-RX can0 02000000#0000
CAN-RX can0 00E#6E4621DF00000000
CAN-RX can0 08300103#0300
CAN-RX can0 02000000#0000
CAN-RX can0 02000000#0000
CAN-RX can0 02000000#0000
CAN-RX can0 08300103#0100
CAN-RX can0 02000000#0000
CAN-TX can0 78F#208000001F000000
CAN-RX can0 790#CF80000020000000
CAN-RX can0 02000000#0000
CAN-RX can0 00E#6E4621DF00000000
CAN-RX can0 08300103#0000
CAN-RX can0 02000000#0000
CAN-RX can0 02000000#0000
CAN-RX can0 02000000#0000
CAN-RX can0 03C30F0F#87878787878787
CAN-RX can0 08300103#0500
CAN-RX can0 02000000#0000
CAN-RX can0 02000000#0000
CAN-RX can0 00E#6E4621DF00000000
CAN-RX can0 08300103#0500
CAN-RX can0 02000000#0000
CAN-RX can0 02000000#0000
CAN-RX can0 02000000#0000
CAN-RX can0 140C0201#0000
CAN-RX can0 08300103#0300
CAN-RX can0 02000000#0000
CAN-RX can0 02000000#0000
CAN-RX can0 00E#6E4621DF00000000
CAN-RX can0 08300103#0000
CAN-RX can0 02000000#0000
CAN-RX can0 02000000#0000
CAN-TX can0 78F#208000001F000000
CAN-RX can0 02000000#0000
CAN-RX can0 03C30F0F#87878787878787
CAN-RX can0 08300103#0700
CAN-RX can0 02000000#0000
CAN-RX can0 790#CF80000020000000
CAN-RX can0 02000000#0000
CAN-RX can0 00E#6E4621DF00000000
CAN-RX can0 08300103#0900
CAN-RX can0 02000000#0000
CAN-RX can0 02000000#0000
CAN-RX can0 02000000#0000
CAN-RX can0 08300103#FDFF
CAN-RX can0 02000000#0000
CAN-RX can0 14300200#0000
CAN-RX can0 02000000#0000
CAN-RX can0 00E#6E4621DF00000000
CAN-RX can0 08300103#0600
CAN-RX can0 02000000#0000
CAN-RX can0 02000000#0000
CAN-RX can0 02000000#0000
CAN-RX can0 03C30F0F#87878787878787
CAN-RX can0 08300103#0400
CAN-RX can0 02000000#0000
CAN-RX can0 02000000#0000
CAN-RX can0 00E#6E4621DF00000000
CAN-RX can0 08300103#F6FF
CAN-RX can0 02000000#0000
CAN-RX can0 02000000#0000
CAN-RX can0 0C140300#C2
CAN-RX can0 02000000#0000
CAN-RX can0 08300103#F1FF
CAN-RX can0 02000000#0000
CAN-TX can0 78F#208000001F000000
CAN-RX can0 790#CF80000020000000
CAN-RX can0 02000000#0000
CAN-RX can0 00E#6E4621DF00000000
CAN-RX can0 08300103#FEFF
CAN-RX can0 02000000#0000
CAN-RX can0 02000000#0000
CAN-RX can0 02000000#0000
CAN-RX can0 03C30F0F#87878787878787
CAN-RX can0 140C0201#0000
CAN-RX can0 08300103#FBFF
CAN-RX can0 02000000#0000
CAN-RX can0 02000000#0000
CAN-RX can0 00E#6E4621DF00000000
CAN-RX can0 08300103#0600
CAN-RX can0 02000000#0000
CAN-RX can0 02000000#0000
CAN-RX can0 02000000#0000
CAN-RX can0 08300103#0B00
CAN-RX can0 02000000#0000
CAN-RX can0 02000000#0000
CAN-RX can0 0C140200#C0
CAN-RX can0 00E#6E4621DF00000000
CAN-RX can0 02000000#0000
CAN-RX can0 02000000#0000
CAN-RX can0 02000000#0000
CAN-RX can0 03C30F0F#87878787878787
CAN-RX can0 02000000#0000
CAN-RX can0 14300200#0000
CAN-TX can0 78F#208000001F000000
CAN-RX can0 790#CF80000020000000
CAN-RX can0 02000000#0000
CAN-RX can0 00E#6E4621DF00000000
CAN-RX can0 02000000#0000
CAN-RX can0 02000000#0000
CAN-RX can0 02000000#0000
CAN-RX can0 08300103#0D00
CAN-RX can0 02000000#0000
CAN-RX can0 02000000#0000
CAN-RX can0 0C140200#C1
CAN-RX can0 00E#6E4621DF00000000
CAN-RX can0 08300103#0100
CAN-RX can0 02000000#0000
CAN-RX can0 02000000#0000
CAN-RX can0 02000000#0000
CAN-RX can0 03C30F0F#87878787878787
CAN-RX can0 08300103#1000
CAN-RX can0 02000000#0000
CAN-RX can0 02000000#0000
CAN-RX can0 00E#6E4621DF00000000
CAN-RX can0 08300103#0700
CAN-RX can0 02000000#0000
CAN-RX can0 02000000#0000
CAN-RX can0 02000000#0000
CAN-RX can0 08300103#F7FF
CAN-RX can0 140C0201#0000
CAN-RX can0 02000000#0000
CAN-TX can0 78F#208000001F000000
CAN-RX can0 790#CF80000020000000
CAN-RX can0 02000000#0000
CAN-RX can0 00E#6E4621DF00000000
CAN-RX can0 08300103#FCFF
CAN-RX can0 02000000#0000
CAN-RX can0 02000000#0000
CAN-RX can0 02000000#0000
CAN-RX can0 03C30F0F#87878787878787
CAN-RX can0 08300103#FAFF
CAN-RX can0 02000000#0000
CAN-RX can0 02000000#0000
CAN-RX can0 00E#6E4621DF00000000
CAN-RX can0 08300103#0900
CAN-RX can0 02000000#0000
CAN-RX can0 02000000#0000
CAN-RX can0 02000000#0000
CAN-RX can0 08300103#0F00
CAN-RX can0 1C300204#9AE505009AE50500
CAN-RX can0 02000000#0000
CAN-RX can0 14300200#0000
CAN-RX can0 02000000#0000
CAN-RX can0 00E#6E4621DF00000000
CAN-RX can0 08300103#0500
CAN-RX can0 02000000#0000
CAN-RX can0 02000000#0000
CAN-RX can0 02000000#0000
CAN-RX can0 03C30F0F#87878787878787
CAN-RX can0 08300103#0A00
CAN-RX can0 1C0C0200#1E
CAN-TX can0 78F#208000001F000000
CAN-RX can0 02000000#0000
CAN-RX can0 790#CF80000020000000
CAN-RX can0 02000000#0000
CAN-RX can0 00E#6E4621DF00000000
CAN-RX can0 1C2C0000#042316880A1A
CAN-RX can0 08300103#FFFF
CAN-RX can0 02000000#0000
CAN-RX can0 02000000#0000
CAN-RX can0 02000000#0000
CAN-RX can0 08300103#0600
CAN-RX can0 02000000#0000
CAN-RX can0 02000000#0000
CAN-RX can0 00E#6E4621DF00000000
CAN-RX can0 08300103#F9FF
CAN-RX can0 02000000#0000
CAN-RX can0 02000000#0000
CAN-RX can0 02000000#0000
CAN-RX can0 03C30F0F#87878787878787
CAN-RX can0 08300103#0500
CAN-RX can0 140C0201#0000
CAN-RX can0 02000000#0000
CAN-RX can0 02000000#0000
CAN-RX can0 00E#6E4621DF00000000
CAN-RX can0 08300103#0D00
CAN-RX can0 02000000#0000
CAN-RX can0 02000000#0000
CAN-RX can0 02000000#0000
CAN-RX can0 08300103#FEFF
CAN-RX can0 02000000#0000
CAN-TX can0 78F#208000001F000000
CAN-RX can0 790#CF80000020000000
CAN-RX can0 02000000#0000
CAN-RX can0 00E#6E4621DF00000000
CAN-RX can0 08300103#0400
CAN-RX can0 02000000#0000
CAN-RX can0 02000000#0000
CAN-RX can0 02000000#0000
CAN-RX can0 03C30F0F#87878787878787
CAN-RX can0 08300103#0700
CAN-RX can0 02000000#0000
CAN-RX can0 14300200#0000
CAN-RX can0 02000000#0000
CAN-RX can0 00E#6E4621DF00000000
CAN-RX can0 08300103#0100
CAN-RX can0 02000000#0000
CAN-RX can0 02000000#0000
CAN-RX can0 02000000#0000
CAN-RX can0 08300103#FCFF
CAN-RX can0 02000000#0000
CAN-RX can0 02000000#0000
CAN-RX can0 00E#6E4621DF00000000
CAN-RX can0 08300103#FEFF
CAN-RX can0 02000000#0000
CAN-TX can0 78F#208000001F000000
CAN-RX can0 02000000#0000
CAN-RX can0 02000000#0000
CAN-RX can0 03C30F0F#87878787878787
CAN-RX can0 08300103#FEFF
CAN-RX can0 02000000#0000
CAN-RX can0 790#CF80000020000000
CAN-RX can0 02000000#0000
CAN-RX can0 00E#6E4621DF00000000
CAN-RX can0 08300103#1100
CAN-RX can0 02000000#0000
CAN-RX can0 02000000#0000
CAN-RX can0 02000000#0000
CAN-RX can0 08300103#FEFF
CAN-RX can0 140C0201#0000
CAN-RX can0 02000000#0000
CAN-RX can0 02000000#0000
CAN-RX can0 00E#6E4621DF00000000
CAN-RX can0 08300103#0700
CAN-RX can0 02000000#0000
CAN-RX can0 02000000#0000
CAN-RX can0 02000000#0000
CAN-RX can0 03C30F0F#87878787878787
CAN-RX can0 08300103#1000
CAN-RX can0 02000000#0000
CAN-RX can0 02000000#0000
CAN-RX can0 00E#6E4621DF00000000
CAN-RX can0 08300103#F8FF
CAN-RX can0 02000000#0000
CAN-RX can0 02000000#0000
CAN-RX can0 02000000#0000
CAN-RX can0 08300103#F7FF
CAN-RX can0 02000000#0000
CAN-TX can0 78F#208000001F000000
CAN-RX can0 14300200#0000
CAN-RX can0 790#CF80000020000000
CAN-RX can0 02000000#0000
CAN-RX can0 00E#6E4621DF00000000
CAN-RX can0 08300103#FAFF
CAN-RX can0 02000000#0000
CAN-RX can0 02000000#0000
CAN-RX can0 02000000#0000
CAN-RX can0 03C30F0F#87878787878787
CAN-RX can0 08300103#1300
CAN-RX can0 02000000#0000
CAN-RX can0 02000000#0000
CAN-RX can0 00E#6E4621DF00000000
CAN-RX can0 08300103#FCFF
CAN-RX can0 02000000#0000
CAN-RX can0 02000000#0000
CAN-RX can0 0C140300#C2
CAN-RX can0 02000000#0000
CAN-RX can0 08300103#1300
CAN-RX can0 02000000#0000
CAN-RX can0 02000000#0000
CAN-RX can0 00E#6E4621DF00000000
CAN-RX can0 08300103#0000
CAN-RX can0 02000000#0000
CAN-RX can0 02000000#0000
CAN-RX can0 02000000#0000
CAN-RX can0 03C30F0F#87878787878787
CAN-RX can0 08300103#F1FF
CAN-RX can0 140C0201#0000
CAN-RX can0 02000000#0000
CAN-TX can0 78F#208000001F000000
CAN-RX can0 790#CF80000020000000
CAN-RX can0 02000000#0000
CAN-RX can0 00E#6E4621DF00000000
CAN-RX can0 08300103#0A00
CAN-RX can0 02000000#0000
CAN-RX can0 02000000#0000
CAN-RX can0 02000000#0000
CAN-RX can0 08300103#F7FF
CAN-RX can0 02000000#0000
CAN-RX can0 02000000#0000
CAN-RX can0 0C140200#C0
CAN-RX can0 00E#6E4621DF00000000
CAN-RX can0 02000000#0000
CAN-RX can0 02000000#0000
CAN-RX can0 02000000#0000
CAN-RX can0 03C30F0F#87878787878787
CAN-RX can0 02000000#0000
CAN-RX can0 14300200#0000
CAN-RX can0 02000000#0000
CAN-RX can0 00E#6E4621DF00000000
CAN-RX can0 02000000#0000
CAN-RX can0 02000000#0000
CAN-RX can0 02000000#0000
CAN-RX can0 08300103#0000
CAN-TX can0 78F#208000001F000000
CAN-RX can0 02000000#0000
CAN-RX can0 790#CF80000020000000
CAN-RX can0 02000000#0000
CAN-RX can0 0C140200#C1
CAN-RX can0 00E#6E4621DF00000000
CAN-RX can0 08300103#FDFF
CAN-RX can0 02000000#0000
CAN-RX can0 02000000#0000
CAN-RX can0 02000000#0000
CAN-RX can0 03C30F0F#87878787878787
CAN-RX can0 08300103#FDFF
CAN-RX can0 02000000#0000
CAN-RX can0 02000000#0000
CAN-RX can0 00E#6E4621DF00000000
CAN-RX can0 08300103#FEFF
CAN-RX can0 02000000#0000
CAN-RX can0 02000000#0000
CAN-RX can0 08300103#1100
CAN-RX can0 02000000#0000
CAN-RX can0 140C0201#0000
CAN-RX can0 02000000#0000
CAN-RX can0 02000000#0000
CAN-RX can0 00E#6E4621DF00000000
CAN-RX can0 08300103#FEFF
CAN-RX can0 02000000#0000
CAN-RX can0 02000000#0000
CAN-RX can0 08300103#0B00
CAN-RX can0 02000000#0000
CAN-RX can0 03C30F0F#87878787878787
CAN-TX can0 78F#208000001F000000
CAN-RX can0 02000000#0000
CAN-RX can0 790#CF80000020000000
CAN-RX can0 02000000#0000
CAN-RX can0 00E#6E4621DF00000000
CAN-RX can0 08300103#0700
CAN-RX can0 02000000#0000
CAN-RX can0 02000000#0000
CAN-RX can0 08300103#0400
CAN-RX can0 02000000#0000
CAN-RX can0 02000000#0000
CAN-RX can0 14300200#0000
CAN-RX can0 1C300204#9AE505009AE50500
CAN-RX can0 02000000#0000
CAN-RX can0 00E#6E4621DF00000000
CAN-RX can0 08300103#0400
CAN-RX can0 02000000#0000
CAN-RX can0 02000000#0000
CAN-RX can0 08300103#FAFF
CAN-RX can0 02000000#0000
CAN-RX can0 03C30F0F#87878787878787
CAN-RX can0 1C0C0200#1E
CAN-RX can0 02000000#0000
CAN-RX can0 02000000#0000
CAN-RX can0 00E#6E4621DF00000000
CAN-RX can0 08300103#F9FF
CAN-RX can0 1C2C0000#052316880A1A
CAN-RX can0 02000000#0000
CAN-RX can0 02000000#0000
CAN-RX can0 08300103#F4FF
CAN-RX can0 02000000#0000
CAN-TX can0 78F#208000001F000000
CAN-RX can0 02000000#0000
CAN-RX can0 790#CF80000020000000
CAN-RX can0 02000000#0000
CAN-RX can0 00E#6E4621DF00000000
CAN-RX can0 08300103#FCFF
CAN-RX can0 02000000#0000
CAN-RX can0 02000000#0000
CAN-RX can0 08300103#0300
CAN-RX can0 02000000#0000
CAN-RX can0 03C30F0F#87878787878787
CAN-RX can0 140C0201#0000
CAN-RX can0 02000000#0000
CAN-RX can0 02000000#0000
CAN-RX can0 00E#6E4621DF00000000
CAN-RX can0 08300103#0B00
CAN-RX can0 02000000#0000
CAN-RX can0 02000000#0000
CAN-RX can0 08300103#FEFF
CAN-RX can0 02000000#0000
CAN-RX can0 02000000#0000
CAN-RX can0 02000000#0000
CAN-RX can0 00E#6E4621DF00000000
CAN-RX can0 08300103#0000
CAN-RX can0 02000000#0000
CAN-RX can0 02000000#0000
CAN-RX can0 08300103#FFFF
CAN-RX can0 02000000#0000
CAN-RX can0 03C30F0F#87878787878787
CAN-TX can0 78F#208000001F000000
CAN-RX can0 02000000#0000
CAN-RX can0 790#CF80000020000000
CAN-RX can0 14300200#0000
CAN-RX can0 02000000#0000
CAN-RX can0 00E#6E4621DF00000000
CAN-RX can0 08300103#FEFF
CAN-RX can0 02000000#0000
CAN-RX can0 02000000#0000
CAN-RX can0 08300103#0800
CAN-RX can0 02000000#0000
CAN-RX can0 02000000#0000
CAN-RX can0 02000000#0000
CAN-RX can0 08300103#0100
CAN-RX can0 00E#6E4621DF00000000
CAN-RX can0 02000000#0000
CAN-RX can0 02000000#0000
CAN-RX can0 08300103#0000
CAN-RX can0 02000000#0000
CAN-RX can0 03C30F0F#87878787878787
CAN-RX can0 02000000#0000
CAN-RX can0 02000000#0000
CAN-RX can0 08300103#F7FF
CAN-RX can0 00E#6E4621DF00000000
CAN-RX can0 02000000#0000
CAN-TX can0 78F#208000001F000000
CAN-RX can0 02000000#0000
CAN-RX can0 08300103#0000
CAN-RX can0 02000000#0000
CAN-RX can0 140C0201#0000
CAN-RX can0 790#CF80000020000000
CAN-RX can0 02000000#0000
CAN-RX can0 02000000#0000
CAN-RX can0 08300103#0800
CAN-RX can0 00E#6E4621DF00000000
CAN-RX can0 02000000#0000
CAN-RX can0 02000000#0000
CAN-RX can0 08300103#0300
CAN-RX can0 02000000#0000
CAN-RX can0 03C30F0F#87878787878787
CAN-RX can0 02000000#0000
CAN-RX can0 02000000#0000
CAN-RX can0 08300103#FEFF
CAN-RX can0 00E#6E4621DF00000000
CAN-RX can0 02000000#0000
CAN-RX can0 02000000#0000
CAN-RX can0 08300103#F4FF
CAN-RX can0 02000000#0000
CAN-RX can0 02000000#0000
CAN-RX can0 14300200#0000
CAN-RX can0 02000000#0000
CAN-RX can0 08300103#0A00
CAN-RX can0 00E#6E4621DF00000000
CAN-RX can0 02000000#0000
CAN-RX can0 02000000#0000
CAN-RX can0 08300103#FEFF
CAN-RX can0 02000000#0000
CAN-RX can0 03C30F0F#87878787878787
CAN-TX can0 78F#208000001F000000
CAN-RX can0 790#CF80000020000000
CAN-RX can0 02000000#0000
CAN-RX can0 02000000#0000
CAN-RX can0 08300103#FEFF
CAN-RX can0 00E#6E4621DF00000000
CAN-RX can0 02000000#0000
CAN-RX can0 02000000#0000
CAN-RX can0 0C140300#C2
CAN-RX can0 08300103#FEFF
CAN-RX can0 02000000#0000
CAN-RX can0 02000000#0000
CAN-RX can0 02000000#0000
CAN-RX can0 08300103#0000
CAN-RX can0 00E#6E4621DF00000000
CAN-RX can0 02000000#0000
CAN-RX can0 02000000#0000
CAN-RX can0 08300103#FEFF
CAN-RX can0 02000000#0000
CAN-RX can0 03C30F0F#87878787878787
CAN-RX can0 140C0201#0000
CAN-RX can0 02000000#0000
CAN-RX can0 02000000#0000
CAN-RX can0 08300103#FDFF
CAN-RX can0 00E#6E4621DF00000000
CAN-RX can0 02000000#0000
CAN-RX can0 02000000#0000
CAN-RX can0 08300103#FDFF
CAN-RX can0 02000000#0000
CAN-TX can0 78F#208000001F000000
CAN-RX can0 02000000#0000
CAN-RX can0 790#CF80000020000000
CAN-RX can0 02000000#0000
CAN-RX can0 0C140200#C0
CAN-RX can0 00E#6E4621DF00000000
CAN-RX can0 02000000#0000
CAN-RX can0 02000000#0000
CAN-RX can0 02000000#0000
CAN-RX can0 03C30F0F#87878787878787
CAN-RX can0 02000000#0000
CAN-RX can0 14300200#0000
CAN-RX can0 02000000#0000
CAN-RX can0 00E#6E4621DF00000000
CAN-RX can0 02000000#0000
CAN-RX can0 02000000#0000
CAN-RX can0 08300103#0100
CAN-RX can0 02000000#0000
CAN-RX can0 02000000#0000
CAN-RX can0 02000000#0000
CAN-RX can0 0C140200#C1
CAN-RX can0 08300103#0B00
CAN-RX can0 00E#6E4621DF00000000
CAN-RX can0 02000000#0000
CAN-RX can0 02000000#0000
CAN-RX can0 08300103#1300
CAN-RX can0 02000000#0000
CAN-RX can0 03C30F0F#87878787878787
CAN-TX can0 78F#208000001F000000
CAN-RX can0 790#CF80000020000000
CAN-RX can0 02000000#0000
CAN-RX can0 02000000#0000
CAN-RX can0 08300103#FFFF
CAN-RX can0 00E#6E4621DF00000000
CAN-RX can0 02000000#0000
CAN-RX can0 02000000#0000
CAN-RX can0 08300103#0300
CAN-RX can0 02000000#0000
CAN-RX can0 140C0201#0000
CAN-RX can0 02000000#0000
CAN-RX can0 02000000#0000
CAN-RX can0 08300103#FBFF
CAN-RX can0 00E#6E4621DF00000000
CAN-RX can0 02000000#0000
CAN-RX can0 02000000#0000
CAN-RX can0 08300103#0000
CAN-RX can0 02000000#0000
CAN-RX can0 03C30F0F#87878787878787
CAN-RX can0 02000000#0000
CAN-RX can0 02000000#0000
CAN-RX can0 08300103#FEFF
CAN-RX can0 00E#6E4621DF00000000
CAN-RX can0 02000000#0000
CAN-RX can0 02000000#0000
CAN-RX can0 08300103#FDFF
CAN-RX can0 02000000#0000
CAN-TX can0 78F#208000001F000000
CAN-RX can0 790#CF80000020000000
CAN-RX can0 02000000#0000
CAN-RX can0 14300200#0000
CAN-RX can0 02000000#0000
CAN-RX can0 08300103#0000
CAN-RX can0 1C300204#9AE505009AE50500
CAN-RX can0 00E#6E4621DF00000000
CAN-RX can0 02000000#0000
CAN-RX can0 02000000#0000
CAN-RX can0 08300103#FEFF
CAN-RX can0 02000000#0000
CAN-RX can0 03C30F0F#87878787878787
CAN-RX can0 1C0C0200#1E
CAN-RX can0 02000000#0000
CAN-RX can0 02000000#0000
CAN-RX can0 08300103#0200
CAN-RX can0 00E#6E4621DF00000000
CAN-RX can0 1C2C0000#062316880A1A
CAN-RX can0 02000000#0000
CAN-RX can0 02000000#0000
CAN-RX can0 08300103#0C00
CAN-RX can0 02000000#0000
CAN-RX can0 02000000#0000
CAN-RX can0 02000000#0000
CAN-RX can0 08300103#0C00
CAN-RX can0 00E#6E4621DF00000000
CAN-RX can0 02000000#0000
CAN-RX can0 02000000#0000
CAN-RX can0 08300103#F9FF
CAN-TX can0 78F#208000001F000000
CAN-RX can0 02000000#0000
CAN-RX can0 03C30F0F#87878787878787
CAN-RX can0 140C0201#0000
CAN-RX can0 790#CF80000020000000
CAN-RX can0 02000000#0000
CAN-RX can0 02000000#0000
CAN-RX can0 08300103#FDFF
CAN-RX can0 00E#6E4621DF00000000
CAN-RX can0 02000000#0000
CAN-RX can0 02000000#0000
CAN-RX can0 08300103#0100
CAN-RX can0 02000000#0000
CAN-RX can0 02000000#0000
CAN-RX can0 02000000#0000
CAN-RX can0 08300103#0000
CAN-RX can0 00E#6E4621DF00000000
CAN-RX can0 02000000#0000
CAN-RX can0 02000000#0000
CAN-RX can0 08300103#0500
CAN-RX can0 02000000#0000
CAN-RX can0 03C30F0F#87878787878787
CAN-RX can0 02000000#0000
CAN-RX can0 14300200#0000
CAN-RX can0 02000000#0000
CAN-RX can0 08300103#FEFF
CAN-RX can0 00E#6E4621DF00000000
CAN-RX can0 02000000#0000
CAN-RX can0 02000000#0000
CAN-RX can0 08300103#F8FF
CAN-RX can0 02000000#0000
CAN-TX can0 78F#208000001F000000
CAN-RX can0 790#CF80000020000000
CAN-RX can0 02000000#0000
CAN-RX can0 02000000#0000
CAN-RX can0 08300103#FDFF
CAN-RX can0 00E#6E4621DF00000000
CAN-RX can0 02000000#0000
CAN-RX can0 02000000#0000
CAN-RX can0 08300103#1200
CAN-RX can0 02000000#0000
CAN-RX can0 03C30F0F#87878787878787
CAN-RX can0 02000000#0000
CAN-RX can0 02000000#0000
CAN-RX can0 08300103#0700
CAN-RX can0 00E#6E4621DF00000000
CAN-RX can0 02000000#0000
CAN-RX can0 02000000#0000
CAN-RX can0 08300103#F9FF
CAN-RX can0 02000000#0000
CAN-RX can0 140C0201#0000
CAN-RX can0 02000000#0000
CAN-RX can0 02000000#0000
CAN-RX can0 08300103#F3FF
CAN-RX can0 00E#6E4621DF00000000
CAN-RX can0 02000000#0000
CAN-RX can0 02000000#0000
CAN-RX can0 08300103#FCFF
CAN-TX can0 78F#208000001F000000
CAN-RX can0 02000000#0000
CAN-RX can0 03C30F0F#87878787878787
CAN-RX can0 790#CF80000020000000
CAN-RX can0 02000000#0000
CAN-RX can0 02000000#0000
CAN-RX can0 08300103#0600
CAN-RX can0 00E#6E4621DF00000000
CAN-RX can0 02000000#0000
CAN-RX can0 02000000#0000
CAN-RX can0 08300103#0C00
CAN-RX can0 02000000#0000
CAN-RX can0 02000000#0000
CAN-RX can0 14300200#0000
CAN-RX can0 02000000#0000
CAN-RX can0 08300103#0C00
CAN-RX can0 00E#6E4621DF00000000
CAN-RX can0 02000000#0000
CAN-RX can0 02000000#0000
CAN-RX can0 08300103#1400
CAN-RX can0 02000000#0000
CAN-RX can0 03C30F0F#87878787878787
CAN-RX can0 02000000#0000
CAN-RX can0 02000000#0000
CAN-RX can0 08300103#0200
CAN-RX can0 00E#6E4621DF00000000
CAN-RX can0 02000000#0000
CAN-RX can0 02000000#0000
CAN-RX can0 0C140300#C2
CAN-RX can0 08300103#F9FF
CAN-TX can0 78F#208000001F000000
CAN-RX can0 02000000#0000
CAN-RX can0 790#CF80000020000000
CAN-RX can0 02000000#0000
CAN-RX can0 02000000#0000
CAN-RX can0 08300103#0200
CAN-RX can0 00E#6E4621DF00000000
CAN-RX can0 02000000#0000
CAN-RX can0 02000000#0000
CAN-RX can0 08300103#0000
CAN-RX can0 02000000#0000
CAN-RX can0 03C30F0F#87878787878787
CAN-RX can0 140C0201#0000
CAN-RX can0 02000000#0000
CAN-RX can0 02000000#0000
CAN-RX can0 08300103#FDFF
CAN-RX can0 00E#6E4621DF00000000
CAN-RX can0 02000000#0000
CAN-RX can0 02000000#0000
CAN-RX can0 08300103#FDFF
CAN-RX can0 02000000#0000
CAN-RX can0 02000000#0000
CAN-RX can0 02000000#0000
CAN-RX can0 0C140200#C0
CAN-RX can0 00E#6E4621DF00000000
CAN-RX can0 02000000#0000
CAN-RX can0 02000000#0000
CAN-TX can0 78F#208000001F000000
CAN-RX can0 02000000#0000
CAN-RX can0 03C30F0F#87878787878787
CAN-RX can0 790#CF80000020000000
CAN-RX can0 02000000#0000
CAN-RX can0 14300200#0000
CAN-RX can0 02000000#0000
CAN-RX can0 00E#6E4621DF00000000
CAN-RX can0 02000000#0000
CAN-RX can0 02000000#0000
CAN-RX can0 08300103#0400
CAN-RX can0 02000000#0000
CAN-RX can0 02000000#0000
CAN-RX can0 02000000#0000
CAN-RX can0 08300103#FCFF
CAN-RX can0 0C140200#C1
CAN-RX can0 00E#6E4621DF00000000
CAN-RX can0 02000000#0000
CAN-RX can0 02000000#0000
CAN-RX can0 08300103#0700
CAN-RX can0 02000000#0000
CAN-RX can0 03C30F0F#87878787878787
CAN-RX can0 02000000#0000
CAN-RX can0 02000000#0000
CAN-RX can0 08300103#0400
CAN-RX can0 00E#6E4621DF00000000
CAN-RX can0 02000000#0000
CAN-RX can0 02000000#0000
CAN-TX can0 78F#208000001F000000
CAN-RX can0 08300103#0100
CAN-RX can0 790#CF80000020000000
CAN-RX can0 02000000#0000
CAN-RX can0 140C0201#0000
CAN-RX can0 02000000#0000
CAN-RX can0 08300103#F9FF
CAN-RX can0 02000000#0000
CAN-RX can0 00E#6E4621DF00000000
CAN-RX can0 02000000#0000
CAN-RX can0 02000000#0000
CAN-RX can0 08300103#0000
CAN-RX can0 02000000#0000
CAN-RX can0 03C30F0F#87878787878787
CAN-RX can0 02000000#0000
CAN-RX can0 08300103#1000
CAN-RX can0 02000000#0000
CAN-RX can0 00E#6E4621DF00000000
CAN-RX can0 02000000#0000
CAN-RX can0 02000000#0000
CAN-RX can0 08300103#0900
CAN-RX can0 02000000#0000
CAN-RX can0 02000000#0000
CAN-RX can0 14300200#0000
CAN-RX can0 08300103#FFFF
CAN-RX can0 02000000#0000
CAN-RX can0 00E#6E4621DF00000000
CAN-RX can0 02000000#0000
CAN-RX can0 1C300204#9AE505009AE50500
CAN-RX can0 02000000#0000
CAN-TX can0 78F#208000001F000000
CAN-RX can0 08300103#F2FF
CAN-RX can0 790#CF80000020000000
CAN-RX can0 02000000#0000
CAN-RX can0 03C30F0F#87878787878787
CAN-RX can0 1C0C0200#1E
CAN-RX can0 02000000#0000
CAN-RX can0 08300103#FCFF
CAN-RX can0 02000000#0000
CAN-RX can0 00E#6E4621DF00000000
CAN-RX can0 1C2C0000#072316880A1A
CAN-RX can0 02000000#0000
CAN-RX can0 02000000#0000
CAN-RX can0 08300103#FFFF
CAN-RX can0 02000000#0000
CAN-RX can0 02000000#0000
CAN-RX can0 08300103#F6FF
CAN-RX can0 02000000#0000
CAN-RX can0 00E#6E4621DF00000000
CAN-RX can0 02000000#0000
CAN-RX can0 02000000#0000
CAN-RX can0 08300103#EAFF
CAN-RX can0 02000000#0000
CAN-RX can0 03C30F0F#87878787878787
CAN-RX can0 140C0201#0000
CAN-RX can0 02000000#0000
CAN-RX can0 08300103#F5FF
CAN-RX can0 02000000#0000
CAN-RX can0 00E#6E4621DF00000000
CAN-RX can0 02000000#0000
CAN-RX can0 02000000#0000
CAN-TX can0 78F#208000001F000000
CAN-RX can0 08300103#0000
CAN-RX can0 790#CF80000020000000
CAN-RX can0 02000000#0000
CAN-RX can0 02000000#0000
CAN-RX can0 08300103#0200
CAN-RX can0 02000000#0000
CAN-RX can0 00E#6E4621DF00000000
CAN-RX can0 02000000#0000
CAN-RX can0 02000000#0000
CAN-RX can0 08300103#0300
CAN-RX can0 02000000#0000
CAN-RX can0 03C30F0F#87878787878787
CAN-RX can0 02000000#0000
CAN-RX can0 14300200#0000
CAN-RX can0 08300103#F9FF
CAN-RX can0 02000000#0000
CAN-RX can0 00E#6E4621DF00000000
CAN-RX can0 02000000#0000
CAN-RX can0 02000000#0000
CAN-RX can0 08300103#F6FF
CAN-RX can0 02000000#0000
CAN-RX can0 02000000#0000
CAN-RX can0 08300103#FFFF
CAN-RX can0 02000000#0000
CAN-RX can0 00E#6E4621DF00000000
CAN-RX can0 02000000#0000
CAN-RX can0 02000000#0000
CAN-TX can0 78F#208000001F000000
CAN-RX can0 08300103#0000
CAN-RX can0 790#CF80000020000000
CAN-RX can0 02000000#0000
CAN-RX can0 03C30F0F#87878787878787
CAN-RX can0 02000000#0000
CAN-RX can0 08300103#FEFF
CAN-RX can0 02000000#0000
CAN-RX can0 00E#6E4621DF00000000
CAN-RX can0 02000000#0000
CAN-RX can0 02000000#0000
CAN-RX can0 08300103#FCFF
CAN-RX can0 02000000#0000
CAN-RX can0 140C0201#0000
CAN-RX can0 02000000#0000
CAN-RX can0 08300103#F8FF
CAN-RX can0 02000000#0000
CAN-RX can0 00E#6E4621DF00000000
CAN-RX can0 02000000#0000
CAN-RX can0 02000000#0000
CAN-RX can0 08300103#0900
CAN-RX can0 02000000#0000
CAN-RX can0 03C30F0F#87878787878787
CAN-RX can0 02000000#0000
CAN-RX can0 08300103#FAFF
CAN-RX can0 02000000#0000
CAN-RX can0 00E#6E4621DF00000000
CAN-RX can0 02000000#0000
CAN-RX can0 02000000#0000
CAN-RX can0 08300103#FBFF
CAN-RX can0 02000000#0000
CAN-RX can0 02000000#0000
CAN-RX can0 14300200#0000
CAN-RX can0 08300103#EAFF
CAN-RX can0 02000000#0000
CAN-RX can0 00E#6E4621DF00000000
CAN-RX can0 02000000#0000
CAN-RX can0 02000000#0000
CAN-RX can0 08300103#FDFF
CAN-RX can0 02000000#0000
CAN-RX can0 03C30F0F#87878787878787
CAN-RX can0 02000000#0000
CAN-RX can0 08300103#0200
CAN-RX can0 02000000#0000
CAN-RX can0 00E#6E4621DF00000000
CAN-RX can0 02000000#0000
CAN-RX can0 02000000#0000
CAN-RX can0 0C140300#C2
CAN-RX can0 08300103#0600
CAN-RX can0 02000000#0000
CAN-RX can0 02000000#0000
CAN-RX can0 08300103#1000
CAN-RX can0 02000000#0000
CAN-RX can0 00E#6E4621DF00000000
CAN-RX can0 02000000#0000
CAN-RX can0 02000000#0000
CAN-RX can0 08300103#0900
CAN-RX can0 02000000#0000
CAN-RX can0 03C30F0F#87878787878787
CAN-RX can0 140C0201#0000
CAN-RX can0 02000000#0000
CAN-RX can0 08300103#F8FF
CAN-RX can0 02000000#0000
CAN-RX can0 00E#6E4621DF00000000
CAN-RX can0 02000000#0000
CAN-RX can0 02000000#0000
CAN-RX can0 08300103#0600
CAN-RX can0 02000000#0000
CAN-RX can0 02000000#0000
CAN-RX can0 02000000#0000
CAN-RX can0 0C140200#C0
CAN-RX can0 00E#6E4621DF00000000
CAN-RX can0 02000000#0000
CAN-RX can0 02000000#0000
CAN-RX can0 02000000#0000
CAN-RX can0 03C30F0F#87878787878787
CAN-RX can0 02000000#0000
CAN-RX can0 14300200#0000
CAN-RX can0 02000000#0000
CAN-RX can0 00E#6E4621DF00000000
CAN-RX can0 02000000#0000
CAN-RX can0 02000000#0000
CAN-TX can0 78F#208000001F000000
CAN-RX can0 08300103#0000
CAN-RX can0 02000000#0000
CAN-RX can0 790#CF80000020000000
CAN-RX can0 02000000#0000
CAN-RX can0 08300103#0B00
CAN-RX can0 02000000#0000
CAN-RX can0 0C140200#C1
CAN-RX can0 00E#6E4621DF00000000
CAN-RX can0 02000000#0000
CAN-RX can0 02000000#0000
CAN-RX can0 08300103#0400
CAN-RX can0 02000000#0000
CAN-RX can0 03C30F0F#87878787878787
CAN-RX can0 02000000#0000
CAN-RX can0 08300103#0500
CAN-RX can0 02000000#0000
CAN-RX can0 00E#6E4621DF00000000
CAN-RX can0 02000000#0000
CAN-RX can0 02000000#0000
CAN-RX can0 08300103#F8FF
CAN-RX can0 02000000#0000
CAN-RX can0 140C0201#0000
CAN-RX can0 02000000#0000
CAN-RX can0 08300103#0200
CAN-RX can0 02000000#0000
CAN-RX can0 00E#6E4621DF00000000
CAN-RX can0 02000000#0000
CAN-TX can0 78F#208000001F000000
CAN-RX can0 02000000#0000
CAN-RX can0 08300103#0100
CAN-RX can0 790#CF80000020000000
CAN-RX can0 02000000#0000
CAN-RX can0 03C30F0F#87878787878787
CAN-RX can0 02000000#0000
CAN-RX can0 08300103#0400
CAN-RX can0 02000000#0000
CAN-RX can0 00E#6E4621DF00000000
CAN-RX can0 02000000#0000
CAN-RX can0 02000000#0000
CAN-RX can0 08300103#FBFF
CAN-RX can0 02000000#0000
CAN-RX can0 02000000#0000
CAN-RX can0 14300200#0000
CAN-RX can0 08300103#0100
CAN-RX can0 02000000#0000
CAN-RX can0 00E#6E4621DF00000000
CAN-RX can0 02000000#0000
CAN-RX can0 02000000#0000
CAN-RX can0 08300103#FDFF
CAN-RX can0 1C300204#9AE505009AE50500
CAN-RX can0 02000000#0000
CAN-RX can0 03C30F0F#87878787878787
CAN-RX can0 1C0C0200#1E
CAN-RX can0 02000000#0000
CAN-RX can0 08300103#0200
CAN-RX can0 02000000#0000
CAN-RX can0 00E#6E4621DF00000000
CAN-RX can0 1C2C0000#082316880A1A
CAN-TX can0 78F#208000001F000000
CAN-RX can0 02000000#0000
CAN-RX can0 02000000#0000
CAN-RX can0 08300103#0000
CAN-RX can0 790#CF80000020000000
CAN-RX can0 02000000#0000
CAN-RX can0 02000000#0000
CAN-RX can0 08300103#0B00
CAN-RX can0 02000000#0000
CAN-RX can0 00E#6E4621DF00000000
CAN-RX can0 02000000#0000
CAN-RX can0 02000000#0000
CAN-RX can0 08300103#1000
CAN-RX can0 02000000#0000
CAN-RX can0 03C30F0F#87878787878787
CAN-RX can0 140C0201#0000
CAN-RX can0 02000000#0000
CAN-RX can0 08300103#0700
CAN-RX can0 02000000#0000
CAN-RX can0 00E#6E4621DF00000000
CAN-RX can0 02000000#0000
CAN-RX can0 02000000#0000
CAN-RX can0 08300103#F8FF
CAN-RX can0 02000000#0000
CAN-RX can0 02000000#0000
CAN-RX can0 08300103#0A00
CAN-RX can0 02000000#0000
CAN-RX can0 00E#6E4621DF00000000
CAN-RX can0 02000000#0000
CAN-RX can0 02000000#0000
CAN-TX can0 78F#208000001F000000
CAN-RX can0 08300103#0900
CAN-RX can0 790#CF80000020000000
CAN-RX can0 02000000#0000
CAN-RX can0 03C30F0F#87878787878787
CAN-RX can0 02000000#0000
CAN-RX can0 14300200#0000
CAN-RX can0 08300103#F9FF
CAN-RX can0 02000000#0000
CAN-RX can0 00E#6E4621DF00000000
CAN-RX can0 02000000#0000
CAN-RX can0 02000000#0000
CAN-RX can0 08300103#0D00
CAN-RX can0 02000000#0000
CAN-RX can0 02000000#0000
CAN-RX can0 08300103#FFFF
CAN-RX can0 02000000#0000
CAN-RX can0 00E#6E4621DF00000000
CAN-RX can0 02000000#0000
CAN-RX can0 02000000#0000
CAN-RX can0 08300103#F9FF
CAN-RX can0 02000000#0000
CAN-RX can0 03C30F0F#87878787878787
CAN-RX can0 02000000#0000
CAN-RX can0 08300103#0100
CAN-RX can0 02000000#0000
CAN-RX can0 00E#6E4621DF00000000
CAN-RX can0 02000000#0000
CAN-TX can0 78F#208000001F000000
CAN-RX can0 02000000#0000
CAN-RX can0 08300103#0100
CAN-RX can0 790#CF80000020000000
CAN-RX can0 02000000#0000
CAN-RX can0 140C0201#0000
CAN-RX can0 02000000#0000
CAN-RX can0 08300103#0100
CAN-RX can0 02000000#0000
CAN-RX can0 00E#6E4621DF00000000
CAN-RX can0 02000000#0000
CAN-RX can0 02000000#0000
CAN-RX can0 08300103#0400
CAN-RX can0 02000000#0000
CAN-RX can0 03C30F0F#87878787878787
CAN-RX can0 02000000#0000
CAN-RX can0 08300103#FFFF
CAN-RX can0 02000000#0000
CAN-RX can0 00E#6E4621DF00000000
CAN-RX can0 02000000#0000
CAN-RX can0 02000000#0000
CAN-RX can0 08300103#0300
CAN-RX can0 02000000#0000
CAN-RX can0 02000000#0000
CAN-RX can0 14300200#0000
CAN-RX can0 08300103#0900
CAN-RX can0 02000000#0000
CAN-RX can0 00E#6E4621DF00000000
CAN-RX can0 02000000#0000
CAN-TX can0 78F#208000001F000000
CAN-RX can0 02000000#0000
CAN-RX can0 08300103#0800
CAN-RX can0 790#CF80000020000000
CAN-RX can0 02000000#0000
CAN-RX can0 03C30F0F#87878787878787
CAN-RX can0 02000000#0000
CAN-RX can0 08300103#0F00
CAN-RX can0 02000000#0000
CAN-RX can0 00E#6E4621DF00000000
CAN-RX can0 02000000#0000
CAN-RX can0 02000000#0000
CAN-RX can0 0C140300#C2
CAN-RX can0 08300103#FFFF
CAN-RX can0 02000000#0000
CAN-RX can0 02000000#0000
CAN-RX can0 08300103#0D00
CAN-RX can0 02000000#0000
CAN-RX can0 00E#6E4621DF00000000
CAN-RX can0 02000000#0000
CAN-RX can0 02000000#0000
CAN-RX can0 08300103#F7FF
CAN-RX can0 02000000#0000
CAN-RX can0 03C30F0F#87878787878787
CAN-RX can0 140C0201#0000
CAN-RX can0 02000000#0000
CAN-RX can0 08300103#0200
CAN-TX can0 78F#208000001F000000
CAN-RX can0 02000000#0000
CAN-RX can0 00E#6E4621DF00000000
CAN-RX can0 02000000#0000
CAN-RX can0 790#CF80000020000000
CAN-RX can0 02000000#0000
CAN-RX can0 08300103#FFFF
CAN-RX can0 02000000#0000
CAN-RX can0 02000000#0000
CAN-RX can0 02000000#0000
CAN-RX can0 0C140200#C0
CAN-RX can0 00E#6E4621DF00000000
CAN-RX can0 02000000#0000
CAN-RX can0 02000000#0000
CAN-RX can0 02000000#0000
CAN-RX can0 03C30F0F#87878787878787
CAN-RX can0 02000000#0000
CAN-RX can0 14300200#0000
CAN-RX can0 02000000#0000
CAN-RX can0 00E#6E4621DF00000000
CAN-RX can0 02000000#0000
CAN-RX can0 02000000#0000
CAN-RX can0 08300103#0B00
CAN-RX can0 02000000#0000
CAN-RX can0 02000000#0000
CAN-RX can0 08300103#F3FF
CAN-TX can0 78F#208000001F000000
CAN-RX can0 02000000#0000
CAN-RX can0 0C140200#C1
CAN-RX can0 00E#6E4621DF00000000
CAN-RX can0 02000000#0000
CAN-RX can0 02000000#0000
CAN-RX can0 08300103#FEFF
CAN-RX can0 790#CF80000020000000
CAN-RX can0 02000000#0000
CAN-RX can0 03C30F0F#87878787878787
CAN-RX can0 02000000#0000
CAN-RX can0 08300103#FFFF
CAN-RX can0 02000000#0000
CAN-RX can0 00E#6E4621DF00000000
CAN-RX can0 02000000#0000
CAN-RX can0 02000000#0000
CAN-RX can0 08300103#F7FF
CAN-RX can0 02000000#0000
CAN-RX can0 140C0201#0000
CAN-RX can0 02000000#0000
CAN-RX can0 08300103#0400
CAN-RX can0 02000000#0000
CAN-RX can0 00E#6E4621DF00000000
CAN-RX can0 02000000#0000
CAN-RX can0 08300103#0100
CAN-RX can0 02000000#0000
CAN-RX can0 02000000#0000
CAN-RX can0 03C30F0F#87878787878787
CAN-RX can0 02000000#0000
CAN-RX can0 08300103#0000
CAN-RX can0 02000000#0000
CAN-RX can0 00E#6E4621DF00000000
CAN-RX can0 02000000#0000
CAN-TX can0 78F#208000001F000000
CAN-RX can0 08300103#0000
CAN-RX can0 02000000#0000
CAN-RX can0 790#CF80000020000000
CAN-RX can0 02000000#0000
CAN-RX can0 02000000#0000
CAN-RX can0 14300200#0000
CAN-RX can0 08300103#0100
CAN-RX can0 02000000#0000
CAN-RX can0 00E#6E4621DF00000000
CAN-RX can0 02000000#0000
CAN-RX can0 08300103#0300
CAN-RX can0 02000000#0000
CAN-RX can0 02000000#0000
CAN-RX can0 03C30F0F#87878787878787
CAN-RX can0 1C0C0200#1E
CAN-RX can0 1C300204#9AE505009AE50500
CAN-RX can0 02000000#0000
CAN-RX can0 08300103#0400
CAN-RX can0 02000000#0000
CAN-RX can0 00E#6E4621DF00000000
CAN-RX can0 1C2C0000#092316880A1A
CAN-RX can0 02000000#0000
CAN-RX can0 08300103#F5FF
CAN-RX can0 02000000#0000
CAN-RX can0 02000000#0000
CAN-RX can0 02000000#0000
CAN-RX can0 08300103#FFFF
CAN-RX can0 02000000#0000
CAN-RX can0 00E#6E4621DF00000000
CAN-RX can0 02000000#0000
CAN-TX can0 78F#208000001F000000
CAN-RX can0 08300103#0900
CAN-RX can0 02000000#0000
CAN-RX can0 790#CF80000020000000
CAN-RX can0 02000000#0000
CAN-RX can0 03C30F0F#87878787878787
CAN-RX can0 140C0201#0000
CAN-RX can0 02000000#0000
CAN-RX can0 08300103#0700
CAN-RX can0 02000000#0000
CAN-RX can0 00E#6E4621DF00000000
CAN-RX can0 02000000#0000
CAN-RX can0 08300103#F4FF
CAN-RX can0 02000000#0000
CAN-RX can0 02000000#0000
CAN-RX can0 02000000#0000
CAN-RX can0 08300103#F2FF
CAN-RX can0 02000000#0000
CAN-RX can0 00E#6E4621DF00000000
CAN-RX can0 02000000#0000
CAN-RX can0 08300103#F3FF
CAN-RX can0 02000000#0000
CAN-RX can0 02000000#0000
CAN-RX can0 03C30F0F#87878787878787
CAN-RX can0 02000000#0000
CAN-RX can0 14300200#0000
CAN-RX can0 08300103#0600
CAN-RX can0 02000000#0000
CAN-RX can0 00E#6E4621DF00000000
CAN-RX can0 02000000#0000
CAN-TX can0 78F#208000001F000000
CAN-RX can0 08300103#0600
CAN-RX can0 02000000#0000
CAN-RX can0 790#CF80000020000000
CAN-RX can0 02000000#0000
CAN-RX can0 02000000#0000
CAN-RX can0 08300103#0100
CAN-RX can0 02000000#0000
CAN-RX can0 00E#6E4621DF00000000
CAN-RX can0 02000000#0000
CAN-RX can0 08300103#0900
CAN-RX can0 02000000#0000
CAN-RX can0 02000000#0000
CAN-RX can0 03C30F0F#87878787878787
CAN-RX can0 02000000#0000
CAN-RX can0 08300103#0D00
CAN-RX can0 02000000#0000
CAN-RX can0 00E#6E4621DF00000000
CAN-RX can0 02000000#0000
CAN-RX can0 08300103#0400
CAN-RX can0 02000000#0000
CAN-RX can0 02000000#0000
CAN-RX can0 140C0201#0000
CAN-RX can0 02000000#0000
CAN-RX can0 08300103#FDFF
CAN-RX can0 02000000#0000
CAN-RX can0 00E#6E4621DF00000000
CAN-TX can0 78F#208000001F000000
CAN-RX can0 02000000#0000
CAN-RX can0 790#CF80000020000000
CAN-RX can0 08300103#0500
CAN-RX can0 02000000#0000
CAN-RX can0 02000000#0000
CAN-RX can0 03C30F0F#87878787878787
CAN-RX can0 02000000#0000
CAN-RX can0 08300103#1500
CAN-RX can0 02000000#0000
CAN-RX can0 00E#6E4621DF00000000
CAN-RX can0 02000000#0000
CAN-RX can0 08300103#0800
CAN-RX can0 02000000#0000
CAN-RX can0 02000000#0000
CAN-RX can0 02000000#0000
CAN-RX can0 14300200#0000
CAN-RX can0 08300103#FCFF
CAN-RX can0 02000000#0000
CAN-RX can0 00E#6E4621DF00000000
CAN-RX can0 02000000#0000
CAN-RX can0 08300103#0200
CAN-RX can0 02000000#0000
CAN-RX can0 02000000#0000
CAN-RX can0 03C30F0F#87878787878787
CAN-RX can0 02000000#0000
CAN-RX can0 08300103#F3FF
CAN-RX can0 02000000#0000
CAN-RX can0 00E#6E4621DF00000000
CAN-TX can0 78F#208000001F000000
CAN-RX can0 02000000#0000
CAN-RX can0 790#CF80000020000000
CAN-RX can0 08300103#F6FF
CAN-RX can0 02000000#0000
CAN-RX can0 0C140300#C2
CAN-RX can0 02000000#0000
CAN-RX can0 02000000#0000
CAN-RX can0 08300103#0700
CAN-RX can0 02000000#0000
CAN-RX can0 00E#6E4621DF00000000
CAN-RX can0 02000000#0000
CAN-RX can0 08300103#0100
CAN-RX can0 02000000#0000
CAN-RX can0 02000000#0000
CAN-RX can0 03C30F0F#87878787878787
CAN-RX can0 140C0201#0000
CAN-RX can0 02000000#0000
CAN-RX can0 08300103#FDFF
CAN-RX can0 02000000#0000
CAN-RX can0 00E#6E4621DF00000000
CAN-RX can0 02000000#0000
CAN-RX can0 08300103#0800
CAN-RX can0 02000000#0000
CAN-RX can0 02000000#0000
CAN-RX can0 02000000#0000
CAN-RX can0 02000000#0000
CAN-RX can0 0C140200#C0
CAN-TX can0 78F#208000001F000000
CAN-RX can0 00E#6E4621DF00000000
CAN-RX can0 790#CF80000020000000
CAN-RX can0 02000000#0000
CAN-RX can0 02000000#0000
CAN-RX can0 02000000#0000
CAN-RX can0 03C30F0F#87878787878787
CAN-RX can0 02000000#0000
CAN-RX can0 14300200#0000
CAN-RX can0 02000000#0000
CAN-RX can0 00E#6E4621DF00000000
CAN-RX can0 02000000#0000
CAN-RX can0 08300103#0F00
CAN-RX can0 02000000#0000
CAN-RX can0 02000000#0000
CAN-RX can0 02000000#0000
CAN-RX can0 08300103#0600
CAN-RX can0 02000000#0000
CAN-RX can0 0C140200#C1
CAN-RX can0 00E#6E4621DF00000000
CAN-RX can0 02000000#0000
CAN-RX can0 08300103#0700
CAN-RX can0 02000000#0000
CAN-RX can0 02000000#0000
CAN-RX can0 03C30F0F#87878787878787
CAN-RX can0 02000000#0000
CAN-RX can0 08300103#F8FF
CAN-RX can0 02000000#0000
CAN-TX can0 78F#208000001F000000
CAN-RX can0 00E#6E4621DF00000000
CAN-RX can0 790#CF80000020000000
CAN-RX can0 02000000#0000
CAN-RX can0 08300103#FDFF
CAN-RX can0 02000000#0000
CAN-RX can0 02000000#0000
CAN-RX can0 140C0201#0000
CAN-RX can0 02000000#0000
CAN-RX can0 08300103#F9FF
CAN-RX can0 02000000#0000
CAN-RX can0 00E#6E4621DF00000000
CAN-RX can0 02000000#0000
CAN-RX can0 08300103#0A00
CAN-RX can0 02000000#0000
CAN-RX can0 02000000#0000
CAN-RX can0 03C30F0F#87878787878787
CAN-RX can0 02000000#0000
CAN-RX can0 08300103#0000
CAN-RX can0 02000000#0000
CAN-RX can0 00E#6E4621DF00000000
CAN-RX can0 02000000#0000
CAN-RX can0 08300103#FFFF
CAN-RX can0 02000000#0000
CAN-RX can0 02000000#0000
CAN-RX can0 02000000#0000
CAN-RX can0 08300103#F6FF
CAN-RX can0 14300200#0000
CAN-RX can0 02000000#0000
CAN-TX can0 78F#208000001F000000
CAN-RX can0 00E#6E4621DF00000000
CAN-RX can0 790#CF80000020000000
CAN-RX can0 02000000#0000
CAN-RX can0 08300103#FDFF
CAN-RX can0 02000000#0000
CAN-RX can0 02000000#0000
CAN-RX can0 03C30F0F#87878787878787
CAN-RX can0 1C0C0200#1E
CAN-RX can0 02000000#0000
CAN-RX can0 08300103#0300
CAN-RX can0 1C300204#9AE505009AE50500
CAN-RX can0 02000000#0000
CAN-RX can0 00E#6E4621DF00000000
CAN-RX can0 1C2C0000#0A2316880A1A
CAN-RX can0 02000000#0000
CAN-RX can0 08300103#F8FF
CAN-RX can0 02000000#0000
CAN-RX can0 02000000#0000
CAN-RX can0 02000000#0000
CAN-RX can0 08300103#0300
CAN-RX can0 02000000#0000
CAN-RX can0 00E#6E4621DF00000000
CAN-RX can0 02000000#0000
CAN-RX can0 08300103#1700
CAN-RX can0 02000000#0000
CAN-RX can0 02000000#0000
CAN-RX can0 03C30F0F#87878787878787
CAN-RX can0 140C0201#0000
CAN-RX can0 02000000#0000
CAN-RX can0 08300103#0400
CAN-RX can0 02000000#0000
CAN-TX can0 78F#208000001F000000
CAN-RX can0 00E#6E4621DF00000000
CAN-RX can0 790#CF80000020000000
CAN-RX can0 02000000#0000
CAN-RX can0 08300103#FBFF
CAN-RX can0 02000000#0000
CAN-RX can0 02000000#0000
CAN-RX can0 02000000#0000
CAN-RX can0 08300103#FBFF
CAN-RX can0 02000000#0000
CAN-RX can0 00E#6E4621DF00000000
CAN-RX can0 02000000#0000
CAN-RX can0 08300103#0300
CAN-RX can0 02000000#0000
CAN-RX can0 02000000#0000
CAN-RX can0 03C30F0F#87878787878787
CAN-RX can0 02000000#0000
CAN-RX can0 08300103#0000
CAN-RX can0 14300200#0000
CAN-RX can0 02000000#0000
CAN-RX can0 00E#6E4621DF00000000
CAN-RX can0 02000000#0000
CAN-RX can0 08300103#FFFF
CAN-RX can0 02000000#0000
CAN-RX can0 02000000#0000
CAN-RX can0 02000000#0000
CAN-RX can0 08300103#FAFF
CAN-RX can0 02000000#0000
CAN-TX can0 78F#208000001F000000
CAN-RX can0 00E#6E4621DF00000000
CAN-RX can0 790#CF80000020000000
CAN-RX can0 02000000#0000
CAN-RX can0 08300103#F1FF
CAN-RX can0 02000000#0000
CAN-RX can0 02000000#0000
CAN-RX can0 03C30F0F#87878787878787
CAN-RX can0 02000000#0000
CAN-RX can0 08300103#0200
CAN-RX can0 02000000#0000
CAN-RX can0 00E#6E4621DF00000000
CAN-RX can0 02000000#0000
CAN-RX can0 08300103#0000
CAN-RX can0 02000000#0000
CAN-RX can0 02000000#0000
CAN-RX can0 140C0201#0000
CAN-RX can0 02000000#0000
CAN-RX can0 08300103#0500
CAN-RX can0 02000000#0000
CAN-RX can0 00E#6E4621DF00000000
CAN-RX can0 02000000#0000
CAN-RX can0 08300103#0400
CAN-RX can0 02000000#0000
CAN-RX can0 02000000#0000
CAN-RX can0 03C30F0F#87878787878787
CAN-RX can0 02000000#0000
CAN-RX can0 08300103#EDFF
CAN-RX can0 02000000#0000
CAN-TX can0 78F#208000001F000000
CAN-RX can0 00E#6E4621DF00000000
CAN-RX can0 790#CF80000020000000
CAN-RX can0 02000000#0000
CAN-RX can0 08300103#0500
CAN-RX can0 02000000#0000
CAN-RX can0 02000000#0000
CAN-RX can0 02000000#0000
CAN-RX can0 08300103#FEFF
CAN-RX can0 14300200#0000
CAN-RX can0 02000000#0000
CAN-RX can0 00E#6E4621DF00000000
CAN-RX can0 02000000#0000
CAN-RX can0 08300103#0100
CAN-RX can0 02000000#0000
CAN-RX can0 02000000#0000
CAN-RX can0 03C30F0F#87878787878787
CAN-RX can0 02000000#0000
CAN-RX can0 08300103#0100
CAN-RX can0 02000000#0000
CAN-RX can0 00E#6E4621DF00000000
CAN-RX can0 02000000#0000
CAN-RX can0 08300103#0100
CAN-RX can0 0C140300#C2
CAN-RX can0 02000000#0000
CAN-RX can0 02000000#0000
CAN-TX can0 78F#208000001F000000
CAN-RX can0 02000000#0000
CAN-RX can0 08300103#0200
CAN-RX can0 02000000#0000
CAN-RX can0 790#CF80000020000000
CAN-RX can0 00E#6E4621DF00000000
CAN-RX can0 02000000#0000
CAN-RX can0 08300103#FAFF
CAN-RX can0 02000000#0000
CAN-RX can0 02000000#0000
CAN-RX can0 03C30F0F#87878787878787
CAN-RX can0 140C0201#0000
CAN-RX can0 02000000#0000
CAN-RX can0 08300103#FDFF
CAN-RX can0 02000000#0000
CAN-RX can0 00E#6E4621DF00000000
CAN-RX can0 02000000#0000
CAN-RX can0 08300103#0000
CAN-RX can0 02000000#0000
CAN-RX can0 02000000#0000
CAN-RX can0 02000000#0000
CAN-RX can0 02000000#0000
CAN-RX can0 0C140200#C0
CAN-RX can0 00E#6E4621DF00000000
CAN-RX can0 02000000#0000
CAN-RX can0 02000000#0000
CAN-RX can0 02000000#0000
CAN-RX can0 03C30F0F#87878787878787
CAN-RX can0 02000000#0000
CAN-RX can0 14300200#0000
CAN-TX can0 78F#208000001F000000
CAN-RX can0 02000000#0000
CAN-RX can0 790#CF80000020000000
CAN-RX can0 00E#6E4621DF00000000
CAN-RX can0 02000000#0000
CAN-RX can0 08300103#0000
CAN-RX can0 02000000#0000
CAN-RX can0 02000000#0000
CAN-RX can0 02000000#0000
CAN-RX can0 08300103#0200
CAN-RX can0 02000000#0000
CAN-RX can0 0C140200#C1
CAN-RX can0 00E#6E4621DF00000000
CAN-RX can0 02000000#0000
CAN-RX can0 08300103#FFFF
CAN-RX can0 02000000#0000
CAN-RX can0 02000000#0000
CAN-RX can0 03C30F0F#87878787878787
CAN-RX can0 02000000#0000
CAN-RX can0 08300103#FDFF
CAN-RX can0 02000000#0000
CAN-RX can0 00E#6E4621DF00000000
CAN-RX can0 02000000#0000
CAN-RX can0 08300103#FDFF
CAN-RX can0 02000000#0000
CAN-RX can0 02000000#0000
CAN-RX can0 140C0201#0000
CAN-RX can0 02000000#0000
CAN-RX can0 08300103#FBFF
CAN-TX can0 78F#208000001F000000
CAN-RX can0 02000000#0000
CAN-RX can0 790#CF80000020000000
CAN-RX can0 00E#6E4621DF00000000
CAN-RX can0 02000000#0000
CAN-RX can0 08300103#0F00
CAN-RX can0 02000000#0000
CAN-RX can0 02000000#0000
CAN-RX can0 03C30F0F#87878787878787
CAN-RX can0 08300103#FBFF
CAN-RX can0 02000000#0000
CAN-RX can0 02000000#0000
CAN-RX can0 00E#6E4621DF00000000
CAN-RX can0 02000000#0000
CAN-RX can0 08300103#0000
CAN-RX can0 02000000#0000
CAN-RX can0 02000000#0000
CAN-RX can0 08300103#FDFF
CAN-RX can0 02000000#0000
CAN-RX can0 14300200#0000
CAN-RX can0 02000000#0000
CAN-RX can0 00E#6E4621DF00000000
CAN-RX can0 02000000#0000
CAN-RX can0 08300103#FDFF
CAN-RX can0 02000000#0000
CAN-RX can0 02000000#0000
CAN-RX can0 03C30F0F#87878787878787
CAN-RX can0 1C0C0200#1E
CAN-RX can0 08300103#0700
CAN-RX can0 02000000#0000
CAN-TX can0 78F#208000001F000000
CAN-RX can0 02000000#0000
CAN-RX can0 1C300204#9AE505009AE50500
CAN-RX can0 790#CF80000020000000
CAN-RX can0 00E#6E4621DF00000000
CAN-RX can0 1C2C0000#0B2316880A1A
CAN-RX can0 02000000#0000
CAN-RX can0 08300103#0600
CAN-RX can0 02000000#0000
CAN-RX can0 02000000#0000
CAN-RX can0 08300103#FDFF
CAN-RX can0 02000000#0000
CAN-RX can0 02000000#0000
CAN-RX can0 00E#6E4621DF00000000
CAN-RX can0 02000000#0000
CAN-RX can0 08300103#F0FF
CAN-RX can0 02000000#0000
CAN-RX can0 02000000#0000
CAN-RX can0 03C30F0F#87878787878787
CAN-RX can0 140C0201#0000
CAN-RX can0 08300103#FAFF
CAN-RX can0 02000000#0000
CAN-RX can0 02000000#0000
CAN-RX can0 00E#6E4621DF00000000
CAN-RX can0 02000000#0000
CAN-RX can0 08300103#F7FF
CAN-RX can0 02000000#0000
CAN-RX can0 02000000#0000
CAN-RX can0 08300103#F9FF
CAN-RX can0 02000000#0000
CAN-TX can0 78F#208000001F000000
CAN-RX can0 02000000#0000
CAN-RX can0 790#CF80000020000000
CAN-RX can0 00E#6E4621DF00000000
CAN-RX can0 02000000#0000
CAN-RX can0 08300103#0000
CAN-RX can0 02000000#0000
CAN-RX can0 02000000#0000
CAN-RX can0 03C30F0F#87878787878787
CAN-RX can0 08300103#FEFF
CAN-RX can0 02000000#0000
CAN-RX can0 14300200#0000
CAN-RX can0 02000000#0000
CAN-RX can0 00E#6E4621DF00000000
CAN-RX can0 02000000#0000
CAN-RX can0 08300103#FAFF
CAN-RX can0 02000000#0000
CAN-RX can0 02000000#0000
CAN-RX can0 08300103#0100
CAN-RX can0 02000000#0000
CAN-RX can0 02000000#0000
CAN-RX can0 00E#6E4621DF00000000
CAN-RX can0 02000000#0000
CAN-RX can0 08300103#0000
CAN-RX can0 02000000#0000
CAN-TX can0 78F#208000001F000000
CAN-RX can0 02000000#0000
CAN-RX can0 03C30F0F#87878787878787
CAN-RX can0 08300103#0200
CAN-RX can0 02000000#0000
CAN-RX can0 790#CF80000020000000
CAN-RX can0 02000000#0000
CAN-RX can0 00E#6E4621DF00000000
CAN-RX can0 02000000#0000
CAN-RX can0 08300103#1500
CAN-RX can0 02000000#0000
CAN-RX can0 02000000#0000
CAN-RX can0 140C0201#0000
CAN-RX can0 08300103#0700
CAN-RX can0 02000000#0000
CAN-RX can0 02000000#0000
CAN-RX can0 00E#6E4621DF00000000
CAN-RX can0 02000000#0000
CAN-RX can0 08300103#0C00
CAN-RX can0 02000000#0000
CAN-RX can0 02000000#0000
CAN-RX can0 03C30F0F#87878787878787
CAN-RX can0 08300103#0300
CAN-RX can0 02000000#0000
CAN-RX can0 02000000#0000
CAN-RX can0 00E#6E4621DF00000000
CAN-RX can0 02000000#0000
CAN-RX can0 08300103#0700
CAN-RX can0 02000000#0000
CAN-RX can0 02000000#0000
CAN-RX can0 08300103#FDFF
CAN-RX can0 02000000#0000
CAN-TX can0 78F#208000001F000000
CAN-RX can0 14300200#0000
CAN-RX can0 790#CF80000020000000
CAN-RX can0 02000000#0000
CAN-RX can0 00E#6E4621DF00000000
CAN-RX can0 02000000#0000
CAN-RX can0 08300103#F9FF
CAN-RX can0 02000000#0000
CAN-RX can0 02000000#0000
CAN-RX can0 03C30F0F#87878787878787
CAN-RX can0 08300103#0400
CAN-RX can0 02000000#0000
CAN-RX can0 02000000#0000
CAN-RX can0 00E#6E4621DF00000000
CAN-RX can0 02000000#0000
CAN-RX can0 08300103#0300
CAN-RX can0 0C140300#C2
CAN-RX can0 02000000#0000
CAN-RX can0 02000000#0000
CAN-RX can0 08300103#1200
CAN-RX can0 02000000#0000
CAN-RX can0 02000000#0000
CAN-RX can0 00E#6E4621DF00000000
CAN-RX can0 02000000#0000
CAN-RX can0 08300103#0600
CAN-RX can0 02000000#0000
CAN-RX can0 02000000#0000
CAN-RX can0 03C30F0F#87878787878787
CAN-RX can0 140C0201#0000
CAN-RX can0 08300103#FDFF
CAN-TX can0 78F#208000001F000000
CAN-RX can0 02000000#0000
CAN-RX can0 790#CF80000020000000
CAN-RX can0 02000000#0000
CAN-RX can0 00E#6E4621DF00000000
CAN-RX can0 02000000#0000
CAN-RX can0 08300103#0600
CAN-RX can0 02000000#0000
CAN-RX can0 02000000#0000
CAN-RX can0 02000000#0000
CAN-RX can0 02000000#0000
CAN-RX can0 0C140200#C0
CAN-RX can0 00E#6E4621DF00000000
CAN-RX can0 02000000#0000
CAN-RX can0 02000000#0000
CAN-RX can0 02000000#0000
CAN-RX can0 03C30F0F#87878787878787
CAN-RX can0 02000000#0000
CAN-RX can0 14300200#0000
CAN-RX can0 02000000#0000
CAN-RX can0 00E#6E4621DF00000000
CAN-RX can0 02000000#0000
CAN-RX can0 08300103#FDFF
CAN-RX can0 02000000#0000
CAN-RX can0 02000000#0000
CAN-TX can0 78F#208000001F000000
CAN-RX can0 08300103#0C00
CAN-RX can0 02000000#0000
CAN-RX can0 790#CF80000020000000
CAN-RX can0 02000000#0000
CAN-RX can0 0C140200#C1
CAN-RX can0 00E#6E4621DF00000000
CAN-RX can0 02000000#0000
CAN-RX can0 08300103#1200
CAN-RX can0 02000000#0000
CAN-RX can0 02000000#0000
CAN-RX can0 03C30F0F#87878787878787
CAN-RX can0 08300103#0C00
CAN-RX can0 02000000#0000
CAN-RX can0 02000000#0000
CAN-RX can0 00E#6E4621DF00000000
CAN-RX can0 02000000#0000
CAN-RX can0 08300103#0100
CAN-RX can0 02000000#0000
CAN-RX can0 02000000#0000
CAN-RX can0 140C0201#0000
CAN-RX can0 08300103#0900
CAN-RX can0 02000000#0000
CAN-RX can0 02000000#0000
CAN-RX can0 00E#6E4621DF00000000
CAN-RX can0 02000000#0000
CAN-RX can0 08300103#F7FF
CAN-RX can0 02000000#0000
CAN-RX can0 02000000#0000
CAN-RX can0 03C30F0F#87878787878787
CAN-TX can0 78F#208000001F000000
CAN-RX can0 08300103#0100
CAN-RX can0 02000000#0000
CAN-RX can0 790#CF80000020000000
CAN-RX can0 02000000#0000
CAN-RX can0 00E#6E4621DF00000000
CAN-RX can0 02000000#0000
CAN-RX can0 08300103#0000
CAN-RX can0 02000000#0000
CAN-RX can0 02000000#0000
CAN-RX can0 08300103#0500
CAN-RX can0 02000000#0000
CAN-RX can0 14300200#0000
CAN-RX can0 02000000#0000
CAN-RX can0 00E#6E4621DF00000000
CAN-RX can0 02000000#0000
CAN-RX can0 08300103#F1FF
CAN-RX can0 02000000#0000
CAN-RX can0 02000000#0000
CAN-RX can0 03C30F0F#87878787878787
CAN-RX can0 1C0C0200#1E
CAN-RX can0 08300103#0000
CAN-RX can0 02000000#0000
CAN-RX can0 02000000#0000
CAN-RX can0 00E#6E4621DF00000000
CAN-RX can0 1C2C0000#0C2316880A1A
CAN-RX can0 02000000#0000
CAN-RX can0 08300103#0E00
CAN-RX can0 1C300204#9AE505009AE50500
CAN-RX can0 02000000#0000
CAN-RX can0 02000000#0000
CAN-TX can0 78F#208000001F000000
CAN-RX can0 08300103#0000
CAN-RX can0 02000000#0000
CAN-RX can0 790#CF80000020000000
CAN-RX can0 02000000#0000
CAN-RX can0 00E#6E4621DF00000000
CAN-RX can0 02000000#0000
CAN-RX can0 08300103#F7FF
CAN-RX can0 02000000#0000
CAN-RX can0 02000000#0000
CAN-RX can0 03C30F0F#87878787878787
CAN-RX can0 140C0201#0000
CAN-RX can0 08300103#ECFF
CAN-RX can0 02000000#0000
CAN-RX can0 02000000#0000
CAN-RX can0 00E#6E4621DF00000000
CAN-RX can0 02000000#0000
CAN-RX can0 08300103#F6FF
CAN-RX can0 02000000#0000
CAN-RX can0 02000000#0000
CAN-RX can0 08300103#0200
CAN-RX can0 02000000#0000
CAN-RX can0 02000000#0000
CAN-RX can0 00E#6E4621DF00000000
CAN-RX can0 02000000#0000
CAN-RX can0 08300103#F9FF
CAN-RX can0 02000000#0000
CAN-RX can0 02000000#0000
CAN-RX can0 03C30F0F#87878787878787
CAN-TX can0 78F#208000001F000000
CAN-RX can0 08300103#F3FF
CAN-RX can0 02000000#0000
CAN-RX can0 14300200#0000
CAN-RX can0 790#CF80000020000000
CAN-RX can0 02000000#0000
CAN-RX can0 00E#6E4621DF00000000
CAN-RX can0 02000000#0000
CAN-RX can0 08300103#EEFF
CAN-RX can0 02000000#0000
CAN-RX can0 02000000#0000
CAN-RX can0 08300103#FFFF
CAN-RX can0 02000000#0000
CAN-RX can0 02000000#0000
CAN-RX can0 00E#6E4621DF00000000
CAN-RX can0 02000000#0000
CAN-RX can0 08300103#0700
CAN-RX can0 02000000#0000
CAN-RX can0 02000000#0000
CAN-RX can0 03C30F0F#87878787878787
CAN-RX can0 08300103#0200
CAN-RX can0 02000000#0000
CAN-RX can0 02000000#0000
CAN-RX can0 00E#6E4621DF00000000
CAN-RX can0 02000000#0000
CAN-RX can0 08300103#F9FF
CAN-RX can0 02000000#0000
CAN-RX can0 02000000#0000
CAN-RX can0 140C0201#0000
CAN-TX can0 78F#208000001F000000
CAN-RX can0 08300103#FCFF
CAN-RX can0 02000000#0000
CAN-RX can0 790#CF80000020000000
CAN-RX can0 02000000#0000
CAN-RX can0 00E#6E4621DF00000000
CAN-RX can0 02000000#0000
CAN-RX can0 08300103#0500
CAN-RX can0 02000000#0000
CAN-RX can0 02000000#0000
CAN-RX can0 03C30F0F#87878787878787
CAN-RX can0 08300103#0000
CAN-RX can0 02000000#0000
CAN-RX can0 02000000#0000
CAN-RX can0 00E#6E4621DF00000000
CAN-RX can0 02000000#0000
CAN-RX can0 08300103#FBFF
CAN-RX can0 02000000#0000
CAN-RX can0 02000000#0000
CAN-RX can0 08300103#0400
CAN-RX can0 02000000#0000
CAN-RX can0 14300200#0000
CAN-RX can0 02000000#0000
CAN-RX can0 00E#6E4621DF00000000
CAN-RX can0 02000000#0000
CAN-RX can0 08300103#FBFF
CAN-RX can0 02000000#0000
CAN-RX can0 02000000#0000
CAN-RX can0 03C30F0F#87878787878787
CAN-TX can0 78F#208000001F000000
CAN-RX can0 08300103#0100
CAN-RX can0 790#CF80000020000000
CAN-RX can0 02000000#0000
CAN-RX can0 02000000#0000
CAN-RX can0 00E#6E4621DF00000000
CAN-RX can0 02000000#0000
CAN-RX can0 08300103#0200
CAN-RX can0 0C140300#C2
CAN-RX can0 02000000#0000
CAN-RX can0 02000000#0000
CAN-RX can0 08300103#F4FF
CAN-RX can0 02000000#0000
CAN-RX can0 02000000#0000
CAN-RX can0 00E#6E4621DF00000000
CAN-RX can0 02000000#0000
CAN-RX can0 08300103#F8FF
CAN-RX can0 02000000#0000
CAN-RX can0 02000000#0000
CAN-RX can0 03C30F0F#87878787878787
CAN-RX can0 140C0201#0000
CAN-RX can0 08300103#0000
CAN-RX can0 02000000#0000
CAN-RX can0 02000000#0000
CAN-RX can0 00E#6E4621DF00000000
CAN-RX can0 02000000#0000
CAN-RX can0 08300103#FFFF
CAN-RX can0 02000000#0000
CAN-RX can0 02000000#0000
CAN-TX can0 78F#208000001F000000
CAN-RX can0 790#CF80000020000000
CAN-RX can0 02000000#0000
CAN-RX can0 02000000#0000
CAN-RX can0 0C140200#C0
CAN-RX can0 00E#6E4621DF00000000
CAN-RX can0 02000000#0000
CAN-RX can0 02000000#0000
CAN-RX can0 02000000#0000
CAN-RX can0 03C30F0F#87878787878787
CAN-RX can0 02000000#0000
CAN-RX can0 14300200#0000
CAN-RX can0 02000000#0000
CAN-RX can0 00E#6E4621DF00000000
CAN-RX can0 02000000#0000
CAN-RX can0 08300103#F3FF
CAN-RX can0 02000000#0000
CAN-RX can0 02000000#0000
CAN-RX can0 08300103#FDFF
CAN-RX can0 02000000#0000
CAN-RX can0 02000000#0000
CAN-RX can0 0C140200#C1
CAN-RX can0 00E#6E4621DF00000000
CAN-TX can0 78F#208000001F000000
CAN-RX can0 02000000#0000
CAN-RX can0 08300103#0400
CAN-RX can0 02000000#0000
CAN-RX can0 02000000#0000
CAN-RX can0 03C30F0F#87878787878787
CAN-RX can0 790#CF80000020000000
CAN-RX can0 08300103#0200
CAN-RX can0 02000000#0000
CAN-RX can0 02000000#0000
CAN-RX can0 00E#6E4621DF00000000
CAN-RX can0 02000000#0000
CAN-RX can0 08300103#0000
CAN-RX can0 02000000#0000
CAN-RX can0 02000000#0000
CAN-RX can0 140C0201#0000
CAN-RX can0 08300103#0400
CAN-RX can0 02000000#0000
CAN-RX can0 02000000#0000
CAN-RX can0 00E#6E4621DF00000000
CAN-RX can0 08300103#F7FF
CAN-RX can0 02000000#0000
CAN-RX can0 02000000#0000
CAN-RX can0 02000000#0000
CAN-RX can0 03C30F0F#87878787878787
CAN-RX can0 08300103#0100
CAN-RX can0 02000000#0000
CAN-RX can0 02000000#0000
CAN-RX can0 00E#6E4621DF00000000
CAN-RX can0 08300103#0000
CAN-RX can0 02000000#0000
CAN-TX can0 78F#208000001F000000
CAN-RX can0 02000000#0000
CAN-RX can0 02000000#0000
CAN-RX can0 790#CF80000020000000
CAN-RX can0 08300103#FAFF
CAN-RX can0 02000000#0000
CAN-RX can0 14300200#0000
CAN-RX can0 02000000#0000
CAN-RX can0 00E#6E4621DF00000000
CAN-RX can0 08300103#0300
CAN-RX can0 02000000#0000
CAN-RX can0 02000000#0000
CAN-RX can0 02000000#0000
CAN-RX can0 03C30F0F#87878787878787
CAN-RX can0 1C0C0200#1E
CAN-RX can0 08300103#0D00
CAN-RX can0 02000000#0000
CAN-RX can0 02000000#0000
CAN-RX can0 00E#6E4621DF00000000
CAN-RX can0 1C2C0000#0D2316880A1A
CAN-RX can0 08300103#0000
CAN-RX can0 02000000#0000
CAN-RX can0 02000000#0000
CAN-RX can0 1C300204#9AE505009AE50500
CAN-RX can0 02000000#0000
CAN-RX can0 08300103#FEFF
CAN-RX can0 02000000#0000
CAN-RX can0 02000000#0000
CAN-RX can0 00E#6E4621DF00000000
CAN-RX can0 08300103#FDFF
CAN-RX can0 02000000#0000
CAN-RX can0 02000000#0000
CAN-TX can0 78F#208000001F000000
CAN-RX can0 02000000#0000
CAN-RX can0 03C30F0F#87878787878787
CAN-RX can0 140C0201#0000
CAN-RX can0 08300103#FFFF
CAN-RX can0 790#CF80000020000000
CAN-RX can0 02000000#0000
CAN-RX can0 02000000#0000
CAN-RX can0 00E#6E4621DF00000000
CAN-RX can0 08300103#FEFF
CAN-RX can0 02000000#0000
CAN-RX can0 02000000#0000
CAN-RX can0 02000000#0000
CAN-RX can0 08300103#FAFF
CAN-RX can0 02000000#0000
CAN-RX can0 02000000#0000
CAN-RX can0 00E#6E4621DF00000000
CAN-RX can0 08300103#1000
CAN-RX can0 02000000#0000
CAN-RX can0 02000000#0000
CAN-RX can0 02000000#0000
CAN-RX can0 03C30F0F#87878787878787
CAN-RX can0 08300103#0300
CAN-RX can0 02000000#0000
CAN-RX can0 14300200#0000
CAN-RX can0 02000000#0000
CAN-RX can0 00E#6E4621DF00000000
CAN-RX can0 08300103#0000
CAN-RX can0 02000000#0000
CAN-RX can0 02000000#0000
CAN-RX can0 02000000#0000
CAN-TX can0 78F#208000001F000000
CAN-RX can0 08300103#F6FF
CAN-RX can0 790#CF80000020000000
CAN-RX can0 02000000#0000
CAN-RX can0 02000000#0000
CAN-RX can0 00E#6E4621DF00000000
CAN-RX can0 08300103#FCFF
CAN-RX can0 02000000#0000
CAN-RX can0 02000000#0000
CAN-RX can0 02000000#0000
CAN-RX can0 03C30F0F#87878787878787
CAN-RX can0 08300103#0400
CAN-RX can0 02000000#0000
CAN-RX can0 02000000#0000
CAN-RX can0 00E#6E4621DF00000000
CAN-RX can0 08300103#F8FF
CAN-RX can0 02000000#0000
CAN-RX can0 02000000#0000
CAN-RX can0 02000000#0000
CAN-RX can0 140C0201#0000
CAN-RX can0 08300103#0500
CAN-RX can0 02000000#0000
CAN-RX can0 02000000#0000
CAN-RX can0 00E#6E4621DF00000000
CAN-RX can0 08300103#0000
CAN-RX can0 02000000#0000
CAN-RX can0 02000000#0000
CAN-RX can0 02000000#0000
CAN-RX can0 03C30F0F#87878787878787
CAN-TX can0 78F#208000001F000000
CAN-RX can0 08300103#E9FF
CAN-RX can0 790#CF80000020000000
CAN-RX can0 02000000#0000
CAN-RX can0 02000000#0000
CAN-RX can0 00E#6E4621DF00000000
CAN-RX can0 08300103#0200
CAN-RX can0 02000000#0000
CAN-RX can0 02000000#0000
CAN-RX can0 02000000#0000
CAN-RX can0 08300103#0700
CAN-RX can0 02000000#0000
CAN-RX can0 14300200#0000
CAN-RX can0 02000000#0000
CAN-RX can0 00E#6E4621DF00000000
CAN-RX can0 08300103#0600
CAN-RX can0 02000000#0000
CAN-RX can0 02000000#0000
CAN-RX can0 02000000#0000
CAN-RX can0 03C30F0F#87878787878787
CAN-RX can0 08300103#FCFF
CAN-RX can0 02000000#0000
CAN-RX can0 02000000#0000
CAN-RX can0 00E#6E4621DF00000000
CAN-RX can0 08300103#0000
CAN-RX can0 02000000#0000
CAN-RX can0 0C140300#C2
CAN-RX can0 02000000#0000
CAN-RX can0 02000000#0000
CAN-TX can0 78F#208000001F000000
CAN-RX can0 08300103#F9FF
CAN-RX can0 790#CF80000020000000
CAN-RX can0 02000000#0000
CAN-RX can0 02000000#0000
CAN-RX can0 00E#6E4621DF00000000
CAN-RX can0 08300103#0100
CAN-RX can0 02000000#0000
CAN-RX can0 02000000#0000
CAN-RX can0 02000000#0000
CAN-RX can0 03C30F0F#87878787878787
CAN-RX can0 140C0201#0000
CAN-RX can0 08300103#0000
CAN-RX can0 02000000#0000
CAN-RX can0 02000000#0000
CAN-RX can0 00E#6E4621DF00000000
CAN-RX can0 08300103#0000
CAN-RX can0 02000000#0000
CAN-RX can0 02000000#0000
CAN-RX can0 02000000#0000
CAN-RX can0 02000000#0000
CAN-RX can0 02000000#0000
CAN-RX can0 0C140200#C0
CAN-RX can0 00E#6E4621DF00000000
CAN-RX can0 02000000#0000
CAN-RX can0 02000000#0000
CAN-RX can0 02000000#0000
CAN-RX can0 03C30F0F#87878787878787
CAN-TX can0 78F#208000001F000000
CAN-RX can0 790#CF80000020000000
CAN-RX can0 02000000#0000
CAN-RX can0 14300200#0000
CAN-RX can0 02000000#0000
CAN-RX can0 00E#6E4621DF00000000
CAN-RX can0 08300103#FBFF
CAN-RX can0 02000000#0000
CAN-RX can0 02000000#0000
CAN-RX can0 02000000#0000
CAN-RX can0 08300103#0100
CAN-RX can0 02000000#0000
CAN-RX can0 02000000#0000
CAN-RX can0 0C140200#C1
CAN-RX can0 00E#6E4621DF00000000
CAN-RX can0 08300103#FBFF
CAN-RX can0 02000000#0000
CAN-RX can0 02000000#0000
CAN-RX can0 02000000#0000
CAN-RX can0 03C30F0F#87878787878787
CAN-RX can0 08300103#FDFF
CAN-RX can0 02000000#0000
CAN-RX can0 02000000#0000
CAN-RX can0 00E#6E4621DF00000000
CAN-RX can0 08300103#1700
CAN-RX can0 02000000#0000
CAN-RX can0 02000000#0000
CAN-TX can0 78F#208000001F000000
CAN-RX can0 02000000#0000
CAN-RX can0 140C0201#0000
CAN-RX can0 08300103#0200
CAN-RX can0 790#CF80000020000000
CAN-RX can0 02000000#0000
CAN-RX can0 02000000#0000
CAN-RX can0 00E#6E4621DF00000000
CAN-RX can0 08300103#0100
CAN-RX can0 02000000#0000
CAN-RX can0 02000000#0000
CAN-RX can0 02000000#0000
CAN-RX can0 03C30F0F#87878787878787
CAN-RX can0 08300103#0800
CAN-RX can0 02000000#0000
CAN-RX can0 02000000#0000
CAN-RX can0 00E#6E4621DF00000000
CAN-RX can0 08300103#0500
CAN-RX can0 02000000#0000
CAN-RX can0 02000000#0000
CAN-RX can0 02000000#0000
CAN-RX can0 08300103#EEFF
CAN-RX can0 02000000#0000
CAN-RX can0 14300200#0000
CAN-RX can0 02000000#0000
CAN-RX can0 00E#6E4621DF00000000
CAN-RX can0 08300103#0C00
CAN-RX can0 02000000#0000
CAN-RX can0 02000000#0000
CAN-TX can0 78F#208000001F000000
CAN-RX can0 02000000#0000
CAN-RX can0 03C30F0F#87878787878787
CAN-RX can0 1C0C0200#1E
CAN-RX can0 08300103#FAFF
CAN-RX can0 790#CF80000020000000
CAN-RX can0 02000000#0000
CAN-RX can0 02000000#0000
CAN-RX can0 00E#6E4621DF00000000
CAN-RX can0 1C2C0000#0E2316880A1A
CAN-RX can0 08300103#0000
CAN-RX can0 02000000#0000
CAN-RX can0 02000000#0000
CAN-RX can0 02000000#0000
CAN-RX can0 08300103#0100
CAN-RX can0 1C300204#9AE505009AE50500
CAN-RX can0 02000000#0000
CAN-RX can0 02000000#0000
CAN-RX can0 00E#6E4621DF00000000
CAN-RX can0 08300103#0600
CAN-RX can0 02000000#0000
CAN-RX can0 02000000#0000
CAN-RX can0 02000000#0000
CAN-RX can0 03C30F0F#87878787878787
CAN-RX can0 08300103#F5FF
CAN-RX can0 140C0201#0000
CAN-RX can0 02000000#0000
CAN-RX can0 02000000#0000
CAN-RX can0 00E#6E4621DF00000000
CAN-RX can0 08300103#0600
CAN-RX can0 02000000#0000
CAN-RX can0 02000000#0000
CAN-TX can0 78F#208000001F000000
CAN-RX can0 02000000#0000
CAN-RX can0 08300103#0800
CAN-RX can0 790#CF80000020000000
CAN-RX can0 02000000#0000
CAN-RX can0 02000000#0000
CAN-RX can0 00E#6E4621DF00000000
CAN-RX can0 08300103#0800
CAN-RX can0 02000000#0000
CAN-RX can0 02000000#0000
CAN-RX can0 02000000#0000
CAN-RX can0 03C30F0F#87878787878787
CAN-RX can0 08300103#FAFF
CAN-RX can0 02000000#0000
CAN-RX can0 14300200#0000
CAN-RX can0 02000000#0000
CAN-RX can0 00E#6E4621DF00000000
CAN-RX can0 08300103#0200
CAN-RX can0 02000000#0000
CAN-RX can0 02000000#0000
CAN-RX can0 02000000#0000
CAN-RX can0 08300103#F6FF
CAN-RX can0 02000000#0000
CAN-RX can0 02000000#0000
CAN-RX can0 00E#6E4621DF00000000
CAN-RX can0 08300103#EFFF
CAN-RX can0 02000000#0000
CAN-RX can0 02000000#0000
CAN-TX can0 78F#208000001F000000
CAN-RX can0 02000000#0000
CAN-RX can0 03C30F0F#87878787878787
CAN-RX can0 08300103#F9FF
CAN-RX can0 790#CF80000020000000
CAN-RX can0 02000000#0000
CAN-RX can0 02000000#0000
CAN-RX can0 00E#6E4621DF00000000
CAN-RX can0 08300103#0300
CAN-RX can0 02000000#0000
CAN-RX can0 02000000#0000
CAN-RX can0 02000000#0000
CAN-RX can0 08300103#F4FF
CAN-RX can0 140C0201#0000
CAN-RX can0 02000000#0000
CAN-RX can0 02000000#0000
CAN-RX can0 00E#6E4621DF00000000
CAN-RX can0 08300103#0800
CAN-RX can0 02000000#0000
CAN-RX can0 02000000#0000
CAN-RX can0 02000000#0000
CAN-RX can0 03C30F0F#87878787878787
CAN-RX can0 08300103#FFFF
CAN-RX can0 02000000#0000
CAN-RX can0 02000000#0000
CAN-RX can0 00E#6E4621DF00000000
CAN-RX can0 08300103#FCFF
CAN-RX can0 02000000#0000
CAN-RX can0 02000000#0000
CAN-TX can0 78F#208000001F000000
CAN-RX can0 790#CF80000020000000
CAN-RX can0 02000000#0000
CAN-RX can0 08300103#0100
CAN-RX can0 02000000#0000
CAN-RX can0 14300200#0000
CAN-RX can0 02000000#0000
CAN-RX can0 00E#6E4621DF00000000
CAN-RX can0 08300103#FAFF
CAN-RX can0 02000000#0000
CAN-RX can0 02000000#0000
CAN-RX can0 02000000#0000
CAN-RX can0 03C30F0F#87878787878787
CAN-RX can0 08300103#0200
CAN-RX can0 02000000#0000
CAN-RX can0 02000000#0000
CAN-RX can0 00E#6E4621DF00000000
CAN-RX can0 08300103#FFFF
CAN-RX can0 02000000#0000
CAN-RX can0 0C140300#C2
CAN-RX can0 02000000#0000
CAN-RX can0 02000000#0000
CAN-RX can0 08300103#FBFF
CAN-RX can0 02000000#0000
CAN-RX can0 02000000#0000
CAN-TX can0 78F#208000001F000000
CAN-RX can0 00E#6E4621DF00000000
CAN-RX can0 08300103#1C00
CAN-RX can0 02000000#0000
CAN-RX can0 02000000#0000
CAN-RX can0 790#CF80000020000000
CAN-RX can0 02000000#0000
CAN-RX can0 03C30F0F#87878787878787
CAN-RX can0 08300103#0400
CAN-RX can0 140C0201#0000
CAN-RX can0 02000000#0000
CAN-RX can0 02000000#0000
CAN-RX can0 00E#6E4621DF00000000
CAN-RX can0 08300103#0200
CAN-RX can0 02000000#0000
CAN-RX can0 02000000#0000
CAN-RX can0 02000000#0000
CAN-RX can0 02000000#0000
CAN-RX can0 02000000#0000
CAN-RX can0 0C140200#C0
CAN-RX can0 00E#6E4621DF00000000
CAN-RX can0 02000000#0000
CAN-RX can0 02000000#0000
CAN-RX can0 02000000#0000
CAN-RX can0 03C30F0F#87878787878787
CAN-RX can0 02000000#0000
CAN-RX can0 14300200#0000
CAN-RX can0 02000000#0000
CAN-RX can0 00E#6E4621DF00000000
CAN-RX can0 08300103#FDFF
CAN-RX can0 02000000#0000
CAN-RX can0 02000000#0000
CAN-TX can0 78F#208000001F000000
CAN-RX can0 790#CF80000020000000
CAN-RX can0 02000000#0000
CAN-RX can0 08300103#FEFF
CAN-RX can0 02000000#0000
CAN-RX can0 02000000#0000
CAN-RX can0 0C140200#C1
CAN-RX can0 00E#6E4621DF00000000
CAN-RX can0 08300103#FEFF
CAN-RX can0 02000000#0000
CAN-RX can0 02000000#0000
CAN-RX can0 02000000#0000
CAN-RX can0 03C30F0F#87878787878787
CAN-RX can0 08300103#F9FF
CAN-RX can0 02000000#0000
CAN-RX can0 02000000#0000
CAN-RX can0 00E#6E4621DF00000000
CAN-RX can0 08300103#F4FF
CAN-RX can0 02000000#0000
CAN-RX can0 02000000#0000
CAN-RX can0 02000000#0000
CAN-RX can0 08300103#0D00
CAN-RX can0 140C0201#0000
CAN-RX can0 02000000#0000
CAN-RX can0 02000000#0000
CAN-RX can0 00E#6E4621DF00000000
CAN-RX can0 08300103#0100
CAN-RX can0 02000000#0000
CAN-RX can0 02000000#0000
CAN-TX can0 78F#208000001F000000
CAN-RX can0 790#CF80000020000000
CAN-RX can0 02000000#0000
CAN-RX can0 03C30F0F#87878787878787
CAN-RX can0 08300103#F6FF
CAN-RX can0 02000000#0000
CAN-RX can0 02000000#0000
CAN-RX can0 00E#6E4621DF00000000
CAN-RX can0 08300103#FEFF
CAN-RX can0 02000000#0000
CAN-RX can0 02000000#0000
CAN-RX can0 08300103#FEFF
CAN-RX can0 02000000#0000
CAN-RX can0 02000000#0000
CAN-RX can0 14300200#0000
CAN-RX can0 02000000#0000
CAN-RX can0 00E#6E4621DF00000000
CAN-RX can0 08300103#0800
CAN-RX can0 02000000#0000
CAN-RX can0 02000000#0000
CAN-RX can0 08300103#0600
CAN-RX can0 02000000#0000
CAN-RX can0 03C30F0F#87878787878787
CAN-RX can0 1C0C0200#1E
CAN-RX can0 02000000#0000
CAN-TX can0 78F#208000001F000000
CAN-RX can0 02000000#0000
CAN-RX can0 00E#6E4621DF00000000
CAN-RX can0 08300103#FCFF
CAN-RX can0 1C2C0000#0F2316880A1A
CAN-RX can0 02000000#0000
CAN-RX can0 02000000#0000
CAN-RX can0 790#CF80000020000000
CAN-RX can0 08300103#0800
CAN-RX can0 02000000#0000
CAN-RX can0 02000000#0000
CAN-RX can0 1C300204#9AE505009AE50500
CAN-RX can0 02000000#0000
CAN-RX can0 00E#6E4621DF00000000
CAN-RX can0 08300103#0100
CAN-RX can0 02000000#0000
CAN-RX can0 02000000#0000
CAN-RX can0 08300103#0300
CAN-RX can0 02000000#0000
CAN-RX can0 03C30F0F#87878787878787
CAN-RX can0 140C0201#0000
CAN-RX can0 02000000#0000
CAN-RX can0 02000000#0000
CAN-RX can0 00E#6E4621DF00000000
CAN-RX can0 08300103#FEFF
CAN-RX can0 02000000#0000
CAN-RX can0 02000000#0000
CAN-RX can0 08300103#F6FF
CAN-RX can0 02000000#0000
CAN-RX can0 02000000#0000
CAN-RX can0 02000000#0000
CAN-RX can0 00E#6E4621DF00000000
CAN-RX can0 08300103#0500
CAN-RX can0 02000000#0000
CAN-TX can0 78F#208000001F000000
CAN-RX can0 02000000#0000
CAN-RX can0 790#CF80000020000000
CAN-RX can0 08300103#0400
CAN-RX can0 02000000#0000
CAN-RX can0 03C30F0F#87878787878787
CAN-RX can0 02000000#0000
CAN-RX can0 14300200#0000
CAN-RX can0 02000000#0000
CAN-RX can0 00E#6E4621DF00000000
CAN-RX can0 08300103#FAFF
CAN-RX can0 02000000#0000
CAN-RX can0 02000000#0000
CAN-RX can0 08300103#0600
CAN-RX can0 02000000#0000
CAN-RX can0 02000000#0000
CAN-RX can0 02000000#0000
CAN-RX can0 00E#6E4621DF00000000
CAN-RX can0 08300103#FDFF
CAN-RX can0 02000000#0000
CAN-RX can0 02000000#0000
CAN-RX can0 08300103#0800
CAN-RX can0 02000000#0000
CAN-RX can0 03C30F0F#87878787878787
CAN-RX can0 02000000#0000
CAN-RX can0 02000000#0000
CAN-RX can0 00E#6E4621DF00000000
CAN-RX can0 08300103#0300
CAN-RX can0 02000000#0000
CAN-TX can0 78F#208000001F000000
CAN-RX can0 02000000#0000
CAN-RX can0 790#CF80000020000000
CAN-RX can0 08300103#FAFF
CAN-RX can0 02000000#0000
CAN-RX can0 140C0201#0000
CAN-RX can0 02000000#0000
CAN-RX can0 02000000#0000
CAN-RX can0 08300103#EBFF
CAN-RX can0 00E#6E4621DF00000000
CAN-RX can0 02000000#0000
CAN-RX can0 02000000#0000
CAN-RX can0 08300103#EFFF
CAN-RX can0 02000000#0000
CAN-RX can0 03C30F0F#87878787878787
CAN-RX can0 02000000#0000
CAN-RX can0 02000000#0000
CAN-RX can0 08300103#EFFF
CAN-RX can0 00E#6E4621DF00000000
CAN-RX can0 02000000#0000
CAN-RX can0 02000000#0000
CAN-RX can0 08300103#0900
CAN-RX can0 02000000#0000
CAN-RX can0 02000000#0000
CAN-RX can0 14300200#0000
CAN-RX can0 02000000#0000
CAN-RX can0 08300103#FFFF
CAN-RX can0 00E#6E4621DF00000000
CAN-RX can0 02000000#0000
CAN-TX can0 78F#208000001F000000
CAN-RX can0 02000000#0000
CAN-RX can0 790#CF80000020000000
CAN-RX can0 08300103#FFFF
CAN-RX can0 02000000#0000
CAN-RX can0 03C30F0F#87878787878787
CAN-RX can0 02000000#0000
CAN-RX can0 02000000#0000
CAN-RX can0 08300103#0500
CAN-RX can0 00E#6E4621DF00000000
CAN-RX can0 02000000#0000
CAN-RX can0 0C140300#C2
CAN-RX can0 02000000#0000
CAN-RX can0 08300103#0700
CAN-RX can0 02000000#0000
CAN-RX can0 02000000#0000
CAN-RX can0 02000000#0000
CAN-RX can0 08300103#0800
CAN-RX can0 00E#6E4621DF00000000
CAN-RX can0 02000000#0000
CAN-RX can0 02000000#0000
CAN-RX can0 08300103#0100
CAN-RX can0 02000000#0000
CAN-RX can0 03C30F0F#87878787878787
CAN-RX can0 140C0201#0000
CAN-RX can0 02000000#0000
CAN-RX can0 02000000#0000
CAN-RX can0 08300103#FDFF
CAN-RX can0 00E#6E4621DF00000000
CAN-RX can0 02000000#0000
CAN-TX can0 78F#208000001F000000
CAN-RX can0 02000000#0000
CAN-RX can0 790#CF80000020000000
CAN-RX can0 02000000#0000
CAN-RX can0 02000000#0000
CAN-RX can0 02000000#0000
CAN-RX can0 0C140200#C0
CAN-RX can0 00E#6E4621DF00000000
CAN-RX can0 02000000#0000
CAN-RX can0 02000000#0000
CAN-RX can0 02000000#0000
CAN-RX can0 03C30F0F#87878787878787
CAN-RX can0 02000000#0000
CAN-RX can0 14300200#0000
CAN-RX can0 02000000#0000
CAN-RX can0 08300103#FBFF
CAN-RX can0 00E#6E4621DF00000000
CAN-RX can0 02000000#0000
CAN-RX can0 02000000#0000
CAN-RX can0 08300103#1400
CAN-RX can0 02000000#0000
CAN-RX can0 02000000#0000
CAN-RX can0 02000000#0000
CAN-RX can0 0C140200#C1
CAN-RX can0 08300103#FCFF
CAN-RX can0 00E#6E4621DF00000000
CAN-RX can0 02000000#0000
CAN-TX can0 78F#208000001F000000
CAN-RX can0 790#CF80000020000000
CAN-RX can0 02000000#0000
CAN-RX can0 08300103#0200
CAN-RX can0 02000000#0000
CAN-RX can0 03C30F0F#87878787878787
CAN-RX can0 02000000#0000
CAN-RX can0 02000000#0000
CAN-RX can0 08300103#1100
CAN-RX can0 00E#6E4621DF00000000
CAN-RX can0 02000000#0000
CAN-RX can0 02000000#0000
CAN-RX can0 08300103#0300
CAN-RX can0 02000000#0000
CAN-RX can0 140C0201#0000
CAN-RX can0 02000000#0000
CAN-RX can0 02000000#0000
CAN-RX can0 08300103#0900
CAN-RX can0 00E#6E4621DF00000000
CAN-RX can0 02000000#0000
CAN-RX can0 02000000#0000
CAN-RX can0 08300103#F1FF
CAN-RX can0 02000000#0000
CAN-RX can0 03C30F0F#87878787878787
CAN-RX can0 02000000#0000
CAN-TX can0 78F#208000001F000000
CAN-RX can0 02000000#0000
CAN-RX can0 08300103#0200
CAN-RX can0 00E#6E4621DF00000000
CAN-RX can0 02000000#0000
CAN-RX can0 790#CF80000020000000
CAN-RX can0 02000000#0000
CAN-RX can0 08300103#0000
CAN-RX can0 02000000#0000
CAN-RX can0 02000000#0000
CAN-RX can0 14300200#0000
CAN-RX can0 02000000#0000
CAN-RX can0 08300103#0000
CAN-RX can0 00E#6E4621DF00000000
CAN-RX can0 02000000#0000
CAN-RX can0 02000000#0000
CAN-RX can0 08300103#0200
CAN-RX can0 02000000#0000
CAN-RX can0 03C30F0F#87878787878787
CAN-RX can0 1C0C0200#1E
CAN-RX can0 02000000#0000
CAN-RX can0 02000000#0000
CAN-RX can0 08300103#F4FF
CAN-RX can0 00E#6E4621DF00000000
CAN-RX can0 1C2C0000#102316880A1A
CAN-RX can0 02000000#0000
CAN-RX can0 02000000#0000
CAN-RX can0 08300103#F1FF
CAN-RX can0 02000000#0000
CAN-RX can0 02000000#0000
CAN-RX can0 02000000#0000
CAN-RX can0 08300103#F9FF
CAN-RX can0 1C300204#9AE505009AE50500
CAN-RX can0 00E#6E4621DF00000000
CAN-RX can0 02000000#0000
CAN-TX can0 78F#208000001F000000
CAN-RX can0 790#CF80000020000000
CAN-RX can0 02000000#0000
CAN-RX can0 08300103#0000
CAN-RX can0 02000000#0000
CAN-RX can0 03C30F0F#87878787878787
CAN-RX can0 140C0201#0000
CAN-RX can0 02000000#0000
CAN-RX can0 02000000#0000
CAN-RX can0 08300103#1200
CAN-RX can0 00E#6E4621DF00000000
CAN-RX can0 02000000#0000
CAN-RX can0 02000000#0000
CAN-RX can0 08300103#F7FF
CAN-RX can0 02000000#0000
CAN-RX can0 02000000#0000
CAN-RX can0 02000000#0000
CAN-RX can0 08300103#0500
CAN-RX can0 00E#6E4621DF00000000
CAN-RX can0 02000000#0000
CAN-RX can0 02000000#0000
CAN-RX can0 08300103#FEFF
CAN-RX can0 02000000#0000
CAN-RX can0 03C30F0F#87878787878787
CAN-RX can0 02000000#0000
CAN-RX can0 14300200#0000
CAN-RX can0 02000000#0000
CAN-RX can0 08300103#0000
CAN-RX can0 00E#6E4621DF00000000
CAN-RX can0 02000000#0000
CAN-TX can0 78F#208000001F000000
CAN-RX can0 790#CF80000020000000
CAN-RX can0 02000000#0000
CAN-RX can0 08300103#F1FF
CAN-RX can0 02000000#0000
CAN-RX can0 02000000#0000
CAN-RX can0 02000000#0000
CAN-RX can0 08300103#F7FF
CAN-RX can0 00E#6E4621DF00000000
CAN-RX can0 02000000#0000
CAN-RX can0 02000000#0000
CAN-RX can0 08300103#0000
CAN-RX can0 02000000#0000
CAN-RX can0 03C30F0F#87878787878787
CAN-RX can0 02000000#0000
CAN-RX can0 02000000#0000
CAN-RX can0 08300103#0200
CAN-RX can0 00E#6E4621DF00000000
CAN-RX can0 02000000#0000
CAN-RX can0 02000000#0000
CAN-RX can0 08300103#F6FF
CAN-RX can0 02000000#0000
CAN-RX can0 140C0201#0000
CAN-RX can0 02000000#0000
CAN-RX can0 02000000#0000
CAN-RX can0 08300103#0000
CAN-RX can0 00E#6E4621DF00000000
CAN-RX can0 02000000#0000
CAN-TX can0 78F#208000001F000000
CAN-RX can0 790#CF80000020000000
CAN-RX can0 02000000#0000
CAN-RX can0 08300103#0000
CAN-RX can0 02000000#0000
CAN-RX can0 03C30F0F#87878787878787
CAN-RX can0 02000000#0000
CAN-RX can0 02000000#0000
CAN-RX can0 08300103#0300
CAN-RX can0 00E#6E4621DF00000000
CAN-RX can0 02000000#0000
CAN-RX can0 02000000#0000
CAN-RX can0 08300103#0A00
CAN-RX can0 02000000#0000
CAN-RX can0 02000000#0000
CAN-RX can0 14300200#0000
CAN-RX can0 02000000#0000
CAN-RX can0 08300103#0000
CAN-RX can0 00E#6E4621DF00000000
CAN-RX can0 02000000#0000
CAN-RX can0 02000000#0000
CAN-RX can0 08300103#F6FF
CAN-RX can0 02000000#0000
CAN-RX can0 03C30F0F#87878787878787
CAN-RX can0 02000000#0000
CAN-RX can0 02000000#0000
CAN-RX can0 08300103#0800
CAN-RX can0 00E#6E4621DF00000000
CAN-TX can0 78F#208000001F000000
CAN-RX can0 02000000#0000
CAN-RX can0 790#CF80000020000000
CAN-RX can0 0C140300#C2
CAN-RX can0 02000000#0000
CAN-RX can0 08300103#0400
CAN-RX can0 02000000#0000
CAN-RX can0 02000000#0000
CAN-RX can0 02000000#0000
CAN-RX can0 08300103#0000
CAN-RX can0 00E#6E4621DF00000000
CAN-RX can0 02000000#0000
CAN-RX can0 02000000#0000
CAN-RX can0 08300103#F1FF
CAN-RX can0 02000000#0000
CAN-RX can0 03C30F0F#87878787878787
CAN-RX can0 140C0201#0000
CAN-RX can0 02000000#0000
CAN-RX can0 02000000#0000
CAN-RX can0 08300103#F3FF
CAN-RX can0 00E#6E4621DF00000000
CAN-RX can0 02000000#0000
CAN-RX can0 02000000#0000
CAN-RX can0 02000000#0000
CAN-RX can0 02000000#0000
CAN-RX can0 02000000#0000
CAN-RX can0 0C140200#C0
CAN-RX can0 00E#6E4621DF00000000
CAN-TX can0 78F#208000001F000000
CAN-RX can0 02000000#0000
CAN-RX can0 790#CF80000020000000
CAN-RX can0 02000000#0000
CAN-RX can0 02000000#0000
CAN-RX can0 03C30F0F#87878787878787
CAN-RX can0 02000000#0000
CAN-RX can0 14300200#0000
CAN-RX can0 02000000#0000
CAN-RX can0 08300103#F2FF
CAN-RX can0 00E#6E4621DF00000000
CAN-RX can0 02000000#0000
CAN-RX can0 02000000#0000
CAN-RX can0 08300103#1700
CAN-RX can0 02000000#0000
CAN-RX can0 02000000#0000
CAN-RX can0 02000000#0000
CAN-RX can0 08300103#0D00
CAN-RX can0 0C140200#C1
CAN-RX can0 00E#6E4621DF00000000
CAN-RX can0 02000000#0000
CAN-RX can0 02000000#0000
CAN-RX can0 08300103#0800
CAN-RX can0 02000000#0000
CAN-RX can0 03C30F0F#87878787878787
CAN-RX can0 02000000#0000
CAN-RX can0 02000000#0000
CAN-RX can0 08300103#FCFF
CAN-TX can0 78F#208000001F000000
CAN-RX can0 00E#6E4621DF00000000
CAN-RX can0 02000000#0000
CAN-RX can0 790#CF80000020000000
CAN-RX can0 02000000#0000
CAN-RX can0 08300103#FEFF
CAN-RX can0 02000000#0000
CAN-RX can0 140C0201#0000
CAN-RX can0 02000000#0000
CAN-RX can0 02000000#0000
CAN-RX can0 08300103#F9FF
CAN-RX can0 00E#6E4621DF00000000
CAN-RX can0 02000000#0000
CAN-RX can0 02000000#0000
CAN-RX can0 08300103#0500
CAN-RX can0 02000000#0000
CAN-RX can0 03C30F0F#87878787878787
CAN-RX can0 02000000#0000
CAN-RX can0 08300103#FDFF
CAN-RX can0 02000000#0000
CAN-RX can0 00E#6E4621DF00000000
CAN-RX can0 02000000#0000
CAN-RX can0 02000000#0000
CAN-RX can0 08300103#0200
CAN-RX can0 02000000#0000
CAN-RX can0 02000000#0000
CAN-RX can0 14300200#0000
CAN-RX can0 08300103#F6FF
CAN-RX can0 02000000#0000
CAN-TX can0 78F#208000001F000000
CAN-RX can0 00E#6E4621DF00000000
CAN-RX can0 790#CF80000020000000
CAN-RX can0 02000000#0000
CAN-RX can0 02000000#0000
CAN-RX can0 08300103#0900
CAN-RX can0 02000000#0000
CAN-RX can0 03C30F0F#87878787878787
CAN-RX can0 1C0C0200#1E
CAN-RX can0 02000000#0000
CAN-RX can0 08300103#0D00
CAN-RX can0 02000000#0000
CAN-RX can0 00E#6E4621DF00000000
CAN-RX can0 1C2C0000#112316880A1A
CAN-RX can0 02000000#0000
CAN-RX can0 02000000#0000
CAN-RX can0 08300103#0700
CAN-RX can0 02000000#0000
CAN-RX can0 02000000#0000
CAN-RX can0 08300103#EDFF
CAN-RX can0 02000000#0000
CAN-RX can0 00E#6E4621DF00000000
CAN-RX can0 02000000#0000
CAN-RX can0 1C300204#9AE505009AE50500
CAN-RX can0 02000000#0000
CAN-RX can0 08300103#FDFF
CAN-RX can0 02000000#0000
CAN-RX can0 03C30F0F#87878787878787
CAN-RX can0 140C0201#0000
CAN-RX can0 02000000#0000
CAN-RX can0 08300103#0000
CAN-RX can0 02000000#0000
CAN-RX can0 00E#6E4621DF00000000
CAN-RX can0 02000000#0000
CAN-RX can0 02000000#0000
CAN-RX can0 08300103#0800
CAN-RX can0 02000000#0000
CAN-RX can0 02000000#0000
CAN-RX can0 08300103#F8FF
CAN-RX can0 02000000#0000
CAN-RX can0 00E#6E4621DF00000000
CAN-RX can0 02000000#0000
CAN-RX can0 02000000#0000
CAN-RX can0 08300103#0300
CAN-RX can0 02000000#0000
CAN-RX can0 03C30F0F#87878787878787
CAN-RX can0 02000000#0000
CAN-RX can0 14300200#0000
CAN-RX can0 08300103#0400
CAN-RX can0 02000000#0000
CAN-RX can0 00E#6E4621DF00000000
CAN-RX can0 02000000#0000
CAN-RX can0 02000000#0000
CAN-RX can0 08300103#0300
CAN-RX can0 02000000#0000
CAN-RX can0 02000000#0000
CAN-RX can0 08300103#EAFF
CAN-RX can0 02000000#0000
CAN-RX can0 00E#6E4621DF00000000
CAN-RX can0 02000000#0000
CAN-RX can0 02000000#0000
CAN-RX can0 08300103#0200
CAN-RX can0 02000000#0000
CAN-RX can0 03C30F0F#87878787878787
CAN-RX can0 02000000#0000
CAN-RX can0 08300103#0100
CAN-RX can0 02000000#0000
CAN-RX can0 00E#6E4621DF00000000
CAN-RX can0 02000000#0000
CAN-RX can0 02000000#0000
CAN-RX can0 08300103#F7FF
CAN-RX can0 02000000#0000
CAN-RX can0 140C0201#0000
CAN-RX can0 02000000#0000
CAN-RX can0 08300103#FAFF
CAN-RX can0 02000000#0000
CAN-RX can0 00E#6E4621DF00000000
CAN-RX can0 02000000#0000
CAN-RX can0 02000000#0000
CAN-RX can0 08300103#F6FF
CAN-RX can0 02000000#0000
CAN-RX can0 03C30F0F#87878787878787
CAN-RX can0 02000000#0000
CAN-TX can0 78F#208000001F000000
CAN-RX can0 08300103#0500
CAN-RX can0 02000000#0000
CAN-RX can0 00E#6E4621DF00000000
CAN-RX can0 02000000#0000
CAN-RX can0 790#CF80000020000000
CAN-RX can0 02000000#0000
CAN-RX can0 08300103#F7FF
CAN-RX can0 02000000#0000
CAN-RX can0 02000000#0000
CAN-RX can0 14300200#0000
CAN-RX can0 08300103#0900
CAN-RX can0 02000000#0000
CAN-RX can0 00E#6E4621DF00000000
CAN-RX can0 02000000#0000
CAN-RX can0 02000000#0000
CAN-RX can0 08300103#0F00
CAN-RX can0 02000000#0000
CAN-RX can0 03C30F0F#87878787878787
CAN-RX can0 02000000#0000
CAN-RX can0 08300103#0600
CAN-RX can0 02000000#0000
CAN-RX can0 00E#6E4621DF00000000
CAN-RX can0 02000000#0000
CAN-RX can0 0C140300#C2
CAN-RX can0 02000000#0000
CAN-RX can0 08300103#0000
CAN-RX can0 02000000#0000
CAN-RX can0 02000000#0000
CAN-TX can0 78F#208000001F000000
CAN-RX can0 08300103#FDFF
CAN-RX can0 02000000#0000
CAN-RX can0 00E#6E4621DF00000000
CAN-RX can0 790#CF80000020000000
CAN-RX can0 02000000#0000
CAN-RX can0 02000000#0000
CAN-RX can0 08300103#0F00
CAN-RX can0 02000000#0000
CAN-RX can0 03C30F0F#87878787878787
CAN-RX can0 140C0201#0000
CAN-RX can0 02000000#0000
CAN-RX can0 08300103#EAFF
CAN-RX can0 02000000#0000
CAN-RX can0 00E#6E4621DF00000000
CAN-RX can0 02000000#0000
CAN-RX can0 02000000#0000
CAN-RX can0 02000000#0000
CAN-RX can0 02000000#0000
CAN-RX can0 02000000#0000
CAN-RX can0 0C140200#C0
CAN-RX can0 00E#6E4621DF00000000
CAN-RX can0 02000000#0000
CAN-RX can0 02000000#0000
CAN-RX can0 02000000#0000
CAN-RX can0 03C30F0F#87878787878787
CAN-RX can0 02000000#0000
CAN-RX can0 14300200#0000
CAN-TX can0 78F#208000001F000000
CAN-RX can0 08300103#FAFF
CAN-RX can0 02000000#0000
CAN-RX can0 790#CF80000020000000
CAN-RX can0 00E#6E4621DF00000000
CAN-RX can0 02000000#0000
CAN-RX can0 02000000#0000
CAN-RX can0 08300103#0A00
CAN-RX can0 02000000#0000
CAN-RX can0 02000000#0000
CAN-RX can0 08300103#F2FF
CAN-RX can0 02000000#0000
CAN-RX can0 0C140200#C1
CAN-RX can0 00E#6E4621DF00000000
CAN-RX can0 02000000#0000
CAN-RX can0 02000000#0000
CAN-RX can0 08300103#1100
CAN-RX can0 02000000#0000
CAN-RX can0 03C30F0F#87878787878787
CAN-RX can0 02000000#0000
CAN-RX can0 08300103#0800
CAN-RX can0 02000000#0000
CAN-RX can0 00E#6E4621DF00000000
CAN-RX can0 02000000#0000
CAN-RX can0 02000000#0000
CAN-RX can0 08300103#0700
CAN-RX can0 02000000#0000
CAN-RX can0 140C0201#0000
CAN-RX can0 02000000#0000
CAN-TX can0 78F#208000001F000000
CAN-RX can0 08300103#FBFF
CAN-RX can0 02000000#0000
CAN-RX can0 790#CF80000020000000
CAN-RX can0 00E#6E4621DF00000000
CAN-RX can0 02000000#0000
CAN-RX can0 02000000#0000
CAN-RX can0 08300103#0C00
CAN-RX can0 02000000#0000
CAN-RX can0 03C30F0F#87878787878787
CAN-RX can0 02000000#0000
CAN-RX can0 08300103#0500
CAN-RX can0 02000000#0000
CAN-RX can0 00E#6E4621DF00000000
CAN-RX can0 02000000#0000
CAN-RX can0 02000000#0000
CAN-RX can0 08300103#0600
CAN-RX can0 02000000#0000
CAN-RX can0 02000000#0000
CAN-RX can0 14300200#0000
CAN-RX can0 08300103#FBFF
CAN-RX can0 02000000#0000
CAN-RX can0 00E#6E4621DF00000000
CAN-RX can0 02000000#0000
CAN-RX can0 02000000#0000
CAN-RX can0 08300103#0100
CAN-RX can0 02000000#0000
CAN-RX can0 03C30F0F#87878787878787
CAN-RX can0 1C0C0200#1E
CAN-RX can0 02000000#0000
CAN-TX can0 78F#208000001F000000
CAN-RX can0 08300103#F0FF
CAN-RX can0 02000000#0000
CAN-RX can0 790#CF80000020000000
CAN-RX can0 00E#6E4621DF00000000
CAN-RX can0 1C2C0000#122316880A1A
CAN-RX can0 02000000#0000
CAN-RX can0 02000000#0000
CAN-RX can0 08300103#FBFF
CAN-RX can0 02000000#0000
CAN-RX can0 02000000#0000
CAN-RX can0 08300103#FBFF
CAN-RX can0 02000000#0000
CAN-RX can0 00E#6E4621DF00000000
CAN-RX can0 02000000#0000
CAN-RX can0 02000000#0000
CAN-RX can0 1C300204#9AE505009AE50500
CAN-RX can0 08300103#0400
CAN-RX can0 02000000#0000
CAN-RX can0 03C30F0F#87878787878787
CAN-RX can0 140C0201#0000
CAN-RX can0 02000000#0000
CAN-RX can0 08300103#F6FF
CAN-RX can0 02000000#0000
CAN-RX can0 00E#6E4621DF00000000
CAN-RX can0 02000000#0000
CAN-RX can0 02000000#0000
CAN-RX can0 08300103#FEFF
CAN-RX can0 02000000#0000
CAN-RX can0 02000000#0000
CAN-TX can0 78F#208000001F000000
CAN-RX can0 08300103#0400
CAN-RX can0 790#CF80000020000000
CAN-RX can0 02000000#0000
CAN-RX can0 00E#6E4621DF00000000
CAN-RX can0 02000000#0000
CAN-RX can0 02000000#0000
CAN-RX can0 08300103#F8FF
CAN-RX can0 02000000#0000
CAN-RX can0 03C30F0F#87878787878787
CAN-RX can0 02000000#0000
CAN-RX can0 14300200#0000
CAN-RX can0 08300103#F7FF
CAN-RX can0 02000000#0000
CAN-RX can0 00E#6E4621DF00000000
CAN-RX can0 02000000#0000
CAN-RX can0 02000000#0000
CAN-RX can0 08300103#0600
CAN-RX can0 02000000#0000
CAN-RX can0 02000000#0000
CAN-RX can0 08300103#F0FF
CAN-RX can0 02000000#0000
CAN-RX can0 00E#6E4621DF00000000
CAN-RX can0 02000000#0000
CAN-RX can0 02000000#0000
CAN-RX can0 08300103#FEFF
CAN-RX can0 02000000#0000
CAN-RX can0 03C30F0F#87878787878787
CAN-RX can0 02000000#0000
CAN-TX can0 78F#208000001F000000
CAN-RX can0 790#CF80000020000000
CAN-RX can0 08300103#0500
CAN-RX can0 02000000#0000
CAN-RX can0 00E#6E4621DF00000000
CAN-RX can0 02000000#0000
CAN-RX can0 02000000#0000
CAN-RX can0 08300103#0000
CAN-RX can0 02000000#0000
CAN-RX can0 140C0201#0000
CAN-RX can0 02000000#0000
CAN-RX can0 08300103#F7FF
CAN-RX can0 02000000#0000
CAN-RX can0 00E#6E4621DF00000000
CAN-RX can0 02000000#0000
CAN-RX can0 02000000#0000
CAN-RX can0 08300103#F6FF
CAN-RX can0 02000000#0000
CAN-RX can0 03C30F0F#87878787878787
CAN-RX can0 02000000#0000
CAN-RX can0 08300103#0300
CAN-RX can0 02000000#0000
CAN-RX can0 00E#6E4621DF00000000
CAN-RX can0 02000000#0000
CAN-RX can0 02000000#0000
CAN-RX can0 08300103#FDFF
CAN-TX can0 78F#208000001F000000
CAN-RX can0 02000000#0000
CAN-RX can0 02000000#0000
CAN-RX can0 14300200#0000
CAN-RX can0 790#CF80000020000000
CAN-RX can0 08300103#FEFF
CAN-RX can0 02000000#0000
CAN-RX can0 00E#6E4621DF00000000
CAN-RX can0 02000000#0000
CAN-RX can0 02000000#0000
CAN-RX can0 08300103#0400
CAN-RX can0 02000000#0000
CAN-RX can0 03C30F0F#87878787878787
CAN-RX can0 02000000#0000
CAN-RX can0 08300103#FAFF
CAN-RX can0 02000000#0000
CAN-RX can0 00E#6E4621DF00000000
CAN-RX can0 02000000#0000
CAN-RX can0 0C140300#C2
CAN-RX can0 02000000#0000
CAN-RX can0 08300103#FCFF
CAN-RX can0 02000000#0000
CAN-RX can0 02000000#0000
CAN-RX can0 08300103#FEFF
CAN-RX can0 02000000#0000
CAN-RX can0 00E#6E4621DF00000000
CAN-RX can0 02000000#0000
CAN-RX can0 02000000#0000
CAN-RX can0 08300103#0000
CAN-TX can0 78F#208000001F000000
CAN-RX can0 02000000#0000
CAN-RX can0 03C30F0F#87878787878787
CAN-RX can0 790#CF80000020000000
CAN-RX can0 140C0201#0000
CAN-RX can0 02000000#0000
CAN-RX can0 08300103#F6FF
CAN-RX can0 02000000#0000
CAN-RX can0 00E#6E4621DF00000000
CAN-RX can0 02000000#0000
CAN-RX can0 02000000#0000
CAN-RX can0 02000000#0000
CAN-RX can0 02000000#0000
CAN-RX can0 02000000#0000
CAN-RX can0 0C140200#C0
CAN-RX can0 00E#6E4621DF00000000
CAN-RX can0 02000000#0000
CAN-RX can0 02000000#0000
CAN-RX can0 02000000#0000
CAN-RX can0 03C30F0F#87878787878787
CAN-RX can0 02000000#0000
CAN-RX can0 14300200#0000
CAN-RX can0 08300103#F9FF
CAN-RX can0 02000000#0000
CAN-RX can0 00E#6E4621DF00000000
CAN-RX can0 02000000#0000
CAN-RX can0 02000000#0000
CAN-RX can0 08300103#0000
CAN-TX can0 78F#208000001F000000
CAN-RX can0 790#CF80000020000000
CAN-RX can0 02000000#0000
CAN-RX can0 02000000#0000
CAN-RX can0 08300103#FBFF
CAN-RX can0 02000000#0000
CAN-RX can0 0C140200#C1
CAN-RX can0 00E#6E4621DF00000000
CAN-RX can0 02000000#0000
CAN-RX can0 02000000#0000
CAN-RX can0 08300103#0000
CAN-RX can0 02000000#0000
CAN-RX can0 03C30F0F#87878787878787
CAN-RX can0 02000000#0000
CAN-RX can0 08300103#FFFF
CAN-RX can0 02000000#0000
CAN-RX can0 00E#6E4621DF00000000
CAN-RX can0 02000000#0000
CAN-RX can0 02000000#0000
CAN-RX can0 08300103#FEFF
CAN-RX can0 02000000#0000
CAN-RX can0 140C0201#0000
CAN-RX can0 02000000#0000
CAN-RX can0 08300103#0900
CAN-RX can0 02000000#0000
CAN-TX can0 78F#208000001F000000
CAN-RX can0 00E#6E4621DF00000000
CAN-RX can0 02000000#0000
CAN-RX can0 02000000#0000
CAN-RX can0 08300103#0200
CAN-RX can0 790#CF80000020000000
CAN-RX can0 02000000#0000
CAN-RX can0 03C30F0F#87878787878787
CAN-RX can0 02000000#0000
CAN-RX can0 08300103#FCFF
CAN-RX can0 02000000#0000
CAN-RX can0 00E#6E4621DF00000000
CAN-RX can0 02000000#0000
CAN-RX can0 02000000#0000
CAN-RX can0 08300103#0400
CAN-RX can0 02000000#0000
CAN-RX can0 02000000#0000
CAN-RX can0 14300200#0000
CAN-RX can0 08300103#FEFF
CAN-RX can0 02000000#0000
CAN-RX can0 00E#6E4621DF00000000
CAN-RX can0 02000000#0000
CAN-RX can0 08300103#0B00
CAN-RX can0 02000000#0000
CAN-RX can0 02000000#0000
CAN-RX can0 03C30F0F#87878787878787
CAN-RX can0 1C0C0200#1E
CAN-RX can0 02000000#0000
CAN-RX can0 08300103#0000
CAN-RX can0 02000000#0000
CAN-RX can0 00E#6E4621DF00000000
CAN-RX can0 1C2C0000#132316880A1A
CAN-RX can0 02000000#0000
CAN-RX can0 08300103#0400
CAN-RX can0 02000000#0000
CAN-TX can0 78F#208000001F000000
CAN-RX can0 790#CF80000020000000
CAN-RX can0 02000000#0000
CAN-RX can0 02000000#0000
CAN-RX can0 08300103#FFFF
CAN-RX can0 02000000#0000
CAN-RX can0 00E#6E4621DF00000000
CAN-RX can0 02000000#0000
CAN-RX can0 08300103#FAFF
CAN-RX can0 02000000#0000
CAN-RX can0 02000000#0000
CAN-RX can0 03C30F0F#87878787878787
CAN-RX can0 140C0201#0000
CAN-RX can0 1C300204#9AE505009AE50500
CAN-RX can0 02000000#0000
CAN-RX can0 08300103#0600
CAN-RX can0 02000000#0000
CAN-RX can0 00E#6E4621DF00000000
CAN-RX can0 02000000#0000
CAN-RX can0 08300103#0700
CAN-RX can0 02000000#0000
CAN-RX can0 02000000#0000
CAN-RX can0 02000000#0000
CAN-RX can0 08300103#0B00
CAN-RX can0 02000000#0000
CAN-RX can0 00E#6E4621DF00000000
CAN-RX can0 02000000#0000
CAN-RX can0 08300103#FFFF
CAN-RX can0 02000000#0000
CAN-TX can0 78F#208000001F000000
CAN-RX can0 790#CF80000020000000
CAN-RX can0 02000000#0000
CAN-RX can0 03C30F0F#87878787878787
CAN-RX can0 02000000#0000
CAN-RX can0 14300200#0000
CAN-RX can0 08300103#FDFF
CAN-RX can0 02000000#0000
CAN-RX can0 00E#6E4621DF00000000
CAN-RX can0 02000000#0000
CAN-RX can0 08300103#F2FF
CAN-RX can0 02000000#0000
CAN-RX can0 02000000#0000
CAN-RX can0 02000000#0000
CAN-RX can0 08300103#0000
CAN-RX can0 02000000#0000
CAN-RX can0 00E#6E4621DF00000000
CAN-RX can0 02000000#0000
CAN-RX can0 08300103#F9FF
CAN-RX can0 02000000#0000
CAN-RX can0 02000000#0000
CAN-RX can0 03C30F0F#87878787878787
CAN-RX can0 02000000#0000
CAN-RX can0 08300103#FAFF
CAN-RX can0 02000000#0000
CAN-RX can0 00E#6E4621DF00000000
CAN-RX can0 02000000#0000
CAN-TX can0 78F#208000001F000000
CAN-RX can0 08300103#EFFF
CAN-RX can0 02000000#0000
CAN-RX can0 790#CF80000020000000
CAN-RX can0 02000000#0000
CAN-RX can0 140C0201#0000
CAN-RX can0 02000000#0000
CAN-RX can0 08300103#0200
CAN-RX can0 02000000#0000
CAN-RX can0 00E#6E4621DF00000000
CAN-RX can0 02000000#0000
CAN-RX can0 08300103#0600
CAN-RX can0 02000000#0000
CAN-RX can0 02000000#0000
CAN-RX can0 03C30F0F#87878787878787
CAN-RX can0 02000000#0000
CAN-RX can0 08300103#0200
CAN-RX can0 02000000#0000
CAN-RX can0 00E#6E4621DF00000000
CAN-RX can0 02000000#0000
CAN-RX can0 08300103#FFFF
CAN-RX can0 02000000#0000
CAN-RX can0 02000000#0000
CAN-RX can0 02000000#0000
CAN-RX can0 14300200#0000
CAN-RX can0 08300103#0800
CAN-RX can0 02000000#0000
CAN-RX can0 00E#6E4621DF00000000
CAN-RX can0 02000000#0000
CAN-TX can0 78F#208000001F000000
CAN-RX can0 08300103#FDFF
CAN-RX can0 02000000#0000
CAN-RX can0 790#CF80000020000000
CAN-RX can0 02000000#0000
CAN-RX can0 03C30F0F#87878787878787
CAN-RX can0 02000000#0000
CAN-RX can0 08300103#0A00
CAN-RX can0 02000000#0000
CAN-RX can0 00E#6E4621DF00000000
CAN-RX can0 02000000#0000
CAN-RX can0 0C140300#C2
CAN-RX can0 08300103#0300
CAN-RX can0 02000000#0000
CAN-RX can0 02000000#0000
CAN-RX can0 02000000#0000
CAN-RX can0 08300103#F2FF
CAN-RX can0 02000000#0000
CAN-RX can0 00E#6E4621DF00000000
CAN-RX can0 02000000#0000
CAN-RX can0 08300103#0B00
CAN-RX can0 02000000#0000
CAN-RX can0 02000000#0000
CAN-RX can0 03C30F0F#87878787878787
CAN-RX can0 140C0201#0000
CAN-RX can0 02000000#0000
CAN-RX can0 08300103#0000
CAN-RX can0 02000000#0000
CAN-RX can0 00E#6E4621DF00000000
CAN-RX can0 02000000#0000
CAN-RX can0 02000000#0000
CAN-TX can0 78F#208000001F000000
CAN-RX can0 790#CF80000020000000
CAN-RX can0 02000000#0000
CAN-RX can0 02000000#0000
CAN-RX can0 02000000#0000
CAN-RX can0 0C140200#C0
CAN-RX can0 00E#6E4621DF00000000
CAN-RX can0 02000000#0000
CAN-RX can0 02000000#0000
CAN-RX can0 02000000#0000
CAN-RX can0 03C30F0F#87878787878787
CAN-RX can0 02000000#0000
CAN-RX can0 14300200#0000
CAN-RX can0 08300103#FCFF
CAN-RX can0 02000000#0000
CAN-RX can0 00E#6E4621DF00000000
CAN-RX can0 02000000#0000
CAN-RX can0 08300103#0B00
CAN-RX can0 02000000#0000
CAN-RX can0 02000000#0000
CAN-RX can0 02000000#0000
CAN-RX can0 08300103#F9FF
CAN-RX can0 02000000#0000
CAN-RX can0 0C140200#C1
CAN-RX can0 00E#6E4621DF00000000
CAN-RX can0 02000000#0000
CAN-RX can0 08300103#0100
CAN-RX can0 02000000#0000
CAN-TX can0 78F#208000001F000000
CAN-RX can0 790#CF80000020000000
CAN-RX can0 02000000#0000
CAN-RX can0 03C30F0F#87878787878787
CAN-RX can0 02000000#0000
CAN-RX can0 08300103#FAFF
CAN-RX can0 02000000#0000
CAN-RX can0 00E#6E4621DF00000000
CAN-RX can0 02000000#0000
CAN-RX can0 08300103#F2FF
CAN-RX can0 02000000#0000
CAN-RX can0 02000000#0000
CAN-RX can0 140C0201#0000
CAN-RX can0 02000000#0000
CAN-RX can0 08300103#0E00
CAN-RX can0 02000000#0000
CAN-RX can0 00E#6E4621DF00000000
CAN-RX can0 02000000#0000
CAN-RX can0 08300103#F1FF
CAN-RX can0 02000000#0000
CAN-RX can0 02000000#0000
CAN-RX can0 03C30F0F#87878787878787
CAN-RX can0 02000000#0000
CAN-RX can0 08300103#F7FF
CAN-TX can0 78F#208000001F000000
CAN-RX can0 02000000#0000
CAN-RX can0 00E#6E4621DF00000000
CAN-RX can0 02000000#0000
CAN-RX can0 08300103#FFFF
CAN-RX can0 02000000#0000
CAN-RX can0 790#CF80000020000000
CAN-RX can0 02000000#0000
CAN-RX can0 02000000#0000
CAN-RX can0 14300200#0000
CAN-RX can0 08300103#FBFF
CAN-RX can0 02000000#0000
CAN-RX can0 00E#6E4621DF00000000
CAN-RX can0 02000000#0000
CAN-RX can0 08300103#0400
CAN-RX can0 02000000#0000
CAN-RX can0 02000000#0000
CAN-RX can0 03C30F0F#87878787878787
CAN-RX can0 1C0C0200#1E
CAN-RX can0 02000000#0000
CAN-RX can0 08300103#FBFF
CAN-RX can0 02000000#0000
CAN-RX can0 00E#6E4621DF00000000
CAN-RX can0 1C2C0000#142316880A1A
CAN-RX can0 02000000#0000
CAN-RX can0 08300103#F0FF
CAN-RX can0 02000000#0000
CAN-RX can0 02000000#0000
CAN-RX can0 02000000#0000
CAN-RX can0 08300103#0800
CAN-RX can0 02000000#0000
CAN-RX can0 00E#6E4621DF00000000
CAN-RX can0 02000000#0000
CAN-RX can0 08300103#0A00
CAN-TX can0 78F#208000001F000000
CAN-RX can0 02000000#0000
CAN-RX can0 790#CF80000020000000
CAN-RX can0 02000000#0000
CAN-RX can0 03C30F0F#87878787878787
CAN-RX can0 140C0201#0000
CAN-RX can0 02000000#0000
CAN-RX can0 1C300204#9AE505009AE50500
CAN-RX can0 08300103#F1FF
CAN-RX can0 02000000#0000
CAN-RX can0 00E#6E4621DF00000000
CAN-RX can0 02000000#0000
CAN-RX can0 08300103#F3FF
CAN-RX can0 02000000#0000
CAN-RX can0 02000000#0000
CAN-RX can0 02000000#0000
CAN-RX can0 08300103#0200
CAN-RX can0 02000000#0000
CAN-RX can0 00E#6E4621DF00000000
CAN-RX can0 02000000#0000
CAN-RX can0 08300103#FAFF
CAN-RX can0 02000000#0000
CAN-RX can0 02000000#0000
CAN-RX can0 03C30F0F#87878787878787
CAN-RX can0 02000000#0000
CAN-RX can0 08300103#F5FF
CAN-RX can0 14300200#0000
CAN-RX can0 02000000#0000
CAN-RX can0 00E#6E4621DF00000000
CAN-RX can0 02000000#0000
CAN-RX can0 08300103#FCFF
CAN-TX can0 78F#208000001F000000
CAN-RX can0 02000000#0000
CAN-RX can0 790#CF80000020000000
CAN-RX can0 02000000#0000
CAN-RX can0 02000000#0000
CAN-RX can0 08300103#FFFF
CAN-RX can0 02000000#0000
CAN-RX can0 00E#6E4621DF00000000
CAN-RX can0 02000000#0000
CAN-RX can0 08300103#1100
CAN-RX can0 02000000#0000
CAN-RX can0 02000000#0000
CAN-RX can0 03C30F0F#87878787878787
CAN-RX can0 02000000#0000
CAN-RX can0 08300103#0E00
CAN-RX can0 02000000#0000
CAN-RX can0 00E#6E4621DF00000000
CAN-RX can0 02000000#0000
CAN-RX can0 08300103#0200
CAN-RX can0 02000000#0000
CAN-RX can0 02000000#0000
CAN-RX can0 140C0201#0000
CAN-RX can0 02000000#0000
CAN-RX can0 08300103#1500
CAN-RX can0 02000000#0000
CAN-RX can0 00E#6E4621DF00000000
CAN-RX can0 02000000#0000
CAN-RX can0 08300103#F1FF
CAN-TX can0 78F#208000001F000000
CAN-RX can0 02000000#0000
CAN-RX can0 790#CF80000020000000
CAN-RX can0 02000000#0000
CAN-RX can0 03C30F0F#87878787878787
CAN-RX can0 02000000#0000
CAN-RX can0 08300103#FAFF
CAN-RX can0 02000000#0000
CAN-RX can0 00E#6E4621DF00000000
CAN-RX can0 02000000#0000
CAN-RX can0 08300103#0C00
CAN-RX can0 02000000#0000
CAN-RX can0 02000000#0000
CAN-RX can0 02000000#0000
CAN-RX can0 08300103#0200
CAN-RX can0 14300200#0000
CAN-RX can0 02000000#0000
CAN-RX can0 00E#6E4621DF00000000
CAN-RX can0 02000000#0000
CAN-RX can0 08300103#0800
CAN-RX can0 02000000#0000
CAN-RX can0 02000000#0000
CAN-RX can0 03C30F0F#87878787878787
CAN-RX can0 02000000#0000
CAN-RX can0 08300103#0000
CAN-RX can0 02000000#0000
CAN-RX can0 00E#6E4621DF00000000
CAN-RX can0 02000000#0000
CAN-TX can0 78F#208000001F000000
CAN-RX can0 08300103#0000
CAN-RX can0 0C140300#C2
CAN-RX can0 02000000#0000
CAN-RX can0 790#CF80000020000000
CAN-RX can0 02000000#0000
CAN-RX can0 02000000#0000
CAN-RX can0 08300103#F8FF
CAN-RX can0 02000000#0000
CAN-RX can0 00E#6E4621DF00000000
CAN-RX can0 02000000#0000
CAN-RX can0 08300103#FEFF
CAN-RX can0 02000000#0000
CAN-RX can0 02000000#0000
CAN-RX can0 03C30F0F#87878787878787
CAN-RX can0 140C0201#0000
CAN-RX can0 02000000#0000
CAN-RX can0 08300103#0800
CAN-RX can0 02000000#0000
CAN-RX can0 00E#6E4621DF00000000
CAN-RX can0 02000000#0000
CAN-RX can0 02000000#0000
CAN-RX can0 02000000#0000
CAN-RX can0 02000000#0000
CAN-RX can0 02000000#0000
CAN-RX can0 0C140200#C0
CAN-RX can0 00E#6E4621DF00000000
CAN-RX can0 02000000#0000
CAN-TX can0 78F#208000001F000000
CAN-RX can0 02000000#0000
CAN-RX can0 790#CF80000020000000
CAN-RX can0 02000000#0000
CAN-RX can0 03C30F0F#87878787878787
CAN-RX can0 02000000#0000
CAN-RX can0 08300103#0900
CAN-RX can0 14300200#0000
CAN-RX can0 02000000#0000
CAN-RX can0 00E#6E4621DF00000000
CAN-RX can0 02000000#0000
CAN-RX can0 08300103#ECFF
CAN-RX can0 02000000#0000
CAN-RX can0 02000000#0000
CAN-RX can0 02000000#0000
CAN-RX can0 08300103#0100
CAN-RX can0 02000000#0000
CAN-RX can0 0C140200#C1
CAN-RX can0 00E#6E4621DF00000000
CAN-RX can0 02000000#0000
CAN-RX can0 08300103#0000
CAN-RX can0 02000000#0000
CAN-RX can0 02000000#0000
CAN-RX can0 03C30F0F#87878787878787
CAN-RX can0 02000000#0000
CAN-RX can0 08300103#FBFF
CAN-RX can0 02000000#0000
CAN-RX can0 00E#6E4621DF00000000
CAN-RX can0 02000000#0000
CAN-TX can0 78F#208000001F000000
CAN-RX can0 08300103#F8FF
CAN-RX can0 790#CF80000020000000
CAN-RX can0 02000000#0000
CAN-RX can0 02000000#0000
CAN-RX can0 140C0201#0000
CAN-RX can0 02000000#0000
CAN-RX can0 08300103#F9FF
CAN-RX can0 02000000#0000
CAN-RX can0 00E#6E4621DF00000000
CAN-RX can0 02000000#0000
CAN-RX can0 08300103#0000
CAN-RX can0 02000000#0000
CAN-RX can0 02000000#0000
CAN-RX can0 03C30F0F#87878787878787
CAN-RX can0 02000000#0000
CAN-RX can0 08300103#F4FF
CAN-RX can0 02000000#0000
CAN-RX can0 00E#6E4621DF00000000
CAN-RX can0 02000000#0000
CAN-RX can0 08300103#F7FF
CAN-RX can0 02000000#0000
CAN-RX can0 02000000#0000
CAN-RX can0 08300103#0F00
CAN-RX can0 02000000#0000
CAN-RX can0 14300200#0000
CAN-TX can0 78F#208000001F000000
CAN-RX can0 02000000#0000
CAN-RX can0 00E#6E4621DF00000000
CAN-RX can0 02000000#0000
CAN-RX can0 08300103#0C00
CAN-RX can0 790#CF80000020000000
CAN-RX can0 02000000#0000
CAN-RX can0 02000000#0000
CAN-RX can0 03C30F0F#87878787878787
CAN-RX can0 1C0C0200#1E
CAN-RX can0 08300103#FEFF
CAN-RX can0 02000000#0000
CAN-RX can0 02000000#0000
CAN-RX can0 00E#6E4621DF00000000
CAN-RX can0 1C2C0000#152316880A1A
CAN-RX can0 02000000#0000
CAN-RX can0 08300103#0000
CAN-RX can0 02000000#0000
CAN-RX can0 02000000#0000
CAN-RX can0 08300103#0900
CAN-RX can0 02000000#0000
CAN-RX can0 02000000#0000
CAN-RX can0 00E#6E4621DF00000000
CAN-RX can0 02000000#0000
CAN-RX can0 08300103#FFFF
CAN-RX can0 02000000#0000
CAN-RX can0 02000000#0000
CAN-RX can0 03C30F0F#87878787878787
CAN-RX can0 140C0201#0000
CAN-RX can0 08300103#FCFF
CAN-RX can0 02000000#0000
CAN-TX can0 78F#208000001F000000
CAN-RX can0 02000000#0000
CAN-RX can0 1C300204#9AE505009AE50500
CAN-RX can0 00E#6E4621DF00000000
CAN-RX can0 02000000#0000
CAN-RX can0 08300103#0200
CAN-RX can0 02000000#0000
CAN-RX can0 790#CF80000020000000
CAN-RX can0 02000000#0000
CAN-RX can0 08300103#EDFF
CAN-RX can0 02000000#0000
CAN-RX can0 02000000#0000
CAN-RX can0 00E#6E4621DF00000000
CAN-RX can0 02000000#0000
CAN-RX can0 08300103#FEFF
CAN-RX can0 02000000#0000
CAN-RX can0 02000000#0000
CAN-RX can0 03C30F0F#87878787878787
CAN-RX can0 08300103#FAFF
CAN-RX can0 02000000#0000
CAN-RX can0 14300200#0000
CAN-RX can0 02000000#0000
CAN-RX can0 00E#6E4621DF00000000
CAN-RX can0 02000000#0000
CAN-RX can0 08300103#0300
CAN-RX can0 02000000#0000
CAN-RX can0 02000000#0000
CAN-RX can0 08300103#0D00
CAN-RX can0 02000000#0000
CAN-RX can0 02000000#0000
CAN-RX can0 00E#6E4621DF00000000
CAN-RX can0 02000000#0000
CAN-RX can0 08300103#1000
CAN-TX can0 78F#208000001F000000
CAN-RX can0 02000000#0000
CAN-RX can0 790#CF80000020000000
CAN-RX can0 02000000#0000
CAN-RX can0 03C30F0F#87878787878787
CAN-RX can0 08300103#0500
CAN-RX can0 02000000#0000
CAN-RX can0 02000000#0000
CAN-RX can0 00E#6E4621DF00000000
CAN-RX can0 02000000#0000
CAN-RX can0 08300103#F8FF
CAN-RX can0 02000000#0000
CAN-RX can0 02000000#0000
CAN-RX can0 140C0201#0000
CAN-RX can0 08300103#FFFF
CAN-RX can0 02000000#0000
CAN-RX can0 02000000#0000
CAN-RX can0 00E#6E4621DF00000000
CAN-RX can0 02000000#0000
CAN-RX can0 08300103#0300
CAN-RX can0 02000000#0000
CAN-RX can0 02000000#0000
CAN-RX can0 03C30F0F#87878787878787
CAN-RX can0 08300103#0000
CAN-RX can0 02000000#0000
CAN-RX can0 02000000#0000
CAN-RX can0 00E#6E4621DF00000000
CAN-RX can0 02000000#0000
CAN-TX can0 78F#208000001F000000
CAN-RX can0 08300103#0A00
CAN-RX can0 02000000#0000
CAN-RX can0 790#CF80000020000000
CAN-RX can0 02000000#0000
CAN-RX can0 08300103#F8FF
CAN-RX can0 02000000#0000
CAN-RX can0 14300200#0000
CAN-RX can0 02000000#0000
CAN-RX can0 00E#6E4621DF00000000
CAN-RX can0 02000000#0000
CAN-RX can0 08300103#0500
CAN-RX can0 02000000#0000
CAN-RX can0 02000000#0000
CAN-RX can0 03C30F0F#87878787878787
CAN-RX can0 08300103#EAFF
CAN-RX can0 02000000#0000
CAN-RX can0 02000000#0000
CAN-RX can0 00E#6E4621DF00000000
CAN-RX can0 02000000#0000
CAN-RX can0 08300103#0000
CAN-RX can0 0C140300#C2
CAN-RX can0 02000000#0000
CAN-RX can0 02000000#0000
CAN-RX can0 08300103#FAFF
CAN-RX can0 02000000#0000
CAN-RX can0 02000000#0000
CAN-RX can0 00E#6E4621DF00000000
CAN-RX can0 02000000#0000
CAN-TX can0 78F#208000001F000000
CAN-RX can0 08300103#0200
CAN-RX can0 790#CF80000020000000
CAN-RX can0 02000000#0000
CAN-RX can0 02000000#0000
CAN-RX can0 03C30F0F#87878787878787
CAN-RX can0 140C0201#0000
CAN-RX can0 08300103#F2FF
CAN-RX can0 02000000#0000
CAN-RX can0 02000000#0000
CAN-RX can0 00E#6E4621DF00000000
CAN-RX can0 02000000#0000
CAN-RX can0 02000000#0000
CAN-RX can0 02000000#0000
CAN-RX can0 02000000#0000
CAN-RX can0 02000000#0000
CAN-RX can0 0C140200#C0
CAN-RX can0 00E#6E4621DF00000000
CAN-RX can0 02000000#0000
CAN-RX can0 02000000#0000
CAN-RX can0 02000000#0000
CAN-RX can0 03C30F0F#87878787878787
CAN-RX can0 08300103#0100
CAN-RX can0 02000000#0000
CAN-RX can0 14300200#0000
CAN-RX can0 02000000#0000
CAN-RX can0 00E#6E4621DF00000000
CAN-TX can0 78F#208000001F000000
CAN-RX can0 02000000#0000
CAN-RX can0 790#CF80000020000000
CAN-RX can0 08300103#F4FF
CAN-RX can0 02000000#0000
CAN-RX can0 02000000#0000
CAN-RX can0 08300103#FEFF
CAN-RX can0 02000000#0000
CAN-RX can0 02000000#0000
CAN-RX can0 0C140200#C1
CAN-RX can0 00E#6E4621DF00000000
CAN-RX can0 02000000#0000
CAN-RX can0 08300103#FAFF
CAN-RX can0 02000000#0000
CAN-RX can0 02000000#0000
CAN-RX can0 03C30F0F#87878787878787
CAN-RX can0 08300103#0600
CAN-RX can0 02000000#0000
CAN-RX can0 02000000#0000
CAN-RX can0 00E#6E4621DF00000000
CAN-RX can0 02000000#0000
CAN-RX can0 08300103#FFFF
CAN-RX can0 02000000#0000
CAN-RX can0 02000000#0000
CAN-RX can0 140C0201#0000
CAN-RX can0 08300103#0900
CAN-RX can0 02000000#0000
CAN-RX can0 02000000#0000
CAN-RX can0 00E#6E4621DF00000000
CAN-TX can0 78F#208000001F000000
CAN-RX can0 02000000#0000
CAN-RX can0 790#CF80000020000000
CAN-RX can0 08300103#EEFF
CAN-RX can0 02000000#0000
CAN-RX can0 02000000#0000
CAN-RX can0 03C30F0F#87878787878787
CAN-RX can0 08300103#F3FF
CAN-RX can0 02000000#0000
CAN-RX can0 02000000#0000
CAN-RX can0 00E#6E4621DF00000000
CAN-RX can0 02000000#0000
CAN-RX can0 08300103#FBFF
CAN-RX can0 02000000#0000
CAN-RX can0 02000000#0000
CAN-RX can0 08300103#0000
CAN-RX can0 02000000#0000
CAN-RX can0 14300200#0000
CAN-RX can0 02000000#0000
CAN-RX can0 00E#6E4621DF00000000
CAN-RX can0 02000000#0000
CAN-RX can0 08300103#0600
CAN-RX can0 02000000#0000
CAN-RX can0 02000000#0000
CAN-RX can0 03C30F0F#87878787878787
CAN-RX can0 1C0C0200#1E
CAN-RX can0 08300103#0C00
CAN-RX can0 02000000#0000
CAN-RX can0 02000000#0000
CAN-TX can0 78F#208000001F000000
CAN-RX can0 00E#6E4621DF00000000
CAN-RX can0 1C2C0000#162316880A1A
CAN-RX can0 02000000#0000
CAN-RX can0 790#CF80000020000000
CAN-RX can0 08300103#0A00
CAN-RX can0 02000000#0000
CAN-RX can0 02000000#0000
CAN-RX can0 08300103#FEFF
CAN-RX can0 02000000#0000
CAN-RX can0 02000000#0000
CAN-RX can0 00E#6E4621DF00000000
CAN-RX can0 02000000#0000
CAN-RX can0 08300103#0400
CAN-RX can0 02000000#0000
CAN-RX can0 02000000#0000
CAN-RX can0 03C30F0F#87878787878787
CAN-RX can0 140C0201#0000
CAN-RX can0 08300103#F9FF
CAN-RX can0 02000000#0000
CAN-RX can0 02000000#0000
CAN-RX can0 00E#6E4621DF00000000
CAN-RX can0 02000000#0000
CAN-RX can0 1C300204#9AE505009AE50500
CAN-RX can0 08300103#FBFF
CAN-RX can0 02000000#0000
CAN-RX can0 02000000#0000
CAN-RX can0 08300103#FEFF
CAN-RX can0 02000000#0000
CAN-RX can0 02000000#0000
CAN-TX can0 78F#208000001F000000
CAN-RX can0 00E#6E4621DF00000000
CAN-RX can0 790#CF80000020000000
CAN-RX can0 02000000#0000
CAN-RX can0 08300103#F7FF
CAN-RX can0 02000000#0000
CAN-RX can0 02000000#0000
CAN-RX can0 03C30F0F#87878787878787
CAN-RX can0 08300103#FFFF
CAN-RX can0 02000000#0000
CAN-RX can0 14300200#0000
CAN-RX can0 02000000#0000
CAN-RX can0 00E#6E4621DF00000000
CAN-RX can0 02000000#0000
CAN-RX can0 08300103#0700
CAN-RX can0 02000000#0000
CAN-RX can0 02000000#0000
CAN-RX can0 08300103#0000
CAN-RX can0 02000000#0000
CAN-RX can0 02000000#0000
CAN-RX can0 00E#6E4621DF00000000
CAN-RX can0 02000000#0000
CAN-RX can0 08300103#FFFF
CAN-RX can0 02000000#0000
CAN-RX can0 02000000#0000
CAN-RX can0 03C30F0F#87878787878787
CAN-RX can0 08300103#FCFF
CAN-RX can0 02000000#0000
CAN-RX can0 02000000#0000
CAN-TX can0 78F#208000001F000000
CAN-RX can0 00E#6E4621DF00000000
CAN-RX can0 790#CF80000020000000
CAN-RX can0 02000000#0000
CAN-RX can0 08300103#0D00
CAN-RX can0 02000000#0000
CAN-RX can0 02000000#0000
CAN-RX can0 140C0201#0000
CAN-RX can0 08300103#0700
CAN-RX can0 02000000#0000
CAN-RX can0 02000000#0000
CAN-RX can0 00E#6E4621DF00000000
CAN-RX can0 02000000#0000
CAN-RX can0 08300103#F2FF
CAN-RX can0 02000000#0000
CAN-RX can0 02000000#0000
CAN-RX can0 03C30F0F#87878787878787
CAN-RX can0 08300103#EFFF
CAN-RX can0 02000000#0000
CAN-RX can0 02000000#0000
CAN-RX can0 00E#6E4621DF00000000
CAN-RX can0 02000000#0000
CAN-RX can0 08300103#0000
CAN-RX can0 02000000#0000
CAN-RX can0 02000000#0000
CAN-RX can0 08300103#0700
CAN-RX can0 02000000#0000
CAN-RX can0 14300200#0000
CAN-RX can0 02000000#0000
CAN-TX can0 78F#208000001F000000
CAN-RX can0 00E#6E4621DF00000000
CAN-RX can0 790#CF80000020000000
CAN-RX can0 02000000#0000
CAN-RX can0 08300103#F7FF
CAN-RX can0 02000000#0000
CAN-RX can0 02000000#0000
CAN-RX can0 03C30F0F#87878787878787
CAN-RX can0 08300103#0700
CAN-RX can0 02000000#0000
CAN-RX can0 02000000#0000
CAN-RX can0 00E#6E4621DF00000000
CAN-RX can0 02000000#0000
CAN-RX can0 08300103#FDFF
CAN-RX can0 0C140300#C2
CAN-RX can0 02000000#0000
CAN-RX can0 02000000#0000
CAN-RX can0 08300103#F2FF
CAN-RX can0 02000000#0000
CAN-RX can0 02000000#0000
CAN-RX can0 00E#6E4621DF00000000
CAN-RX can0 02000000#0000
CAN-RX can0 08300103#FCFF
CAN-RX can0 02000000#0000
CAN-RX can0 02000000#0000
CAN-RX can0 03C30F0F#87878787878787
CAN-RX can0 140C0201#0000
CAN-RX can0 08300103#0500
CAN-RX can0 02000000#0000
CAN-TX can0 78F#208000001F000000
CAN-RX can0 02000000#0000
CAN-RX can0 00E#6E4621DF00000000
CAN-RX can0 790#CF80000020000000
CAN-RX can0 02000000#0000
CAN-RX can0 02000000#0000
CAN-RX can0 02000000#0000
CAN-RX can0 02000000#0000
CAN-RX can0 02000000#0000
CAN-RX can0 0C140200#C0
CAN-RX can0 00E#6E4621DF00000000
CAN-RX can0 02000000#0000
CAN-RX can0 02000000#0000
CAN-RX can0 02000000#0000
CAN-RX can0 03C30F0F#87878787878787
CAN-RX can0 08300103#F0FF
CAN-RX can0 02000000#0000
CAN-RX can0 14300200#0000
CAN-RX can0 02000000#0000
CAN-RX can0 00E#6E4621DF00000000
CAN-RX can0 02000000#0000
CAN-RX can0 08300103#0400
CAN-RX can0 02000000#0000
CAN-RX can0 02000000#0000
CAN-RX can0 08300103#0900
CAN-RX can0 02000000#0000
CAN-TX can0 78F#208000001F000000
CAN-RX can0 02000000#0000
CAN-RX can0 0C140200#C1
CAN-RX can0 00E#6E4621DF00000000
CAN-RX can0 790#CF80000020000000
CAN-RX can0 02000000#0000
CAN-RX can0 08300103#FDFF
CAN-RX can0 02000000#0000
CAN-RX can0 02000000#0000
CAN-RX can0 03C30F0F#87878787878787
CAN-RX can0 08300103#0000
CAN-RX can0 02000000#0000
CAN-RX can0 02000000#0000
CAN-RX can0 00E#6E4621DF00000000
CAN-RX can0 02000000#0000
CAN-RX can0 08300103#F4FF
CAN-RX can0 02000000#0000
CAN-RX can0 02000000#0000
CAN-RX can0 140C0201#0000
CAN-RX can0 08300103#0200
CAN-RX can0 02000000#0000
CAN-RX can0 02000000#0000
CAN-RX can0 00E#6E4621DF00000000
CAN-RX can0 02000000#0000
CAN-RX can0 08300103#0500
CAN-RX can0 02000000#0000
CAN-RX can0 02000000#0000
CAN-RX can0 03C30F0F#87878787878787
CAN-RX can0 08300103#FAFF
CAN-RX can0 02000000#0000
CAN-TX can0 78F#208000001F000000
CAN-RX can0 02000000#0000
CAN-RX can0 790#CF80000020000000
CAN-RX can0 00E#6E4621DF00000000
CAN-RX can0 02000000#0000
CAN-RX can0 08300103#0D00
CAN-RX can0 02000000#0000
CAN-RX can0 02000000#0000
CAN-RX can0 08300103#0300
CAN-RX can0 02000000#0000
CAN-RX can0 14300200#0000
CAN-RX can0 02000000#0000
CAN-RX can0 00E#6E4621DF00000000
CAN-RX can0 08300103#0100
CAN-RX can0 02000000#0000
CAN-RX can0 02000000#0000
CAN-RX can0 02000000#0000
CAN-RX can0 03C30F0F#87878787878787
CAN-RX can0 1C0C0200#1E
CAN-RX can0 08300103#0600
CAN-RX can0 02000000#0000
CAN-RX can0 02000000#0000
CAN-RX can0 00E#6E4621DF00000000
CAN-RX can0 1C2C0000#172316880A1A
CAN-RX can0 08300103#F6FF
CAN-RX can0 02000000#0000
CAN-RX can0 02000000#0000
CAN-TX can0 78F#208000001F000000
CAN-RX can0 02000000#0000
CAN-RX can0 08300103#F4FF
CAN-RX can0 02000000#0000
CAN-RX can0 02000000#0000
CAN-RX can0 790#CF80000020000000
CAN-RX can0 00E#6E4621DF00000000
CAN-RX can0 08300103#0200
CAN-RX can0 02000000#0000
CAN-RX can0 02000000#0000
CAN-RX can0 02000000#0000
CAN-RX can0 03C30F0F#87878787878787
CAN-RX can0 140C0201#0000
CAN-RX can0 08300103#0200
CAN-RX can0 02000000#0000
CAN-RX can0 02000000#0000
CAN-RX can0 00E#6E4621DF00000000
CAN-RX can0 08300103#0200
CAN-RX can0 02000000#0000
CAN-RX can0 02000000#0000
CAN-RX can0 1C300204#9AE505009AE50500
CAN-RX can0 02000000#0000
CAN-RX can0 08300103#FCFF
CAN-RX can0 02000000#0000
CAN-RX can0 02000000#0000
CAN-RX can0 00E#6E4621DF00000000
CAN-RX can0 08300103#0300
CAN-RX can0 02000000#0000
CAN-RX can0 02000000#0000
CAN-RX can0 02000000#0000
CAN-RX can0 03C30F0F#87878787878787
CAN-RX can0 08300103#0B00
CAN-RX can0 02000000#0000
CAN-RX can0 14300200#0000
CAN-TX can0 78F#208000001F000000
CAN-RX can0 02000000#0000
CAN-RX can0 00E#6E4621DF00000000
CAN-RX can0 790#CF80000020000000
CAN-RX can0 08300103#FCFF
CAN-RX can0 02000000#0000
CAN-RX can0 02000000#0000
CAN-RX can0 02000000#0000
CAN-RX can0 08300103#1700
CAN-RX can0 02000000#0000
CAN-RX can0 02000000#0000
CAN-RX can0 00E#6E4621DF00000000
CAN-RX can0 08300103#0000
CAN-RX can0 02000000#0000
CAN-RX can0 02000000#0000
CAN-RX can0 02000000#0000
CAN-RX can0 03C30F0F#87878787878787
CAN-RX can0 08300103#FEFF
CAN-RX can0 02000000#0000
CAN-RX can0 02000000#0000
CAN-RX can0 00E#6E4621DF00000000
CAN-RX can0 08300103#F2FF
CAN-RX can0 02000000#0000
CAN-RX can0 02000000#0000
CAN-RX can0 02000000#0000
CAN-RX can0 140C0201#0000
CAN-RX can0 08300103#0400
CAN-RX can0 02000000#0000
CAN-TX can0 78F#208000001F000000
CAN-RX can0 02000000#0000
CAN-RX can0 00E#6E4621DF00000000
CAN-RX can0 790#CF80000020000000
CAN-RX can0 08300103#FDFF
CAN-RX can0 02000000#0000
CAN-RX can0 02000000#0000
CAN-RX can0 02000000#0000
CAN-RX can0 03C30F0F#87878787878787
CAN-RX can0 08300103#FBFF
CAN-RX can0 02000000#0000
CAN-RX can0 02000000#0000
CAN-RX can0 00E#6E4621DF00000000
CAN-RX can0 08300103#0000
CAN-RX can0 02000000#0000
CAN-RX can0 02000000#0000
CAN-RX can0 02000000#0000
CAN-RX can0 08300103#FDFF
CAN-RX can0 02000000#0000
CAN-RX can0 14300200#0000
CAN-RX can0 02000000#0000
CAN-RX can0 00E#6E4621DF00000000
CAN-RX can0 08300103#0500
CAN-RX can0 02000000#0000
CAN-RX can0 02000000#0000
CAN-RX can0 02000000#0000
CAN-RX can0 03C30F0F#87878787878787
CAN-RX can0 08300103#0200
CAN-RX can0 02000000#0000
CAN-TX can0 78F#208000001F000000
CAN-RX can0 02000000#0000
CAN-RX can0 00E#6E4621DF00000000
CAN-RX can0 790#CF80000020000000
CAN-RX can0 08300103#0200
CAN-RX can0 02000000#0000
CAN-RX can0 0C140300#C2
CAN-RX can0 02000000#0000
CAN-RX can0 02000000#0000
CAN-RX can0 08300103#FFFF
CAN-RX can0 02000000#0000
CAN-RX can0 02000000#0000
CAN-RX can0 00E#6E4621DF00000000
CAN-RX can0 08300103#0500
CAN-RX can0 02000000#0000
CAN-RX can0 02000000#0000
CAN-RX can0 02000000#0000
CAN-RX can0 03C30F0F#87878787878787
CAN-RX can0 140C0201#0000
CAN-RX can0 08300103#0300
CAN-RX can0 02000000#0000
CAN-RX can0 02000000#0000
CAN-RX can0 00E#6E4621DF00000000
CAN-RX can0 02000000#0000
CAN-RX can0 02000000#0000
CAN-RX can0 02000000#0000
CAN-RX can0 02000000#0000
CAN-TX can0 78F#208000001F000000
CAN-RX can0 02000000#0000
CAN-RX can0 0C140200#C0
CAN-RX can0 790#CF80000020000000
CAN-RX can0 00E#6E4621DF00000000
CAN-RX can0 02000000#0000
CAN-RX can0 02000000#0000
CAN-RX can0 02000000#0000
CAN-RX can0 03C30F0F#87878787878787
CAN-RX can0 08300103#F9FF
CAN-RX can0 02000000#0000
CAN-RX can0 14300200#0000
CAN-RX can0 02000000#0000
CAN-RX can0 00E#6E4621DF00000000
CAN-RX can0 08300103#F7FF
CAN-RX can0 02000000#0000
CAN-RX can0 02000000#0000
CAN-RX can0 02000000#0000
CAN-RX can0 08300103#FCFF
CAN-RX can0 02000000#0000
CAN-RX can0 02000000#0000
CAN-RX can0 0C140200#C1
CAN-RX can0 00E#6E4621DF00000000
CAN-RX can0 08300103#0800
CAN-RX can0 02000000#0000
CAN-RX can0 02000000#0000
CAN-RX can0 02000000#0000
CAN-RX can0 03C30F0F#87878787878787
CAN-RX can0 08300103#0700
CAN-RX can0 02000000#0000
CAN-TX can0 78F#208000001F000000
CAN-RX can0 02000000#0000
CAN-RX can0 790#CF80000020000000
CAN-RX can0 00E#6E4621DF00000000
CAN-RX can0 08300103#0600
CAN-RX can0 02000000#0000
CAN-RX can0 02000000#0000
CAN-RX can0 02000000#0000
CAN-RX can0 140C0201#0000
CAN-RX can0 08300103#0000
CAN-RX can0 02000000#0000
CAN-RX can0 02000000#0000
CAN-RX can0 00E#6E4621DF00000000
CAN-RX can0 08300103#0000
CAN-RX can0 02000000#0000
CAN-RX can0 02000000#0000
CAN-RX can0 02000000#0000
CAN-RX can0 03C30F0F#87878787878787
CAN-RX can0 08300103#FDFF
CAN-RX can0 02000000#0000
CAN-RX can0 02000000#0000
CAN-RX can0 00E#6E4621DF00000000
CAN-RX can0 08300103#0300
CAN-RX can0 02000000#0000
CAN-RX can0 02000000#0000
CAN-TX can0 78F#208000001F000000
CAN-RX can0 02000000#0000
CAN-RX can0 08300103#F8FF
CAN-RX can0 02000000#0000
CAN-RX can0 14300200#0000
CAN-RX can0 790#CF80000020000000
CAN-RX can0 02000000#0000
CAN-RX can0 00E#6E4621DF00000000
CAN-RX can0 08300103#FDFF
CAN-RX can0 02000000#0000
CAN-RX can0 02000000#0000
CAN-RX can0 02000000#0000
CAN-RX can0 03C30F0F#87878787878787
CAN-RX can0 1C0C0200#1E
CAN-RX can0 08300103#0500
CAN-RX can0 02000000#0000
CAN-RX can0 02000000#0000
CAN-RX can0 00E#6E4621DF00000000
CAN-RX can0 1C2C0000#182316880A1A
CAN-RX can0 08300103#0100
CAN-RX can0 02000000#0000
CAN-RX can0 02000000#0000
CAN-RX can0 02000000#0000
CAN-RX can0 08300103#0000
CAN-RX can0 02000000#0000
CAN-RX can0 02000000#0000
CAN-RX can0 00E#6E4621DF00000000
CAN-RX can0 08300103#E9FF
CAN-RX can0 02000000#0000
CAN-RX can0 02000000#0000
CAN-TX can0 78F#208000001F000000
CAN-RX can0 02000000#0000
CAN-RX can0 03C30F0F#87878787878787
CAN-RX can0 140C0201#0000
CAN-RX can0 08300103#EAFF
CAN-RX can0 02000000#0000
CAN-RX can0 790#CF80000020000000
CAN-RX can0 02000000#0000
CAN-RX can0 00E#6E4621DF00000000
CAN-RX can0 08300103#F8FF
CAN-RX can0 02000000#0000
CAN-RX can0 02000000#0000
CAN-RX can0 02000000#0000
CAN-RX can0 1C300204#9AE505009AE50500
CAN-RX can0 08300103#0300
CAN-RX can0 02000000#0000
CAN-RX can0 02000000#0000
CAN-RX can0 00E#6E4621DF00000000
CAN-RX can0 08300103#0000
CAN-RX can0 02000000#0000
CAN-RX can0 02000000#0000
CAN-RX can0 02000000#0000
CAN-RX can0 03C30F0F#87878787878787
CAN-RX can0 08300103#0800
CAN-RX can0 02000000#0000
CAN-RX can0 14300200#0000
CAN-RX can0 02000000#0000
CAN-RX can0 00E#6E4621DF00000000
CAN-RX can0 08300103#0900
CAN-RX can0 02000000#0000
CAN-RX can0 02000000#0000
CAN-RX can0 02000000#0000
CAN-RX can0 08300103#0600
CAN-RX can0 02000000#0000
CAN-TX can0 78F#208000001F000000
CAN-RX can0 790#CF80000020000000
CAN-RX can0 02000000#0000
CAN-RX can0 00E#6E4621DF00000000
CAN-RX can0 08300103#0400
CAN-RX can0 02000000#0000
CAN-RX can0 02000000#0000
CAN-RX can0 02000000#0000
CAN-RX can0 03C30F0F#87878787878787
CAN-RX can0 08300103#1100
CAN-RX can0 02000000#0000
CAN-RX can0 02000000#0000
CAN-RX can0 00E#6E4621DF00000000
CAN-RX can0 08300103#0500
CAN-RX can0 02000000#0000
CAN-RX can0 02000000#0000
CAN-RX can0 02000000#0000
CAN-RX can0 08300103#0800
CAN-RX can0 140C0201#0000
CAN-RX can0 02000000#0000
CAN-RX can0 02000000#0000
CAN-RX can0 00E#6E4621DF00000000
CAN-RX can0 08300103#0600
CAN-RX can0 02000000#0000
CAN-RX can0 02000000#0000
CAN-RX can0 02000000#0000
CAN-RX can0 03C30F0F#87878787878787
CAN-RX can0 08300103#0800
CAN-RX can0 02000000#0000
CAN-TX can0 78F#208000001F000000
CAN-RX can0 790#CF80000020000000
CAN-RX can0 02000000#0000
CAN-RX can0 00E#6E4621DF00000000
CAN-RX can0 08300103#0300
CAN-RX can0 02000000#0000
CAN-RX can0 02000000#0000
CAN-RX can0 02000000#0000
CAN-RX can0 08300103#FBFF
CAN-RX can0 02000000#0000
CAN-RX can0 14300200#0000
CAN-RX can0 02000000#0000
CAN-RX can0 00E#6E4621DF00000000
CAN-RX can0 08300103#F8FF
CAN-RX can0 02000000#0000
CAN-RX can0 02000000#0000
CAN-RX can0 02000000#0000
CAN-RX can0 03C30F0F#87878787878787
CAN-RX can0 08300103#0000
CAN-RX can0 02000000#0000
CAN-RX can0 02000000#0000
CAN-RX can0 00E#6E4621DF00000000
CAN-RX can0 08300103#0000
CAN-RX can0 02000000#0000
CAN-RX can0 0C140300#C2
CAN-RX can0 02000000#0000
CAN-RX can0 02000000#0000
CAN-RX can0 08300103#F9FF
CAN-TX can0 78F#208000001F000000
CAN-RX can0 02000000#0000
CAN-RX can0 790#CF80000020000000
CAN-RX can0 02000000#0000
CAN-RX can0 00E#6E4621DF00000000
CAN-RX can0 08300103#0100
CAN-RX can0 02000000#0000
CAN-RX can0 02000000#0000
CAN-RX can0 02000000#0000
CAN-RX can0 03C30F0F#87878787878787
CAN-RX can0 08300103#FCFF
CAN-RX can0 140C0201#0000
CAN-RX can0 02000000#0000
CAN-RX can0 02000000#0000
CAN-RX can0 00E#6E4621DF00000000
CAN-RX can0 02000000#0000
CAN-RX can0 02000000#0000
CAN-RX can0 02000000#0000
CAN-RX can0 02000000#0000
CAN-RX can0 02000000#0000
CAN-RX can0 0C140200#C0
CAN-RX can0 00E#6E4621DF00000000
CAN-RX can0 02000000#0000
CAN-RX can0 02000000#0000
CAN-RX can0 02000000#0000
CAN-RX can0 03C30F0F#87878787878787
CAN-RX can0 08300103#0000
CAN-TX can0 78F#208000001F000000
CAN-RX can0 02000000#0000
CAN-RX can0 14300200#0000
CAN-RX can0 790#CF80000020000000
CAN-RX can0 02000000#0000
CAN-RX can0 00E#6E4621DF00000000
CAN-RX can0 08300103#F9FF
CAN-RX can0 02000000#0000
CAN-RX can0 02000000#0000
CAN-RX can0 02000000#0000
CAN-RX can0 08300103#FCFF
CAN-RX can0 02000000#0000
CAN-RX can0 02000000#0000
CAN-RX can0 0C140200#C1
CAN-RX can0 00E#6E4621DF00000000
CAN-RX can0 08300103#0400
CAN-RX can0 02000000#0000
CAN-RX can0 02000000#0000
CAN-RX can0 02000000#0000
CAN-RX can0 03C30F0F#87878787878787
CAN-RX can0 08300103#0800
CAN-RX can0 02000000#0000
CAN-RX can0 02000000#0000
CAN-RX can0 00E#6E4621DF00000000
CAN-RX can0 08300103#0200
CAN-RX can0 02000000#0000
CAN-RX can0 02000000#0000
CAN-RX can0 02000000#0000
CAN-RX can0 08300103#F5FF
CAN-RX can0 140C0201#0000
CAN-TX can0 78F#208000001F000000
CAN-RX can0 02000000#0000
CAN-RX can0 790#CF80000020000000
CAN-RX can0 02000000#0000
CAN-RX can0 00E#6E4621DF00000000
CAN-RX can0 08300103#F8FF
CAN-RX can0 02000000#0000
CAN-RX can0 02000000#0000
CAN-RX can0 02000000#0000
CAN-RX can0 03C30F0F#87878787878787
CAN-RX can0 08300103#FBFF
CAN-RX can0 02000000#0000
CAN-RX can0 02000000#0000
CAN-RX can0 00E#6E4621DF00000000
CAN-RX can0 08300103#0900
CAN-RX can0 02000000#0000
CAN-RX can0 02000000#0000
CAN-RX can0 02000000#0000
CAN-RX can0 08300103#0400
CAN-RX can0 02000000#0000
CAN-RX can0 14300200#0000
CAN-RX can0 02000000#0000
CAN-RX can0 00E#6E4621DF00000000
CAN-RX can0 08300103#0000
CAN-RX can0 02000000#0000
CAN-RX can0 02000000#0000
CAN-RX can0 08300103#F1FF
CAN-RX can0 02000000#0000
CAN-RX can0 03C30F0F#87878787878787
CAN-RX can0 1C0C0200#1E
CAN-TX can0 78F#208000001F000000
CAN-RX can0 790#CF80000020000000
CAN-RX can0 02000000#0000
CAN-RX can0 02000000#0000
CAN-RX can0 00E#6E4621DF00000000
CAN-RX can0 08300103#FCFF
CAN-RX can0 1C2C0000#192316880A1A
CAN-RX can0 02000000#0000
CAN-RX can0 02000000#0000
CAN-RX can0 08300103#FBFF
CAN-RX can0 02000000#0000
CAN-RX can0 02000000#0000
CAN-RX can0 02000000#0000
CAN-RX can0 00E#6E4621DF00000000
CAN-RX can0 08300103#F9FF
CAN-RX can0 02000000#0000
CAN-RX can0 02000000#0000
CAN-RX can0 08300103#0800
CAN-RX can0 02000000#0000
CAN-RX can0 03C30F0F#87878787878787
CAN-RX can0 140C0201#0000
CAN-RX can0 02000000#0000
CAN-RX can0 02000000#0000
CAN-RX can0 00E#6E4621DF00000000
CAN-RX can0 08300103#FFFF
CAN-RX can0 02000000#0000
CAN-TX can0 78F#208000001F000000
CAN-RX can0 02000000#0000
CAN-RX can0 08300103#FBFF
CAN-RX can0 02000000#0000
CAN-RX can0 790#CF80000020000000
CAN-RX can0 02000000#0000
CAN-RX can0 1C300204#9AE505009AE50500
CAN-RX can0 02000000#0000
CAN-RX can0 00E#6E4621DF00000000
CAN-RX can0 08300103#FBFF
CAN-RX can0 02000000#0000
CAN-RX can0 02000000#0000
CAN-RX can0 08300103#0600
CAN-RX can0 02000000#0000
CAN-RX can0 03C30F0F#87878787878787
CAN-RX can0 02000000#0000
CAN-RX can0 14300200#0000
CAN-RX can0 02000000#0000
CAN-RX can0 00E#6E4621DF00000000
CAN-RX can0 08300103#F4FF
CAN-RX can0 02000000#0000
CAN-RX can0 02000000#0000
CAN-RX can0 08300103#0300
CAN-RX can0 02000000#0000
CAN-RX can0 02000000#0000
CAN-RX can0 02000000#0000
CAN-RX can0 00E#6E4621DF00000000
CAN-RX can0 08300103#0500
CAN-RX can0 02000000#0000
CAN-TX can0 78F#208000001F000000
CAN-RX can0 02000000#0000
CAN-RX can0 08300103#1500
CAN-RX can0 02000000#0000
CAN-RX can0 03C30F0F#87878787878787
CAN-RX can0 790#CF80000020000000
CAN-RX can0 02000000#0000
CAN-RX can0 02000000#0000
CAN-RX can0 00E#6E4621DF00000000
CAN-RX can0 08300103#0700
CAN-RX can0 02000000#0000
CAN-RX can0 02000000#0000
CAN-RX can0 08300103#0100
CAN-RX can0 02000000#0000
CAN-RX can0 140C0201#0000
CAN-RX can0 02000000#0000
CAN-RX can0 02000000#0000
CAN-RX can0 00E#6E4621DF00000000
CAN-RX can0 08300103#0D00
CAN-RX can0 02000000#0000
CAN-RX can0 02000000#0000
CAN-RX can0 08300103#0300
CAN-RX can0 02000000#0000
CAN-RX can0 03C30F0F#87878787878787
CAN-RX can0 02000000#0000
CAN-RX can0 02000000#0000
CAN-RX can0 08300103#0600
CAN-RX can0 00E#6E4621DF00000000
CAN-RX can0 02000000#0000
CAN-RX can0 02000000#0000
CAN-RX can0 08300103#F9FF
CAN-RX can0 02000000#0000
CAN-TX can0 78F#208000001F000000
CAN-RX can0 790#CF80000020000000
CAN-RX can0 02000000#0000
CAN-RX can0 14300200#0000
CAN-RX can0 02000000#0000
CAN-RX can0 08300103#F7FF
CAN-RX can0 00E#6E4621DF00000000
CAN-RX can0 02000000#0000
CAN-RX can0 02000000#0000
CAN-RX can0 08300103#0A00
CAN-RX can0 02000000#0000
CAN-RX can0 03C30F0F#87878787878787
CAN-RX can0 02000000#0000
CAN-RX can0 02000000#0000
CAN-RX can0 08300103#FFFF
CAN-RX can0 00E#6E4621DF00000000
CAN-RX can0 02000000#0000
CAN-RX can0 0C140300#C2
CAN-RX can0 02000000#0000
CAN-RX can0 08300103#F9FF
CAN-RX can0 02000000#0000
CAN-RX can0 02000000#0000
CAN-RX can0 02000000#0000
CAN-RX can0 08300103#F7FF
CAN-RX can0 00E#6E4621DF00000000
CAN-RX can0 02000000#0000
CAN-TX can0 78F#208000001F000000
CAN-RX can0 02000000#0000
CAN-RX can0 08300103#F8FF
CAN-RX can0 02000000#0000
CAN-RX can0 03C30F0F#87878787878787
CAN-RX can0 140C0201#0000
CAN-RX can0 790#CF80000020000000
CAN-RX can0 02000000#0000
CAN-RX can0 02000000#0000
CAN-RX can0 00E#6E4621DF00000000
CAN-RX can0 02000000#0000
CAN-RX can0 02000000#0000
CAN-RX can0 02000000#0000
CAN-RX can0 02000000#0000
CAN-RX can0 02000000#0000
CAN-RX can0 0C140200#C0
CAN-RX can0 00E#6E4621DF00000000
CAN-RX can0 02000000#0000
CAN-RX can0 02000000#0000
CAN-RX can0 08300103#0100
CAN-RX can0 02000000#0000
CAN-RX can0 03C30F0F#87878787878787
CAN-RX can0 02000000#0000
CAN-RX can0 14300200#0000
CAN-RX can0 02000000#0000
CAN-RX can0 08300103#F7FF
CAN-RX can0 00E#6E4621DF00000000
CAN-RX can0 02000000#0000
CAN-RX can0 02000000#0000
CAN-RX can0 08300103#F8FF
CAN-RX can0 02000000#0000
CAN-TX can0 78F#208000001F000000
CAN-RX can0 790#CF80000020000000
CAN-RX can0 02000000#0000
CAN-RX can0 02000000#0000
CAN-RX can0 0C140200#C1
CAN-RX can0 08300103#FDFF
CAN-RX can0 00E#6E4621DF00000000
CAN-RX can0 02000000#0000
CAN-RX can0 02000000#0000
CAN-RX can0 08300103#FAFF
CAN-RX can0 02000000#0000
CAN-RX can0 03C30F0F#87878787878787
CAN-RX can0 02000000#0000
CAN-RX can0 02000000#0000
CAN-RX can0 08300103#FAFF
CAN-RX can0 00E#6E4621DF00000000
CAN-RX can0 02000000#0000
CAN-RX can0 02000000#0000
CAN-RX can0 08300103#F3FF
CAN-RX can0 02000000#0000
CAN-RX can0 140C0201#0000
CAN-RX can0 02000000#0000
CAN-RX can0 02000000#0000
CAN-RX can0 08300103#FEFF
CAN-RX can0 00E#6E4621DF00000000
CAN-RX can0 02000000#0000
CAN-RX can0 02000000#0000
CAN-RX can0 08300103#FEFF
CAN-TX can0 78F#208000001F000000
CAN-RX can0 02000000#0000
CAN-RX can0 03C30F0F#87878787878787
CAN-RX can0 790#CF80000020000000
CAN-RX can0 02000000#0000
CAN-RX can0 02000000#0000
CAN-RX can0 08300103#0300
CAN-RX can0 00E#6E4621DF00000000
CAN-RX can0 02000000#0000
CAN-RX can0 02000000#0000
CAN-RX can0 08300103#FEFF
CAN-RX can0 02000000#0000
CAN-RX can0 02000000#0000
CAN-RX can0 14300200#0000
CAN-RX can0 02000000#0000
CAN-RX can0 08300103#FFFF
CAN-RX can0 00E#6E4621DF00000000
CAN-RX can0 02000000#0000
CAN-RX can0 02000000#0000
CAN-RX can0 08300103#0100
CAN-RX can0 02000000#0000
CAN-RX can0 03C30F0F#87878787878787
CAN-RX can0 1C0C0200#1E
CAN-RX can0 02000000#0000
CAN-RX can0 02000000#0000
CAN-RX can0 08300103#0500
CAN-RX can0 00E#6E4621DF00000000
CAN-RX can0 1C2C0000#1A2316880A1A
CAN-RX can0 02000000#0000
CAN-RX can0 02000000#0000
CAN-RX can0 08300103#FAFF
CAN-TX can0 78F#208000001F000000
CAN-RX can0 02000000#0000
CAN-RX can0 790#CF80000020000000
CAN-RX can0 02000000#0000
CAN-RX can0 02000000#0000
CAN-RX can0 08300103#FDFF
CAN-RX can0 00E#6E4621DF00000000
CAN-RX can0 02000000#0000
CAN-RX can0 02000000#0000
CAN-RX can0 08300103#FDFF
CAN-RX can0 02000000#0000
CAN-RX can0 03C30F0F#87878787878787
CAN-RX can0 140C0201#0000
CAN-RX can0 02000000#0000
CAN-RX can0 02000000#0000
CAN-RX can0 08300103#F9FF
CAN-RX can0 00E#6E4621DF00000000
CAN-RX can0 02000000#0000
CAN-RX can0 02000000#0000
CAN-RX can0 08300103#F7FF
CAN-RX can0 02000000#0000
CAN-RX can0 02000000#0000
CAN-RX can0 02000000#0000
CAN-RX can0 1C300204#9AE505009AE50500
CAN-RX can0 08300103#0200
CAN-RX can0 00E#6E4621DF00000000
CAN-RX can0 02000000#0000
CAN-RX can0 02000000#0000
CAN-TX can0 78F#208000001F000000
CAN-RX can0 08300103#F5FF
CAN-RX can0 02000000#0000
CAN-RX can0 03C30F0F#87878787878787
CAN-RX can0 790#CF80000020000000
CAN-RX can0 02000000#0000
CAN-RX can0 14300200#0000
CAN-RX can0 02000000#0000
CAN-RX can0 08300103#FCFF
CAN-RX can0 00E#6E4621DF00000000
CAN-RX can0 02000000#0000
CAN-RX can0 02000000#0000
CAN-RX can0 08300103#1100
CAN-RX can0 02000000#0000
CAN-RX can0 02000000#0000
CAN-RX can0 02000000#0000
CAN-RX can0 08300103#FEFF
CAN-RX can0 00E#6E4621DF00000000
CAN-RX can0 02000000#0000
CAN-RX can0 02000000#0000
CAN-RX can0 08300103#FEFF
CAN-RX can0 02000000#0000
CAN-RX can0 03C30F0F#87878787878787
CAN-RX can0 02000000#0000
CAN-RX can0 02000000#0000
CAN-RX can0 08300103#0A00
CAN-RX can0 00E#6E4621DF00000000
CAN-RX can0 02000000#0000
CAN-RX can0 02000000#0000
CAN-TX can0 78F#208000001F000000
CAN-RX can0 08300103#FBFF
CAN-RX can0 02000000#0000
CAN-RX can0 140C0201#0000
CAN-RX can0 790#CF80000020000000
CAN-RX can0 02000000#0000
CAN-RX can0 02000000#0000
CAN-RX can0 08300103#F1FF
CAN-RX can0 00E#6E4621DF00000000
CAN-RX can0 02000000#0000
CAN-RX can0 02000000#0000
CAN-RX can0 08300103#0000
CAN-RX can0 02000000#0000
CAN-RX can0 03C30F0F#87878787878787
CAN-RX can0 02000000#0000
CAN-RX can0 02000000#0000
CAN-RX can0 08300103#0000
CAN-RX can0 00E#6E4621DF00000000
CAN-RX can0 02000000#0000
CAN-RX can0 02000000#0000
CAN-RX can0 08300103#0300
CAN-RX can0 02000000#0000
CAN-RX can0 02000000#0000
CAN-RX can0 14300200#0000
CAN-RX can0 02000000#0000
CAN-RX can0 08300103#FEFF
CAN-RX can0 00E#6E4621DF00000000
CAN-RX can0 02000000#0000
CAN-TX can0 78F#208000001F000000
CAN-RX can0 02000000#0000
CAN-RX can0 08300103#0A00
CAN-RX can0 790#CF80000020000000
CAN-RX can0 02000000#0000
CAN-RX can0 03C30F0F#87878787878787
CAN-RX can0 02000000#0000
CAN-RX can0 02000000#0000
CAN-RX can0 08300103#0500
CAN-RX can0 00E#6E4621DF00000000
CAN-RX can0 02000000#0000
CAN-RX can0 0C140300#C2
CAN-RX can0 02000000#0000
CAN-RX can0 08300103#F3FF
CAN-RX can0 02000000#0000
CAN-RX can0 02000000#0000
CAN-RX can0 02000000#0000
CAN-RX can0 08300103#0500
CAN-RX can0 00E#6E4621DF00000000
CAN-RX can0 02000000#0000
CAN-RX can0 02000000#0000
CAN-RX can0 08300103#0F00
CAN-RX can0 02000000#0000
CAN-RX can0 03C30F0F#87878787878787
CAN-RX can0 140C0201#0000
CAN-RX can0 02000000#0000
CAN-RX can0 02000000#0000
CAN-RX can0 00E#6E4621DF00000000
CAN-RX can0 02000000#0000
CAN-TX can0 78F#208000001F000000
CAN-RX can0 02000000#0000
CAN-RX can0 790#CF80000020000000
CAN-RX can0 02000000#0000
CAN-RX can0 02000000#0000
CAN-RX can0 02000000#0000
CAN-RX can0 0C140200#C0
CAN-RX can0 00E#6E4621DF00000000
CAN-RX can0 02000000#0000
CAN-RX can0 02000000#0000
CAN-RX can0 08300103#0600
CAN-RX can0 02000000#0000
CAN-RX can0 03C30F0F#87878787878787
CAN-RX can0 02000000#0000
CAN-RX can0 14300200#0000
CAN-RX can0 02000000#0000
CAN-RX can0 08300103#FFFF
CAN-RX can0 00E#6E4621DF00000000
CAN-RX can0 02000000#0000
CAN-RX can0 02000000#0000
CAN-RX can0 08300103#F3FF
CAN-RX can0 02000000#0000
CAN-RX can0 02000000#0000
CAN-RX can0 02000000#0000
CAN-RX can0 08300103#F0FF
CAN-RX can0 0C140200#C1
CAN-RX can0 00E#6E4621DF00000000
CAN-RX can0 02000000#0000
CAN-RX can0 02000000#0000
CAN-RX can0 08300103#0400
CAN-RX can0 02000000#0000
CAN-RX can0 03C30F0F#87878787878787
CAN-RX can0 02000000#0000
CAN-RX can0 02000000#0000
CAN-RX can0 08300103#F0FF
CAN-RX can0 00E#6E4621DF00000000
CAN-RX can0 02000000#0000
CAN-RX can0 02000000#0000
CAN-RX can0 08300103#FAFF
CAN-RX can0 02000000#0000
CAN-RX can0 140C0201#0000
CAN-RX can0 02000000#0000
CAN-RX can0 02000000#0000
CAN-RX can0 08300103#F8FF
CAN-RX can0 00E#6E4621DF00000000
CAN-RX can0 02000000#0000
CAN-RX can0 02000000#0000
CAN-RX can0 08300103#FAFF
CAN-RX can0 02000000#0000
CAN-RX can0 03C30F0F#87878787878787
CAN-RX can0 02000000#0000
CAN-RX can0 02000000#0000
CAN-RX can0 08300103#F0FF
CAN-RX can0 00E#6E4621DF00000000
CAN-RX can0 02000000#0000
CAN-RX can0 02000000#0000
CAN-RX can0 08300103#FDFF
CAN-RX can0 02000000#0000
CAN-RX can0 02000000#0000
CAN-RX can0 14300200#0000
CAN-RX can0 02000000#0000
CAN-RX can0 08300103#0000
CAN-RX can0 00E#6E4621DF00000000
CAN-RX can0 02000000#0000
CAN-RX can0 02000000#0000
CAN-RX can0 08300103#0000
CAN-RX can0 02000000#0000
CAN-RX can0 03C30F0F#87878787878787
CAN-RX can0 1C0C0200#1E
CAN-RX can0 02000000#0000
CAN-RX can0 08300103#FEFF
CAN-RX can0 02000000#0000
CAN-RX can0 00E#6E4621DF00000000
CAN-RX can0 1C2C0000#1B2316880A1A
CAN-RX can0 02000000#0000
CAN-RX can0 02000000#0000
CAN-RX can0 08300103#F7FF
CAN-RX can0 02000000#0000
CAN-RX can0 02000000#0000
CAN-RX can0 08300103#FEFF
CAN-RX can0 02000000#0000
CAN-RX can0 00E#6E4621DF00000000
CAN-RX can0 02000000#0000
CAN-TX can0 78F#208000001F000000
CAN-RX can0 02000000#0000
CAN-RX can0 08300103#FEFF
CAN-RX can0 790#CF80000020000000
CAN-RX can0 02000000#0000
CAN-RX can0 03C30F0F#87878787878787
CAN-RX can0 140C0201#0000
CAN-RX can0 02000000#0000
CAN-RX can0 08300103#1300
CAN-RX can0 02000000#0000
CAN-RX can0 00E#6E4621DF00000000
CAN-RX can0 02000000#0000
CAN-RX can0 02000000#0000
CAN-RX can0 08300103#0200
CAN-RX can0 02000000#0000
CAN-RX can0 02000000#0000
CAN-RX can0 08300103#1500
CAN-RX can0 02000000#0000
CAN-RX can0 00E#6E4621DF00000000
CAN-RX can0 02000000#0000
CAN-RX can0 1C300204#9AE505009AE50500
CAN-RX can0 02000000#0000
CAN-RX can0 08300103#EDFF
CAN-RX can0 02000000#0000
CAN-RX can0 03C30F0F#87878787878787
CAN-RX can0 02000000#0000
CAN-RX can0 14300200#0000
CAN-RX can0 08300103#0100
CAN-RX can0 02000000#0000
CAN-RX can0 00E#6E4621DF00000000
CAN-RX can0 02000000#0000
CAN-TX can0 78F#208000001F000000
CAN-RX can0 02000000#0000
CAN-RX can0 790#CF80000020000000
CAN-RX can0 08300103#0200
CAN-RX can0 02000000#0000
CAN-RX can0 02000000#0000
CAN-RX can0 08300103#FEFF
CAN-RX can0 02000000#0000
CAN-RX can0 00E#6E4621DF00000000
CAN-RX can0 02000000#0000
CAN-RX can0 02000000#0000
CAN-RX can0 08300103#0200
CAN-RX can0 02000000#0000
CAN-RX can0 03C30F0F#87878787878787
CAN-RX can0 02000000#0000
CAN-RX can0 08300103#FEFF
CAN-RX can0 02000000#0000
CAN-RX can0 00E#6E4621DF00000000
CAN-RX can0 02000000#0000
CAN-RX can0 02000000#0000
CAN-RX can0 08300103#0000
CAN-RX can0 02000000#0000
CAN-RX can0 140C0201#0000
CAN-RX can0 02000000#0000
CAN-RX can0 08300103#FDFF
CAN-RX can0 02000000#0000
CAN-RX can0 00E#6E4621DF00000000
CAN-RX can0 02000000#0000
CAN-TX can0 78F#208000001F000000
CAN-RX can0 790#CF80000020000000
CAN-RX can0 02000000#0000
CAN-RX can0 08300103#FAFF
CAN-RX can0 02000000#0000
CAN-RX can0 03C30F0F#87878787878787
CAN-RX can0 02000000#0000
CAN-RX can0 08300103#0200
CAN-RX can0 02000000#0000
CAN-RX can0 00E#6E4621DF00000000
CAN-RX can0 02000000#0000
CAN-RX can0 02000000#0000
CAN-RX can0 08300103#F8FF
CAN-RX can0 02000000#0000
CAN-RX can0 02000000#0000
CAN-RX can0 14300200#0000
CAN-RX can0 08300103#F6FF
CAN-RX can0 02000000#0000
CAN-RX can0 00E#6E4621DF00000000
CAN-RX can0 02000000#0000
CAN-RX can0 02000000#0000
CAN-RX can0 08300103#FEFF
CAN-RX can0 02000000#0000
CAN-RX can0 03C30F0F#87878787878787
CAN-RX can0 02000000#0000
CAN-RX can0 08300103#FAFF
CAN-RX can0 02000000#0000
CAN-RX can0 00E#6E4621DF00000000
CAN-RX can0 02000000#0000
CAN-TX can0 78F#208000001F000000
CAN-RX can0 0C140300#C2
CAN-RX can0 790#CF80000020000000
CAN-RX can0 02000000#0000
CAN-RX can0 08300103#0500
CAN-RX can0 02000000#0000
CAN-RX can0 02000000#0000
CAN-RX can0 08300103#0100
CAN-RX can0 02000000#0000
CAN-RX can0 00E#6E4621DF00000000
CAN-RX can0 02000000#0000
CAN-RX can0 02000000#0000
CAN-RX can0 08300103#0400
CAN-RX can0 02000000#0000
CAN-RX can0 03C30F0F#87878787878787
CAN-RX can0 140C0201#0000
CAN-RX can0 02000000#0000
CAN-RX can0 02000000#0000
CAN-RX can0 00E#6E4621DF00000000
CAN-RX can0 02000000#0000
CAN-RX can0 02000000#0000
CAN-RX can0 02000000#0000
CAN-RX can0 02000000#0000
CAN-RX can0 02000000#0000
CAN-RX can0 0C140200#C0
CAN-RX can0 00E#6E4621DF00000000
CAN-RX can0 02000000#0000
CAN-TX can0 78F#208000001F000000
CAN-RX can0 790#CF80000020000000
CAN-RX can0 02000000#0000
CAN-RX can0 08300103#F6FF
CAN-RX can0 02000000#0000
CAN-RX can0 03C30F0F#87878787878787
CAN-RX can0 02000000#0000
CAN-RX can0 14300200#0000
CAN-RX can0 08300103#0200
CAN-RX can0 02000000#0000
CAN-RX can0 00E#6E4621DF00000000
CAN-RX can0 02000000#0000
CAN-RX can0 02000000#0000
CAN-RX can0 08300103#F8FF
CAN-RX can0 02000000#0000
CAN-RX can0 02000000#0000
CAN-RX can0 08300103#0F00
CAN-RX can0 02000000#0000
CAN-RX can0 0C140200#C1
CAN-RX can0 00E#6E4621DF00000000
CAN-RX can0 02000000#0000
CAN-RX can0 02000000#0000
CAN-RX can0 08300103#0000
CAN-RX can0 02000000#0000
CAN-RX can0 03C30F0F#87878787878787
CAN-RX can0 02000000#0000
CAN-RX can0 08300103#0800
CAN-RX can0 02000000#0000
CAN-RX can0 00E#6E4621DF00000000
CAN-RX can0 02000000#0000
CAN-TX can0 78F#208000001F000000
CAN-RX can0 790#CF80000020000000
CAN-RX can0 02000000#0000
CAN-RX can0 08300103#0000
CAN-RX can0 02000000#0000
CAN-RX can0 140C0201#0000
CAN-RX can0 02000000#0000
CAN-RX can0 08300103#0500
CAN-RX can0 02000000#0000
CAN-RX can0 00E#6E4621DF00000000
CAN-RX can0 02000000#0000
CAN-RX can0 02000000#0000
CAN-RX can0 08300103#0B00
CAN-RX can0 02000000#0000
CAN-RX can0 03C30F0F#87878787878787
CAN-RX can0 02000000#0000
CAN-RX can0 08300103#F8FF
CAN-RX can0 02000000#0000
CAN-RX can0 00E#6E4621DF00000000
CAN-RX can0 02000000#0000
CAN-RX can0 02000000#0000
CAN-RX can0 08300103#FEFF
CAN-RX can0 02000000#0000
CAN-TX can0 78F#208000001F000000
CAN-RX can0 02000000#0000
CAN-RX can0 14300200#0000
CAN-RX can0 08300103#0100
CAN-RX can0 02000000#0000
CAN-RX can0 00E#6E4621DF00000000
CAN-RX can0 02000000#0000
CAN-RX can0 790#CF80000020000000
CAN-RX can0 02000000#0000
CAN-RX can0 08300103#F7FF
CAN-RX can0 02000000#0000
CAN-RX can0 03C30F0F#87878787878787
CAN-RX can0 1C0C0200#1E
CAN-RX can0 02000000#0000
CAN-RX can0 08300103#FBFF
CAN-RX can0 02000000#0000
CAN-RX can0 00E#6E4621DF00000000
CAN-RX can0 1C2C0000#1C2316880A1A
CAN-RX can0 02000000#0000
CAN-RX can0 02000000#0000
CAN-RX can0 08300103#FCFF
CAN-RX can0 02000000#0000
CAN-RX can0 02000000#0000
CAN-RX can0 08300103#0600
CAN-RX can0 02000000#0000
CAN-RX can0 00E#6E4621DF00000000
CAN-RX can0 02000000#0000
CAN-RX can0 02000000#0000
CAN-RX can0 08300103#F9FF
CAN-RX can0 02000000#0000
CAN-RX can0 03C30F0F#87878787878787
CAN-RX can0 140C0201#0000
CAN-RX can0 02000000#0000
CAN-RX can0 08300103#0100
CAN-RX can0 02000000#0000
CAN-RX can0 00E#6E4621DF00000000
CAN-RX can0 02000000#0000
CAN-TX can0 78F#208000001F000000
CAN-RX can0 790#CF80000020000000
CAN-RX can0 02000000#0000
CAN-RX can0 08300103#F8FF
CAN-RX can0 02000000#0000
CAN-RX can0 02000000#0000
CAN-RX can0 08300103#0500
CAN-RX can0 02000000#0000
CAN-RX can0 00E#6E4621DF00000000
CAN-RX can0 02000000#0000
CAN-RX can0 02000000#0000
CAN-RX can0 1C300204#9AE505009AE50500
CAN-RX can0 08300103#1100
CAN-RX can0 02000000#0000
CAN-RX can0 03C30F0F#87878787878787
CAN-RX can0 02000000#0000
CAN-RX can0 14300200#0000
CAN-RX can0 08300103#F7FF
CAN-RX can0 02000000#0000
CAN-RX can0 00E#6E4621DF00000000
CAN-RX can0 02000000#0000
CAN-RX can0 02000000#0000
CAN-RX can0 08300103#FCFF
CAN-RX can0 02000000#0000
CAN-TX can0 78F#208000001F000000
CAN-RX can0 02000000#0000
CAN-RX can0 08300103#FAFF
CAN-RX can0 02000000#0000
CAN-RX can0 00E#6E4621DF00000000
CAN-RX can0 02000000#0000
CAN-RX can0 790#CF80000020000000
CAN-RX can0 02000000#0000
CAN-RX can0 08300103#F9FF
CAN-RX can0 02000000#0000
CAN-RX can0 03C30F0F#87878787878787
CAN-RX can0 02000000#0000
CAN-RX can0 08300103#FAFF
CAN-RX can0 02000000#0000
CAN-RX can0 00E#6E4621DF00000000
CAN-RX can0 02000000#0000
CAN-RX can0 02000000#0000
CAN-RX can0 08300103#FAFF
CAN-RX can0 02000000#0000
CAN-RX can0 140C0201#0000
CAN-RX can0 02000000#0000
CAN-RX can0 08300103#0300
CAN-RX can0 02000000#0000
CAN-RX can0 00E#6E4621DF00000000
CAN-RX can0 02000000#0000
CAN-RX can0 02000000#0000
CAN-RX can0 08300103#1500
CAN-RX can0 02000000#0000
CAN-RX can0 03C30F0F#87878787878787
CAN-RX can0 02000000#0000
CAN-RX can0 08300103#0000
CAN-RX can0 02000000#0000
CAN-RX can0 00E#6E4621DF00000000
CAN-TX can0 78F#208000001F000000
CAN-RX can0 02000000#0000
CAN-RX can0 790#CF80000020000000
CAN-RX can0 02000000#0000
CAN-RX can0 08300103#F7FF
CAN-RX can0 02000000#0000
CAN-RX can0 02000000#0000
CAN-RX can0 14300200#0000
CAN-RX can0 08300103#F2FF
CAN-RX can0 02000000#0000
CAN-RX can0 00E#6E4621DF00000000
CAN-RX can0 02000000#0000
CAN-RX can0 02000000#0000
CAN-RX can0 08300103#FCFF
CAN-RX can0 02000000#0000
CAN-RX can0 03C30F0F#87878787878787
CAN-RX can0 02000000#0000
CAN-RX can0 08300103#FBFF
CAN-RX can0 02000000#0000
CAN-RX can0 00E#6E4621DF00000000
CAN-RX can0 02000000#0000
CAN-RX can0 0C140300#C2
CAN-RX can0 02000000#0000
CAN-RX can0 08300103#0600
CAN-RX can0 02000000#0000
CAN-RX can0 02000000#0000
CAN-RX can0 08300103#0400
CAN-RX can0 02000000#0000
CAN-RX can0 00E#6E4621DF00000000
CAN-TX can0 78F#208000001F000000
CAN-RX can0 790#CF80000020000000
CAN-RX can0 02000000#0000
CAN-RX can0 02000000#0000
CAN-RX can0 08300103#1000
CAN-RX can0 02000000#0000
CAN-RX can0 03C30F0F#87878787878787
CAN-RX can0 140C0201#0000
CAN-RX can0 02000000#0000
CAN-RX can0 02000000#0000
CAN-RX can0 00E#6E4621DF00000000
CAN-RX can0 02000000#0000
CAN-RX can0 02000000#0000
CAN-RX can0 02000000#0000
CAN-RX can0 02000000#0000
CAN-RX can0 02000000#0000
CAN-RX can0 0C140200#C0
CAN-RX can0 00E#6E4621DF00000000
CAN-RX can0 02000000#0000
CAN-RX can0 02000000#0000
CAN-RX can0 08300103#FFFF
CAN-RX can0 02000000#0000
CAN-RX can0 03C30F0F#87878787878787
CAN-TX can0 78F#208000001F000000
CAN-RX can0 02000000#0000
CAN-RX can0 14300200#0000
CAN-RX can0 08300103#F9FF
CAN-RX can0 02000000#0000
CAN-RX can0 00E#6E4621DF00000000
CAN-RX can0 790#CF80000020000000
CAN-RX can0 02000000#0000
CAN-RX can0 02000000#0000
CAN-RX can0 08300103#0400
CAN-RX can0 02000000#0000
CAN-RX can0 02000000#0000
CAN-RX can0 08300103#0200
CAN-RX can0 02000000#0000
CAN-RX can0 0C140200#C1
CAN-RX can0 00E#6E4621DF00000000
CAN-RX can0 02000000#0000
CAN-RX can0 02000000#0000
CAN-RX can0 08300103#0600
CAN-RX can0 02000000#0000
CAN-RX can0 03C30F0F#87878787878787
CAN-RX can0 02000000#0000
CAN-RX can0 08300103#FFFF
CAN-RX can0 02000000#0000
CAN-RX can0 00E#6E4621DF00000000
CAN-RX can0 02000000#0000
CAN-RX can0 02000000#0000
CAN-RX can0 08300103#FAFF
CAN-RX can0 02000000#0000
CAN-RX can0 140C0201#0000
CAN-RX can0 02000000#0000
CAN-RX can0 08300103#0300
CAN-RX can0 02000000#0000
CAN-TX can0 78F#208000001F000000
CAN-RX can0 00E#6E4621DF00000000
CAN-RX can0 790#CF80000020000000
CAN-RX can0 02000000#0000
CAN-RX can0 02000000#0000
CAN-RX can0 08300103#1200
CAN-RX can0 02000000#0000
CAN-RX can0 03C30F0F#87878787878787
CAN-RX can0 02000000#0000
CAN-RX can0 08300103#F9FF
CAN-RX can0 02000000#0000
CAN-RX can0 00E#6E4621DF00000000
CAN-RX can0 02000000#0000
CAN-RX can0 02000000#0000
CAN-RX can0 08300103#0B00
CAN-RX can0 02000000#0000
CAN-RX can0 02000000#0000
CAN-RX can0 14300200#0000
CAN-RX can0 08300103#ECFF
CAN-RX can0 02000000#0000
CAN-RX can0 00E#6E4621DF00000000
CAN-RX can0 02000000#0000
CAN-RX can0 08300103#0100
CAN-RX can0 02000000#0000
CAN-RX can0 02000000#0000
CAN-RX can0 03C30F0F#87878787878787
CAN-RX can0 1C0C0200#1E
CAN-RX can0 02000000#0000
CAN-RX can0 08300103#F2FF
CAN-RX can0 02000000#0000
CAN-TX can0 78F#208000001F000000
CAN-RX can0 00E#6E4621DF00000000
CAN-RX can0 1C2C0000#1D2316880A1A
CAN-RX can0 790#CF80000020000000
CAN-RX can0 02000000#0000
CAN-RX can0 08300103#FBFF
CAN-RX can0 02000000#0000
CAN-RX can0 02000000#0000
CAN-RX can0 02000000#0000
CAN-RX can0 08300103#F6FF
CAN-RX can0 02000000#0000
CAN-RX can0 00E#6E4621DF00000000
CAN-RX can0 02000000#0000
CAN-RX can0 08300103#0000
CAN-RX can0 02000000#0000
CAN-RX can0 02000000#0000
CAN-RX can0 03C30F0F#87878787878787
CAN-RX can0 140C0201#0000
CAN-RX can0 02000000#0000
CAN-RX can0 08300103#0600
CAN-RX can0 02000000#0000
CAN-RX can0 00E#6E4621DF00000000
CAN-RX can0 02000000#0000
CAN-RX can0 08300103#F4FF
CAN-RX can0 02000000#0000
CAN-RX can0 02000000#0000
CAN-RX can0 02000000#0000
CAN-RX can0 08300103#FFFF
CAN-TX can0 78F#208000001F000000
CAN-RX can0 02000000#0000
CAN-RX can0 00E#6E4621DF00000000
CAN-RX can0 790#CF80000020000000
CAN-RX can0 02000000#0000
CAN-RX can0 08300103#EFFF
CAN-RX can0 02000000#0000
CAN-RX can0 02000000#0000
CAN-RX can0 03C30F0F#87878787878787
CAN-RX can0 1C300204#9AE505009AE50500
CAN-RX can0 02000000#0000
CAN-RX can0 14300200#0000
CAN-RX can0 08300103#0000
CAN-RX can0 02000000#0000
CAN-RX can0 00E#6E4621DF00000000
CAN-RX can0 02000000#0000
CAN-RX can0 08300103#FEFF
CAN-RX can0 02000000#0000
CAN-RX can0 02000000#0000
CAN-RX can0 02000000#0000
CAN-RX can0 08300103#1100
CAN-RX can0 02000000#0000
CAN-RX can0 00E#6E4621DF00000000
CAN-RX can0 02000000#0000
CAN-RX can0 08300103#0100
CAN-RX can0 02000000#0000
CAN-RX can0 02000000#0000
CAN-RX can0 03C30F0F#87878787878787
CAN-RX can0 02000000#0000
CAN-RX can0 08300103#0000
CAN-TX can0 78F#208000001F000000
CAN-RX can0 02000000#0000
CAN-RX can0 790#CF80000020000000
CAN-RX can0 00E#6E4621DF00000000
CAN-RX can0 02000000#0000
CAN-RX can0 08300103#0800
CAN-RX can0 02000000#0000
CAN-RX can0 02000000#0000
CAN-RX can0 140C0201#0000
CAN-RX can0 02000000#0000
CAN-RX can0 08300103#F9FF
CAN-RX can0 02000000#0000
CAN-RX can0 00E#6E4621DF00000000
CAN-RX can0 02000000#0000
CAN-RX can0 08300103#0000
CAN-RX can0 02000000#0000
CAN-RX can0 02000000#0000
CAN-RX can0 03C30F0F#87878787878787
CAN-RX can0 02000000#0000
CAN-RX can0 08300103#FBFF
CAN-RX can0 02000000#0000
CAN-RX can0 00E#6E4621DF00000000
CAN-RX can0 02000000#0000
CAN-RX can0 08300103#F8FF
CAN-RX can0 02000000#0000
CAN-TX can0 78F#208000001F000000
CAN-RX can0 02000000#0000
CAN-RX can0 02000000#0000
CAN-RX can0 14300200#0000
CAN-RX can0 08300103#F0FF
CAN-RX can0 02000000#0000
CAN-RX can0 790#CF80000020000000
CAN-RX can0 00E#6E4621DF00000000
CAN-RX can0 02000000#0000
CAN-RX can0 08300103#FBFF
CAN-RX can0 02000000#0000
CAN-RX can0 02000000#0000
CAN-RX can0 03C30F0F#87878787878787
CAN-RX can0 02000000#0000
CAN-RX can0 08300103#FAFF
CAN-RX can0 02000000#0000
CAN-RX can0 00E#6E4621DF00000000
CAN-RX can0 02000000#0000
CAN-RX can0 0C140300#C2
CAN-RX can0 08300103#0400
CAN-RX can0 02000000#0000
CAN-RX can0 02000000#0000
CAN-RX can0 02000000#0000
CAN-RX can0 08300103#0F00
CAN-RX can0 02000000#0000
CAN-RX can0 00E#6E4621DF00000000
CAN-RX can0 02000000#0000
CAN-RX can0 08300103#0300
CAN-RX can0 02000000#0000
CAN-RX can0 02000000#0000
CAN-RX can0 03C30F0F#87878787878787
CAN-RX can0 140C0201#0000
CAN-RX can0 02000000#0000
CAN-TX can0 78F#208000001F000000
CAN-RX can0 02000000#0000
CAN-RX can0 790#CF80000020000000
CAN-RX can0 00E#6E4621DF00000000
CAN-RX can0 02000000#0000
CAN-RX can0 02000000#0000
CAN-RX can0 02000000#0000
CAN-RX can0 02000000#0000
CAN-RX can0 02000000#0000
CAN-RX can0 0C140200#C0
CAN-RX can0 00E#6E4621DF00000000
CAN-RX can0 02000000#0000
CAN-RX can0 08300103#F8FF
CAN-RX can0 02000000#0000
CAN-RX can0 02000000#0000
CAN-RX can0 03C30F0F#87878787878787
CAN-RX can0 02000000#0000
CAN-RX can0 14300200#0000
CAN-RX can0 08300103#0400
CAN-RX can0 02000000#0000
CAN-RX can0 00E#6E4621DF00000000
CAN-RX can0 02000000#0000
CAN-RX can0 08300103#0900
CAN-RX can0 02000000#0000
CAN-TX can0 78F#208000001F000000
CAN-RX can0 02000000#0000
CAN-RX can0 02000000#0000
CAN-RX can0 08300103#EFFF
CAN-RX can0 02000000#0000
CAN-RX can0 0C140200#C1
CAN-RX can0 790#CF80000020000000
CAN-RX can0 00E#6E4621DF00000000
CAN-RX can0 02000000#0000
CAN-RX can0 08300103#FDFF
CAN-RX can0 02000000#0000
CAN-RX can0 02000000#0000
CAN-RX can0 03C30F0F#87878787878787
CAN-RX can0 02000000#0000
CAN-RX can0 08300103#F7FF
CAN-RX can0 02000000#0000
CAN-RX can0 00E#6E4621DF00000000
CAN-RX can0 02000000#0000
CAN-RX can0 08300103#FBFF
CAN-RX can0 02000000#0000
CAN-RX can0 02000000#0000
CAN-RX can0 140C0201#0000
CAN-RX can0 02000000#0000
CAN-RX can0 08300103#FEFF
CAN-RX can0 02000000#0000
CAN-RX can0 00E#6E4621DF00000000
CAN-RX can0 02000000#0000
CAN-RX can0 08300103#F1FF
CAN-RX can0 02000000#0000
CAN-RX can0 02000000#0000
CAN-RX can0 03C30F0F#87878787878787
CAN-RX can0 02000000#0000
CAN-RX can0 08300103#F9FF
CAN-TX can0 78F#208000001F000000
CAN-RX can0 02000000#0000
CAN-RX can0 00E#6E4621DF00000000
CAN-RX can0 790#CF80000020000000
CAN-RX can0 02000000#0000
CAN-RX can0 08300103#FBFF
CAN-RX can0 02000000#0000
CAN-RX can0 02000000#0000
CAN-RX can0 02000000#0000
CAN-RX can0 14300200#0000
CAN-RX can0 08300103#FCFF
CAN-RX can0 02000000#0000
CAN-RX can0 00E#6E4621DF00000000
CAN-RX can0 02000000#0000
CAN-RX can0 08300103#FCFF
CAN-RX can0 02000000#0000
CAN-RX can0 02000000#0000
CAN-RX can0 03C30F0F#87878787878787
CAN-RX can0 1C0C0200#1E
CAN-RX can0 02000000#0000
CAN-RX can0 08300103#0400
CAN-RX can0 02000000#0000
CAN-RX can0 00E#6E4621DF00000000
CAN-RX can0 1C2C0000#1E2316880A1A
CAN-RX can0 02000000#0000
CAN-RX can0 08300103#F8FF
CAN-RX can0 02000000#0000
CAN-RX can0 02000000#0000
CAN-RX can0 02000000#0000
CAN-RX can0 08300103#0200
CAN-TX can0 78F#208000001F000000
CAN-RX can0 02000000#0000
CAN-RX can0 00E#6E4621DF00000000
CAN-RX can0 790#CF80000020000000
CAN-RX can0 02000000#0000
CAN-RX can0 08300103#F7FF
CAN-RX can0 02000000#0000
CAN-RX can0 02000000#0000
CAN-RX can0 03C30F0F#87878787878787
CAN-RX can0 140C0201#0000
CAN-RX can0 02000000#0000
CAN-RX can0 08300103#0000
CAN-RX can0 02000000#0000
CAN-RX can0 00E#6E4621DF00000000
CAN-RX can0 02000000#0000
CAN-RX can0 08300103#F5FF
CAN-RX can0 02000000#0000
CAN-RX can0 02000000#0000
CAN-RX can0 02000000#0000
CAN-RX can0 08300103#E5FF
CAN-RX can0 02000000#0000
CAN-RX can0 00E#6E4621DF00000000
CAN-RX can0 02000000#0000
CAN-RX can0 08300103#FEFF
CAN-RX can0 02000000#0000
CAN-RX can0 02000000#0000
CAN-RX can0 03C30F0F#87878787878787
CAN-RX can0 02000000#0000
CAN-RX can0 14300200#0000
CAN-RX can0 08300103#F7FF
CAN-RX can0 1C300204#9AE505009AE50500
CAN-TX can0 78F#208000001F000000
CAN-RX can0 02000000#0000
CAN-RX can0 00E#6E4621DF00000000
CAN-RX can0 790#CF80000020000000
CAN-RX can0 02000000#0000
CAN-RX can0 08300103#0800
CAN-RX can0 02000000#0000
CAN-RX can0 02000000#0000
CAN-RX can0 02000000#0000
CAN-RX can0 08300103#0300
CAN-RX can0 02000000#0000
CAN-RX can0 00E#6E4621DF00000000
CAN-RX can0 02000000#0000
CAN-RX can0 08300103#0C00
CAN-RX can0 02000000#0000
CAN-RX can0 02000000#0000
CAN-RX can0 03C30F0F#87878787878787
CAN-RX can0 02000000#0000
CAN-RX can0 08300103#F5FF
CAN-RX can0 02000000#0000
CAN-RX can0 00E#6E4621DF00000000
CAN-RX can0 02000000#0000
CAN-RX can0 08300103#F2FF
CAN-RX can0 02000000#0000
CAN-RX can0 02000000#0000
CAN-RX can0 140C0201#0000
CAN-RX can0 02000000#0000
CAN-RX can0 08300103#FFFF
CAN-TX can0 78F#208000001F000000
CAN-RX can0 02000000#0000
CAN-RX can0 790#CF80000020000000
CAN-RX can0 00E#6E4621DF00000000
CAN-RX can0 02000000#0000
CAN-RX can0 08300103#1200
CAN-RX can0 02000000#0000
CAN-RX can0 02000000#0000
CAN-RX can0 03C30F0F#87878787878787
CAN-RX can0 02000000#0000
CAN-RX can0 08300103#0A00
CAN-RX can0 02000000#0000
CAN-RX can0 00E#6E4621DF00000000
CAN-RX can0 02000000#0000
CAN-RX can0 08300103#0000
CAN-RX can0 02000000#0000
CAN-RX can0 02000000#0000
CAN-RX can0 02000000#0000
CAN-RX can0 08300103#0500
CAN-RX can0 14300200#0000
CAN-RX can0 02000000#0000
CAN-RX can0 00E#6E4621DF00000000
CAN-RX can0 02000000#0000
CAN-RX can0 08300103#FCFF
CAN-RX can0 02000000#0000
CAN-RX can0 02000000#0000
CAN-RX can0 03C30F0F#87878787878787
CAN-RX can0 02000000#0000
CAN-RX can0 08300103#1100
CAN-TX can0 78F#208000001F000000
CAN-RX can0 02000000#0000
CAN-RX can0 790#CF80000020000000
CAN-RX can0 00E#6E4621DF00000000
CAN-RX can0 02000000#0000
CAN-RX can0 0C140300#C2
CAN-RX can0 08300103#0200
CAN-RX can0 02000000#0000
CAN-RX can0 02000000#0000
CAN-RX can0 02000000#0000
CAN-RX can0 08300103#0400
CAN-RX can0 02000000#0000
CAN-RX can0 00E#6E4621DF00000000
CAN-RX can0 02000000#0000
CAN-RX can0 08300103#F6FF
CAN-RX can0 02000000#0000
CAN-RX can0 02000000#0000
CAN-RX can0 03C30F0F#87878787878787
CAN-RX can0 140C0201#0000
CAN-RX can0 02000000#0000
CAN-RX can0 02000000#0000
CAN-RX can0 00E#6E4621DF00000000
CAN-RX can0 02000000#0000
CAN-RX can0 02000000#0000
CAN-RX can0 02000000#0000
CAN-RX can0 02000000#0000
CAN-TX can0 78F#208000001F000000
CAN-RX can0 790#CF80000020000000
CAN-RX can0 02000000#0000
CAN-RX can0 0C140200#C0
CAN-RX can0 00E#6E4621DF00000000
CAN-RX can0 02000000#0000
CAN-RX can0 08300103#0200
CAN-RX can0 02000000#0000
CAN-RX can0 02000000#0000
CAN-RX can0 03C30F0F#87878787878787
CAN-RX can0 02000000#0000
CAN-RX can0 08300103#0000
CAN-RX can0 14300200#0000
CAN-RX can0 02000000#0000
CAN-RX can0 00E#6E4621DF00000000
CAN-RX can0 02000000#0000
CAN-RX can0 08300103#F3FF
CAN-RX can0 02000000#0000
CAN-RX can0 02000000#0000
CAN-RX can0 02000000#0000
CAN-RX can0 08300103#F5FF
CAN-RX can0 02000000#0000
CAN-RX can0 0C140200#C1
CAN-RX can0 00E#6E4621DF00000000
CAN-RX can0 02000000#0000
CAN-RX can0 08300103#1600
CAN-RX can0 02000000#0000
CAN-RX can0 02000000#0000
CAN-RX can0 03C30F0F#87878787878787
CAN-RX can0 02000000#0000
CAN-RX can0 08300103#FFFF
CAN-TX can0 78F#208000001F000000
CAN-RX can0 790#CF80000020000000
CAN-RX can0 02000000#0000
CAN-RX can0 00E#6E4621DF00000000
CAN-RX can0 02000000#0000
CAN-RX can0 08300103#F8FF
CAN-RX can0 02000000#0000
CAN-RX can0 02000000#0000
CAN-RX can0 140C0201#0000
CAN-RX can0 02000000#0000
CAN-RX can0 08300103#0700
CAN-RX can0 02000000#0000
CAN-RX can0 00E#6E4621DF00000000
CAN-RX can0 02000000#0000
CAN-RX can0 08300103#0000
CAN-RX can0 02000000#0000
CAN-RX can0 02000000#0000
CAN-RX can0 03C30F0F#87878787878787
CAN-RX can0 02000000#0000
CAN-RX can0 08300103#FFFF
CAN-RX can0 02000000#0000
CAN-RX can0 00E#6E4621DF00000000
CAN-RX can0 02000000#0000
CAN-RX can0 08300103#FDFF
CAN-RX can0 02000000#0000
CAN-RX can0 02000000#0000
CAN-TX can0 78F#208000001F000000
CAN-RX can0 02000000#0000
CAN-RX can0 08300103#FCFF
CAN-RX can0 14300200#0000
CAN-RX can0 790#CF80000020000000
CAN-RX can0 02000000#0000
CAN-RX can0 00E#6E4621DF00000000
CAN-RX can0 02000000#0000
CAN-RX can0 08300103#0100
CAN-RX can0 02000000#0000
CAN-RX can0 02000000#0000
CAN-RX can0 03C30F0F#87878787878787
CAN-RX can0 1C0C0200#1E
CAN-RX can0 02000000#0000
CAN-RX can0 08300103#0700
CAN-RX can0 02000000#0000
CAN-RX can0 00E#6E4621DF00000000
CAN-RX can0 1C2C0000#1F2316880A1A
CAN-RX can0 02000000#0000
CAN-RX can0 08300103#FDFF
CAN-RX can0 02000000#0000
CAN-RX can0 02000000#0000
CAN-RX can0 08300103#F8FF
CAN-RX can0 02000000#0000
CAN-RX can0 02000000#0000
CAN-RX can0 00E#6E4621DF00000000
CAN-RX can0 02000000#0000
CAN-RX can0 08300103#0000
CAN-RX can0 02000000#0000
CAN-RX can0 02000000#0000
CAN-RX can0 03C30F0F#87878787878787
CAN-RX can0 140C0201#0000
CAN-TX can0 78F#208000001F000000
CAN-RX can0 08300103#FFFF
CAN-RX can0 02000000#0000
CAN-RX can0 790#CF80000020000000
CAN-RX can0 02000000#0000
CAN-RX can0 00E#6E4621DF00000000
CAN-RX can0 02000000#0000
CAN-RX can0 08300103#FEFF
CAN-RX can0 02000000#0000
CAN-RX can0 02000000#0000
CAN-RX can0 08300103#0F00
CAN-RX can0 02000000#0000
CAN-RX can0 02000000#0000
CAN-RX can0 00E#6E4621DF00000000
CAN-RX can0 02000000#0000
CAN-RX can0 08300103#F5FF
CAN-RX can0 02000000#0000
CAN-RX can0 02000000#0000
CAN-RX can0 03C30F0F#87878787878787
CAN-RX can0 08300103#F6FF
CAN-RX can0 02000000#0000
CAN-RX can0 14300200#0000
CAN-RX can0 02000000#0000
CAN-RX can0 1C300204#9AE505009AE50500
CAN-RX can0 00E#6E4621DF00000000
CAN-RX can0 02000000#0000
CAN-RX can0 08300103#F1FF
CAN-RX can0 02000000#0000
CAN-RX can0 02000000#0000
CAN-TX can0 78F#208000001F000000
CAN-RX can0 08300103#F6FF
CAN-RX can0 02000000#0000
CAN-RX can0 790#CF80000020000000
CAN-RX can0 02000000#0000
CAN-RX can0 00E#6E4621DF00000000
CAN-RX can0 02000000#0000
CAN-RX can0 08300103#0200
CAN-RX can0 02000000#0000
CAN-RX can0 02000000#0000
CAN-RX can0 03C30F0F#87878787878787
CAN-RX can0 08300103#F6FF
CAN-RX can0 02000000#0000
CAN-RX can0 02000000#0000
CAN-RX can0 00E#6E4621DF00000000
CAN-RX can0 02000000#0000
CAN-RX can0 08300103#F0FF
CAN-RX can0 02000000#0000
CAN-RX can0 02000000#0000
CAN-RX can0 140C0201#0000
CAN-RX can0 08300103#0D00
CAN-RX can0 02000000#0000
CAN-RX can0 02000000#0000
CAN-RX can0 00E#6E4621DF00000000
CAN-RX can0 02000000#0000
CAN-RX can0 08300103#FDFF
CAN-RX can0 02000000#0000
CAN-RX can0 02000000#0000
CAN-RX can0 03C30F0F#87878787878787
CAN-TX can0 78F#208000001F000000
CAN-RX can0 08300103#0500
CAN-RX can0 02000000#0000
CAN-RX can0 790#CF80000020000000
CAN-RX can0 02000000#0000
CAN-RX can0 00E#6E4621DF00000000
CAN-RX can0 02000000#0000
CAN-RX can0 08300103#0300
CAN-RX can0 02000000#0000
CAN-RX can0 02000000#0000
CAN-RX can0 08300103#0900
CAN-RX can0 02000000#0000
CAN-RX can0 14300200#0000
CAN-RX can0 02000000#0000
CAN-RX can0 00E#6E4621DF00000000
CAN-RX can0 02000000#0000
CAN-RX can0 08300103#0200
CAN-RX can0 02000000#0000
CAN-RX can0 02000000#0000
CAN-RX can0 03C30F0F#87878787878787
CAN-RX can0 08300103#0600
CAN-RX can0 02000000#0000
CAN-RX can0 02000000#0000
CAN-RX can0 00E#6E4621DF00000000
CAN-RX can0 02000000#0000
CAN-RX can0 0C140300#C2
CAN-RX can0 08300103#0100
CAN-RX can0 02000000#0000
CAN-RX can0 02000000#0000
CAN-TX can0 78F#208000001F000000
CAN-RX can0 790#CF80000020000000
CAN-RX can0 08300103#0000
CAN-RX can0 02000000#0000
CAN-RX can0 02000000#0000
CAN-RX can0 00E#6E4621DF00000000
CAN-RX can0 02000000#0000
CAN-RX can0 08300103#F4FF
CAN-RX can0 02000000#0000
CAN-RX can0 02000000#0000
CAN-RX can0 03C30F0F#87878787878787
CAN-RX can0 140C0201#0000
CAN-RX can0 02000000#0000
CAN-RX can0 02000000#0000
CAN-RX can0 00E#6E4621DF00000000
CAN-RX can0 02000000#0000
CAN-RX can0 02000000#0000
CAN-RX can0 02000000#0000
CAN-RX can0 02000000#0000
CAN-RX can0 02000000#0000
CAN-RX can0 0C140200#C0
CAN-RX can0 00E#6E4621DF00000000
CAN-TX can0 78F#208000001F000000
CAN-RX can0 02000000#0000
CAN-RX can0 08300103#FBFF
CAN-RX can0 02000000#0000
CAN-RX can0 02000000#0000
CAN-RX can0 03C30F0F#87878787878787
CAN-RX can0 790#CF80000020000000
CAN-RX can0 08300103#FFFF
CAN-RX can0 02000000#0000
CAN-RX can0 14300200#0000
CAN-RX can0 02000000#0000
CAN-RX can0 00E#6E4621DF00000000
CAN-RX can0 02000000#0000
CAN-RX can0 08300103#0000
CAN-RX can0 02000000#0000
CAN-RX can0 02000000#0000
CAN-RX can0 08300103#0100
CAN-RX can0 02000000#0000
CAN-RX can0 02000000#0000
CAN-RX can0 0C140200#C1
CAN-RX can0 00E#6E4621DF00000000
CAN-RX can0 02000000#0000
CAN-RX can0 08300103#1200
CAN-RX can0 02000000#0000
CAN-RX can0 02000000#0000
CAN-RX can0 03C30F0F#87878787878787
CAN-RX can0 08300103#0300
CAN-RX can0 02000000#0000
CAN-RX can0 02000000#0000
CAN-RX can0 00E#6E4621DF00000000
CAN-TX can0 78F#208000001F000000
CAN-RX can0 02000000#0000
CAN-RX can0 08300103#FFFF
CAN-RX can0 02000000#0000
CAN-RX can0 02000000#0000
CAN-RX can0 140C0201#0000
CAN-RX can0 790#CF80000020000000
CAN-RX can0 08300103#0E00
CAN-RX can0 02000000#0000
CAN-RX can0 02000000#0000
CAN-RX can0 00E#6E4621DF00000000
CAN-RX can0 02000000#0000
CAN-RX can0 08300103#FAFF
CAN-RX can0 02000000#0000
CAN-RX can0 02000000#0000
CAN-RX can0 03C30F0F#87878787878787
CAN-RX can0 08300103#FEFF
CAN-RX can0 02000000#0000
CAN-RX can0 02000000#0000
CAN-RX can0 00E#6E4621DF00000000
CAN-RX can0 02000000#0000
CAN-RX can0 08300103#0600
CAN-RX can0 02000000#0000
CAN-RX can0 02000000#0000
CAN-RX can0 08300103#F5FF
CAN-RX can0 02000000#0000
CAN-RX can0 14300200#0000
CAN-RX can0 02000000#0000
CAN-RX can0 00E#6E4621DF00000000
CAN-RX can0 02000000#0000
CAN-RX can0 08300103#F4FF
CAN-RX can0 02000000#0000
CAN-TX can0 78F#208000001F000000
CAN-RX can0 02000000#0000
CAN-RX can0 03C30F0F#87878787878787
CAN-RX can0 1C0C0200#1E
CAN-RX can0 790#CF80000020000000
CAN-RX can0 08300103#FEFF
CAN-RX can0 02000000#0000
CAN-RX can0 02000000#0000
CAN-RX can0 00E#6E4621DF00000000
CAN-RX can0 1C2C0000#202316880A1A
CAN-RX can0 02000000#0000
CAN-RX can0 08300103#0200
CAN-RX can0 02000000#0000
CAN-RX can0 02000000#0000
CAN-RX can0 08300103#0A00
CAN-RX can0 02000000#0000
CAN-RX can0 02000000#0000
CAN-RX can0 00E#6E4621DF00000000
CAN-RX can0 02000000#0000
CAN-RX can0 08300103#0700
CAN-RX can0 02000000#0000
CAN-RX can0 02000000#0000
CAN-RX can0 03C30F0F#87878787878787
CAN-RX can0 140C0201#0000
CAN-RX can0 08300103#0900
CAN-RX can0 02000000#0000
CAN-RX can0 02000000#0000
CAN-RX can0 00E#6E4621DF00000000
CAN-RX can0 02000000#0000
CAN-RX can0 08300103#F3FF
CAN-RX can0 02000000#0000
CAN-TX can0 78F#208000001F000000
CAN-RX can0 02000000#0000
CAN-RX can0 790#CF80000020000000
CAN-RX can0 08300103#F2FF
CAN-RX can0 02000000#0000
CAN-RX can0 02000000#0000
CAN-RX can0 00E#6E4621DF00000000
CAN-RX can0 02000000#0000
CAN-RX can0 08300103#0300
CAN-RX can0 02000000#0000
CAN-RX can0 02000000#0000
CAN-RX can0 03C30F0F#87878787878787
CAN-RX can0 08300103#FBFF
CAN-RX can0 02000000#0000
CAN-RX can0 14300200#0000
CAN-RX can0 02000000#0000
CAN-RX can0 00E#6E4621DF00000000
CAN-RX can0 02000000#0000
CAN-RX can0 1C300204#9AE505009AE50500
CAN-RX can0 08300103#EFFF
CAN-RX can0 02000000#0000
CAN-RX can0 02000000#0000
CAN-RX can0 08300103#F0FF
CAN-RX can0 02000000#0000
CAN-RX can0 02000000#0000
CAN-RX can0 00E#6E4621DF00000000
CAN-RX can0 02000000#0000
CAN-RX can0 08300103#0200
CAN-RX can0 02000000#0000
CAN-TX can0 78F#208000001F000000
CAN-RX can0 790#CF80000020000000
CAN-RX can0 02000000#0000
CAN-RX can0 03C30F0F#87878787878787
CAN-RX can0 08300103#F5FF
CAN-RX can0 02000000#0000
CAN-RX can0 02000000#0000
CAN-RX can0 00E#6E4621DF00000000
CAN-RX can0 02000000#0000
CAN-RX can0 08300103#0200
CAN-RX can0 02000000#0000
CAN-RX can0 02000000#0000
CAN-RX can0 140C0201#0000
CAN-RX can0 08300103#F9FF
CAN-RX can0 02000000#0000
CAN-RX can0 02000000#0000
CAN-RX can0 00E#6E4621DF00000000
CAN-RX can0 02000000#0000
CAN-RX can0 08300103#1000
CAN-RX can0 02000000#0000
CAN-RX can0 02000000#0000
CAN-RX can0 03C30F0F#87878787878787
CAN-RX can0 08300103#0300
CAN-RX can0 02000000#0000
CAN-RX can0 02000000#0000
CAN-RX can0 00E#6E4621DF00000000
CAN-RX can0 02000000#0000
CAN-RX can0 08300103#0200
CAN-RX can0 02000000#0000
CAN-TX can0 78F#208000001F000000
CAN-RX can0 790#CF80000020000000
CAN-RX can0 02000000#0000
CAN-RX can0 08300103#0000
CAN-RX can0 02000000#0000
CAN-RX can0 14300200#0000
CAN-RX can0 02000000#0000
CAN-RX can0 00E#6E4621DF00000000
CAN-RX can0 02000000#0000
CAN-RX can0 08300103#0200
CAN-RX can0 02000000#0000
CAN-RX can0 02000000#0000
CAN-RX can0 03C30F0F#87878787878787
CAN-RX can0 08300103#0100
CAN-RX can0 02000000#0000
CAN-RX can0 02000000#0000
CAN-RX can0 00E#6E4621DF00000000
CAN-RX can0 02000000#0000
CAN-RX can0 08300103#F8FF
CAN-RX can0 0C140300#C2
CAN-RX can0 02000000#0000
CAN-RX can0 02000000#0000
CAN-RX can0 08300103#0500
CAN-RX can0 02000000#0000
CAN-RX can0 02000000#0000
CAN-RX can0 00E#6E4621DF00000000
CAN-RX can0 02000000#0000
CAN-RX can0 08300103#0600
CAN-TX can0 78F#208000001F000000
CAN-RX can0 02000000#0000
CAN-RX can0 790#CF80000020000000
CAN-RX can0 02000000#0000
CAN-RX can0 03C30F0F#87878787878787
CAN-RX can0 140C0201#0000
CAN-RX can0 02000000#0000
CAN-RX can0 02000000#0000
CAN-RX can0 00E#6E4621DF00000000
CAN-RX can0 02000000#0000
CAN-RX can0 02000000#0000
CAN-RX can0 02000000#0000
CAN-RX can0 02000000#0000
CAN-RX can0 02000000#0000
CAN-RX can0 0C140200#C0
CAN-RX can0 00E#6E4621DF00000000
CAN-RX can0 02000000#0000
CAN-RX can0 08300103#FFFF
CAN-RX can0 02000000#0000
CAN-RX can0 02000000#0000
CAN-RX can0 03C30F0F#87878787878787
CAN-RX can0 08300103#FCFF
CAN-RX can0 02000000#0000
CAN-RX can0 14300200#0000
CAN-RX can0 02000000#0000
CAN-RX can0 00E#6E4621DF00000000
CAN-RX can0 02000000#0000
CAN-RX can0 08300103#F7FF
CAN-TX can0 78F#208000001F000000
CAN-RX can0 02000000#0000
CAN-RX can0 790#CF80000020000000
CAN-RX can0 02000000#0000
CAN-RX can0 08300103#0000
CAN-RX can0 02000000#0000
CAN-RX can0 02000000#0000
CAN-RX can0 0C140200#C1
CAN-RX can0 00E#6E4621DF00000000
CAN-RX can0 02000000#0000
CAN-RX can0 08300103#0800
CAN-RX can0 02000000#0000
CAN-RX can0 02000000#0000
CAN-RX can0 03C30F0F#87878787878787
CAN-RX can0 08300103#ECFF
CAN-RX can0 02000000#0000
CAN-RX can0 02000000#0000
CAN-RX can0 00E#6E4621DF00000000
CAN-RX can0 02000000#0000
CAN-RX can0 08300103#0100
CAN-RX can0 02000000#0000
CAN-RX can0 02000000#0000
CAN-RX can0 140C0201#0000
CAN-RX can0 08300103#EEFF
CAN-RX can0 02000000#0000
CAN-RX can0 02000000#0000
CAN-RX can0 00E#6E4621DF00000000
CAN-RX can0 02000000#0000
CAN-RX can0 08300103#0600
CAN-TX can0 78F#208000001F000000
CAN-RX can0 02000000#0000
CAN-RX can0 790#CF80000020000000
CAN-RX can0 02000000#0000
CAN-RX can0 03C30F0F#87878787878787
CAN-RX can0 08300103#0200
CAN-RX can0 02000000#0000
CAN-RX can0 02000000#0000
CAN-RX can0 00E#6E4621DF00000000
CAN-RX can0 02000000#0000
CAN-RX can0 08300103#F8FF
CAN-RX can0 02000000#0000
CAN-RX can0 02000000#0000
CAN-RX can0 08300103#0100
CAN-RX can0 02000000#0000
CAN-RX can0 14300200#0000
CAN-RX can0 02000000#0000
CAN-RX can0 00E#6E4621DF00000000
CAN-RX can0 02000000#0000
CAN-RX can0 08300103#0100
CAN-RX can0 02000000#0000
CAN-RX can0 02000000#0000
CAN-RX can0 03C30F0F#87878787878787
CAN-RX can0 1C0C0200#1E
CAN-RX can0 08300103#0700
CAN-RX can0 02000000#0000
CAN-RX can0 02000000#0000
CAN-RX can0 00E#6E4621DF00000000
CAN-RX can0 1C2C0000#212316880A1A
CAN-RX can0 08300103#0D00
CAN-RX can0 02000000#0000
CAN-TX can0 78F#208000001F000000
CAN-RX can0 790#CF80000020000000
CAN-RX can0 02000000#0000
CAN-RX can0 02000000#0000
CAN-RX can0 08300103#FEFF
CAN-RX can0 02000000#0000
CAN-RX can0 02000000#0000
CAN-RX can0 00E#6E4621DF00000000
CAN-RX can0 08300103#F9FF
CAN-RX can0 02000000#0000
CAN-RX can0 02000000#0000
CAN-RX can0 02000000#0000
CAN-RX can0 03C30F0F#87878787878787
CAN-RX can0 140C0201#0000
CAN-RX can0 08300103#FBFF
CAN-RX can0 02000000#0000
CAN-RX can0 02000000#0000
CAN-RX can0 00E#6E4621DF00000000
CAN-RX can0 08300103#F9FF
CAN-RX can0 02000000#0000
CAN-RX can0 02000000#0000
CAN-RX can0 02000000#0000
CAN-RX can0 08300103#0100
CAN-TX can0 78F#208000001F000000
CAN-RX can0 02000000#0000
CAN-RX can0 02000000#0000
CAN-RX can0 00E#6E4621DF00000000
CAN-RX can0 08300103#0200
CAN-RX can0 02000000#0000
CAN-RX can0 790#CF80000020000000
CAN-RX can0 02000000#0000
CAN-RX can0 02000000#0000
CAN-RX can0 03C30F0F#87878787878787
CAN-RX can0 08300103#0400
CAN-RX can0 02000000#0000
CAN-RX can0 14300200#0000
CAN-RX can0 02000000#0000
CAN-RX can0 00E#6E4621DF00000000
CAN-RX can0 08300103#F5FF
CAN-RX can0 02000000#0000
CAN-RX can0 02000000#0000
CAN-RX can0 1C300204#9AE505009AE50500
CAN-RX can0 02000000#0000
CAN-RX can0 08300103#FCFF
CAN-RX can0 02000000#0000
CAN-RX can0 02000000#0000
CAN-RX can0 00E#6E4621DF00000000
CAN-RX can0 08300103#F3FF
CAN-RX can0 02000000#0000
CAN-RX can0 02000000#0000
CAN-RX can0 02000000#0000
CAN-RX can0 03C30F0F#87878787878787
CAN-RX can0 08300103#0700
CAN-RX can0 02000000#0000
CAN-RX can0 02000000#0000
CAN-RX can0 00E#6E4621DF00000000
CAN-RX can0 08300103#0600
CAN-RX can0 02000000#0000
CAN-TX can0 78F#208000001F000000
CAN-RX can0 790#CF80000020000000
CAN-RX can0 02000000#0000
CAN-RX can0 02000000#0000
CAN-RX can0 140C0201#0000
CAN-RX can0 08300103#0400
CAN-RX can0 02000000#0000
CAN-RX can0 02000000#0000
CAN-RX can0 00E#6E4621DF00000000
CAN-RX can0 08300103#0700
CAN-RX can0 02000000#0000
CAN-RX can0 02000000#0000
CAN-RX can0 02000000#0000
CAN-RX can0 03C30F0F#87878787878787
CAN-RX can0 08300103#0300
CAN-RX can0 02000000#0000
CAN-RX can0 02000000#0000
CAN-RX can0 00E#6E4621DF00000000
CAN-RX can0 08300103#F1FF
CAN-RX can0 02000000#0000
CAN-RX can0 02000000#0000
CAN-RX can0 02000000#0000
CAN-RX can0 08300103#EAFF
CAN-RX can0 02000000#0000
CAN-RX can0 14300200#0000
CAN-RX can0 02000000#0000
CAN-RX can0 00E#6E4621DF00000000
CAN-RX can0 08300103#0100
CAN-RX can0 02000000#0000
CAN-TX can0 78F#208000001F000000
CAN-RX can0 790#CF80000020000000
CAN-RX can0 02000000#0000
CAN-RX can0 02000000#0000
CAN-RX can0 03C30F0F#87878787878787
CAN-RX can0 08300103#0B00
CAN-RX can0 02000000#0000
CAN-RX can0 02000000#0000
CAN-RX can0 00E#6E4621DF00000000
CAN-RX can0 08300103#F6FF
CAN-RX can0 02000000#0000
CAN-RX can0 0C140300#C2
CAN-RX can0 02000000#0000
CAN-RX can0 02000000#0000
CAN-RX can0 08300103#0900
CAN-RX can0 02000000#0000
CAN-RX can0 02000000#0000
CAN-RX can0 00E#6E4621DF00000000
CAN-RX can0 08300103#FCFF
CAN-RX can0 02000000#0000
CAN-RX can0 02000000#0000
CAN-RX can0 02000000#0000
CAN-RX can0 03C30F0F#87878787878787
CAN-RX can0 140C0201#0000
CAN-RX can0 02000000#0000
CAN-RX can0 02000000#0000
CAN-RX can0 00E#6E4621DF00000000
CAN-TX can0 78F#208000001F000000
CAN-RX can0 02000000#0000
CAN-RX can0 790#CF80000020000000
CAN-RX can0 02000000#0000
CAN-RX can0 02000000#0000
CAN-RX can0 02000000#0000
CAN-RX can0 02000000#0000
CAN-RX can0 0C140200#C0
CAN-RX can0 00E#6E4621DF00000000
CAN-RX can0 08300103#FDFF
CAN-RX can0 02000000#0000
CAN-RX can0 02000000#0000
CAN-RX can0 02000000#0000
CAN-RX can0 03C30F0F#87878787878787
CAN-RX can0 08300103#0B00
CAN-RX can0 02000000#0000
CAN-RX can0 14300200#0000
CAN-RX can0 02000000#0000
CAN-RX can0 00E#6E4621DF00000000
CAN-RX can0 08300103#F7FF
CAN-RX can0 02000000#0000
CAN-RX can0 02000000#0000
CAN-RX can0 02000000#0000
CAN-RX can0 08300103#FAFF
CAN-RX can0 02000000#0000
CAN-RX can0 02000000#0000
CAN-RX can0 0C140200#C1
CAN-TX can0 78F#208000001F000000
CAN-RX can0 00E#6E4621DF00000000
CAN-RX can0 08300103#F8FF
CAN-RX can0 02000000#0000
CAN-RX can0 790#CF80000020000000
CAN-RX can0 02000000#0000
CAN-RX can0 02000000#0000
CAN-RX can0 03C30F0F#87878787878787
CAN-RX can0 08300103#FEFF
CAN-RX can0 02000000#0000
CAN-RX can0 02000000#0000
CAN-RX can0 00E#6E4621DF00000000
CAN-RX can0 08300103#0F00
CAN-RX can0 02000000#0000
CAN-RX can0 02000000#0000
CAN-RX can0 02000000#0000
CAN-RX can0 140C0201#0000
CAN-RX can0 08300103#0000
CAN-RX can0 02000000#0000
CAN-RX can0 02000000#0000
CAN-RX can0 00E#6E4621DF00000000
CAN-RX can0 08300103#F0FF
CAN-RX can0 02000000#0000
CAN-RX can0 02000000#0000
CAN-RX can0 02000000#0000
CAN-RX can0 03C30F0F#87878787878787
CAN-RX can0 08300103#FDFF
CAN-RX can0 02000000#0000
CAN-RX can0 02000000#0000
CAN-TX can0 78F#208000001F000000
CAN-RX can0 00E#6E4621DF00000000
CAN-RX can0 08300103#0100
CAN-RX can0 02000000#0000
CAN-RX can0 790#CF80000020000000
CAN-RX can0 02000000#0000
CAN-RX can0 02000000#0000
CAN-RX can0 08300103#0200
CAN-RX can0 02000000#0000
CAN-RX can0 14300200#0000
CAN-RX can0 02000000#0000
CAN-RX can0 00E#6E4621DF00000000
CAN-RX can0 08300103#F4FF
CAN-RX can0 02000000#0000
CAN-RX can0 02000000#0000
CAN-RX can0 02000000#0000
CAN-RX can0 03C30F0F#87878787878787
CAN-RX can0 1C0C0200#1E
CAN-RX can0 08300103#0A00
CAN-RX can0 02000000#0000
CAN-RX can0 02000000#0000
CAN-RX can0 00E#6E4621DF00000000
CAN-RX can0 1C2C0000#222316880A1A
CAN-RX can0 08300103#0A00
CAN-RX can0 02000000#0000
CAN-RX can0 02000000#0000
CAN-RX can0 02000000#0000
CAN-RX can0 08300103#F8FF
CAN-RX can0 02000000#0000
CAN-RX can0 02000000#0000
CAN-TX can0 78F#208000001F000000
CAN-RX can0 00E#6E4621DF00000000
CAN-RX can0 08300103#FEFF
CAN-RX can0 790#CF80000020000000
CAN-RX can0 02000000#0000
CAN-RX can0 02000000#0000
CAN-RX can0 02000000#0000
CAN-RX can0 03C30F0F#87878787878787
CAN-RX can0 140C0201#0000
CAN-RX can0 08300103#0500
CAN-RX can0 02000000#0000
CAN-RX can0 02000000#0000
CAN-RX can0 00E#6E4621DF00000000
CAN-RX can0 08300103#0600
CAN-RX can0 02000000#0000
CAN-RX can0 02000000#0000
CAN-RX can0 02000000#0000
CAN-RX can0 08300103#F5FF
CAN-RX can0 02000000#0000
CAN-RX can0 02000000#0000
CAN-RX can0 00E#6E4621DF00000000
CAN-RX can0 08300103#FFFF
CAN-RX can0 02000000#0000
CAN-RX can0 02000000#0000
CAN-RX can0 02000000#0000
CAN-RX can0 03C30F0F#87878787878787
CAN-RX can0 08300103#0000
CAN-RX can0 02000000#0000
CAN-RX can0 14300200#0000
CAN-RX can0 02000000#0000
CAN-TX can0 78F#208000001F000000
CAN-RX can0 00E#6E4621DF00000000
CAN-RX can0 08300103#FAFF
CAN-RX can0 790#CF80000020000000
CAN-RX can0 02000000#0000
CAN-RX can0 02000000#0000
CAN-RX can0 02000000#0000
CAN-RX can0 1C300204#9AE505009AE50500
CAN-RX can0 08300103#FEFF
CAN-RX can0 02000000#0000
CAN-RX can0 02000000#0000
CAN-RX can0 00E#6E4621DF00000000
CAN-RX can0 08300103#F4FF
CAN-RX can0 02000000#0000
CAN-RX can0 02000000#0000
CAN-RX can0 02000000#0000
CAN-RX can0 03C30F0F#87878787878787
CAN-RX can0 08300103#0100
CAN-RX can0 02000000#0000
CAN-RX can0 02000000#0000
CAN-RX can0 00E#6E4621DF00000000
CAN-RX can0 08300103#F4FF
CAN-RX can0 02000000#0000
CAN-RX can0 02000000#0000
CAN-RX can0 02000000#0000
CAN-RX can0 140C0201#0000
CAN-RX can0 08300103#F6FF
CAN-RX can0 02000000#0000
CAN-TX can0 78F#208000001F000000
CAN-RX can0 02000000#0000
CAN-RX can0 00E#6E4621DF00000000
CAN-RX can0 790#CF80000020000000
CAN-RX can0 08300103#0300
CAN-RX can0 02000000#0000
CAN-RX can0 02000000#0000
CAN-RX can0 02000000#0000
CAN-RX can0 03C30F0F#87878787878787
CAN-RX can0 08300103#FFFF
CAN-RX can0 02000000#0000
CAN-RX can0 02000000#0000
CAN-RX can0 00E#6E4621DF00000000
CAN-RX can0 08300103#0400
CAN-RX can0 02000000#0000
CAN-RX can0 02000000#0000
CAN-RX can0 02000000#0000
CAN-RX can0 08300103#0200
CAN-RX can0 02000000#0000
CAN-RX can0 14300200#0000
CAN-RX can0 02000000#0000
CAN-RX can0 00E#6E4621DF00000000
CAN-RX can0 08300103#FCFF
CAN-RX can0 02000000#0000
CAN-RX can0 02000000#0000
CAN-RX can0 02000000#0000
CAN-RX can0 03C30F0F#87878787878787
CAN-RX can0 08300103#1500
CAN-RX can0 02000000#0000
CAN-TX can0 78F#208000001F000000
CAN-RX can0 02000000#0000
CAN-RX can0 790#CF80000020000000
CAN-RX can0 00E#6E4621DF00000000
CAN-RX can0 08300103#0600
CAN-RX can0 02000000#0000
CAN-RX can0 0C140300#C2
CAN-RX can0 02000000#0000
CAN-RX can0 02000000#0000
CAN-RX can0 08300103#0200
CAN-RX can0 02000000#0000
CAN-RX can0 02000000#0000
CAN-RX can0 00E#6E4621DF00000000
CAN-RX can0 08300103#F4FF
CAN-RX can0 02000000#0000
CAN-RX can0 02000000#0000
CAN-RX can0 02000000#0000
CAN-RX can0 03C30F0F#87878787878787
CAN-RX can0 140C0201#0000
CAN-RX can0 02000000#0000
CAN-RX can0 02000000#0000
CAN-RX can0 00E#6E4621DF00000000
CAN-RX can0 02000000#0000
CAN-RX can0 02000000#0000
CAN-TX can0 78F#208000001F000000
CAN-RX can0 02000000#0000
CAN-RX can0 02000000#0000
CAN-RX can0 02000000#0000
CAN-RX can0 0C140200#C0
CAN-RX can0 790#CF80000020000000
CAN-RX can0 00E#6E4621DF00000000
CAN-RX can0 08300103#0000
CAN-RX can0 02000000#0000
CAN-RX can0 02000000#0000
CAN-RX can0 02000000#0000
CAN-RX can0 03C30F0F#87878787878787
CAN-RX can0 08300103#FAFF
CAN-RX can0 02000000#0000
CAN-RX can0 14300200#0000
CAN-RX can0 02000000#0000
CAN-RX can0 00E#6E4621DF00000000
CAN-RX can0 08300103#0000
CAN-RX can0 02000000#0000
CAN-RX can0 02000000#0000
CAN-RX can0 02000000#0000
CAN-RX can0 08300103#FAFF
CAN-RX can0 02000000#0000
CAN-RX can0 02000000#0000
CAN-RX can0 0C140200#C1
CAN-RX can0 00E#6E4621DF00000000
CAN-RX can0 08300103#0700
CAN-RX can0 02000000#0000
CAN-RX can0 02000000#0000
CAN-RX can0 02000000#0000
CAN-RX can0 03C30F0F#87878787878787
CAN-RX can0 08300103#0000
CAN-RX can0 02000000#0000
CAN-TX can0 78F#208000001F000000
CAN-RX can0 02000000#0000
CAN-RX can0 00E#6E4621DF00000000
CAN-RX can0 790#CF80000020000000
CAN-RX can0 08300103#0700
CAN-RX can0 02000000#0000
CAN-RX can0 02000000#0000
CAN-RX can0 02000000#0000
CAN-RX can0 08300103#0800
CAN-RX can0 140C0201#0000
CAN-RX can0 02000000#0000
CAN-RX can0 02000000#0000
CAN-RX can0 00E#6E4621DF00000000
CAN-RX can0 08300103#0C00
CAN-RX can0 02000000#0000
CAN-RX can0 02000000#0000
CAN-RX can0 02000000#0000
CAN-RX can0 03C30F0F#87878787878787
CAN-RX can0 08300103#FEFF
CAN-RX can0 02000000#0000
CAN-RX can0 02000000#0000
CAN-RX can0 00E#6E4621DF00000000
CAN-RX can0 08300103#FCFF
CAN-RX can0 02000000#0000
CAN-RX can0 02000000#0000
CAN-RX can0 02000000#0000
CAN-RX can0 08300103#F9FF
CAN-RX can0 02000000#0000
CAN-RX can0 14300200#0000
CAN-TX can0 78F#208000001F000000
CAN-RX can0 02000000#0000
CAN-RX can0 00E#6E4621DF00000000
CAN-RX can0 790#CF80000020000000
CAN-RX can0 08300103#0800
CAN-RX can0 02000000#0000
CAN-RX can0 02000000#0000
CAN-RX can0 02000000#0000
CAN-RX can0 03C30F0F#87878787878787
CAN-RX can0 08300103#1100
CAN-RX can0 1C0C0200#1E
CAN-RX can0 02000000#0000
CAN-RX can0 02000000#0000
CAN-RX can0 00E#6E4621DF00000000
CAN-RX can0 08300103#FBFF
CAN-RX can0 1C2C0000#232316880A1A
CAN-RX can0 02000000#0000
CAN-RX can0 02000000#0000
CAN-RX can0 08300103#0000
CAN-RX can0 02000000#0000
CAN-RX can0 02000000#0000
CAN-RX can0 02000000#0000
CAN-RX can0 00E#6E4621DF00000000
CAN-RX can0 08300103#FDFF
CAN-RX can0 02000000#0000
CAN-RX can0 02000000#0000
CAN-RX can0 08300103#FEFF
CAN-RX can0 02000000#0000
CAN-RX can0 03C30F0F#87878787878787
CAN-RX can0 140C0201#0000
CAN-RX can0 02000000#0000
CAN-TX can0 78F#208000001F000000
CAN-RX can0 02000000#0000
CAN-RX can0 790#CF80000020000000
CAN-RX can0 00E#6E4621DF00000000
CAN-RX can0 08300103#0500
CAN-RX can0 02000000#0000
CAN-RX can0 02000000#0000
CAN-RX can0 08300103#0300
CAN-RX can0 02000000#0000
CAN-RX can0 02000000#0000
CAN-RX can0 02000000#0000
CAN-RX can0 00E#6E4621DF00000000
CAN-RX can0 08300103#F0FF
CAN-RX can0 02000000#0000
CAN-RX can0 02000000#0000
CAN-RX can0 08300103#FDFF
CAN-RX can0 02000000#0000
CAN-RX can0 03C30F0F#87878787878787
CAN-RX can0 02000000#0000
CAN-RX can0 14300200#0000
CAN-RX can0 02000000#0000
CAN-RX can0 00E#6E4621DF00000000
CAN-RX can0 08300103#0E00
CAN-RX can0 02000000#0000
CAN-RX can0 02000000#0000
CAN-RX can0 08300103#FBFF
CAN-RX can0 02000000#0000
CAN-RX can0 02000000#0000
CAN-TX can0 78F#208000001F000000
CAN-RX can0 1C300204#9AE505009AE50500
CAN-RX can0 790#CF80000020000000
CAN-RX can0 02000000#0000
CAN-RX can0 00E#6E4621DF00000000
CAN-RX can0 08300103#F6FF
CAN-RX can0 02000000#0000
CAN-RX can0 02000000#0000
CAN-RX can0 08300103#FFFF
CAN-RX can0 02000000#0000
CAN-RX can0 03C30F0F#87878787878787
CAN-RX can0 02000000#0000
CAN-RX can0 02000000#0000
CAN-RX can0 00E#6E4621DF00000000
CAN-RX can0 08300103#FEFF
CAN-RX can0 02000000#0000
CAN-RX can0 02000000#0000
CAN-RX can0 08300103#F9FF
CAN-RX can0 02000000#0000
CAN-RX can0 140C0201#0000
CAN-RX can0 02000000#0000
CAN-RX can0 02000000#0000
CAN-RX can0 00E#6E4621DF00000000
CAN-RX can0 08300103#0600
CAN-RX can0 02000000#0000
CAN-RX can0 02000000#0000
CAN-RX can0 08300103#FEFF
CAN-RX can0 02000000#0000
CAN-RX can0 03C30F0F#87878787878787
CAN-RX can0 02000000#0000
CAN-TX can0 78F#208000001F000000
CAN-RX can0 790#CF80000020000000
CAN-RX can0 02000000#0000
CAN-RX can0 00E#6E4621DF00000000
CAN-RX can0 08300103#0000
CAN-RX can0 02000000#0000
CAN-RX can0 02000000#0000
CAN-RX can0 08300103#0D00
CAN-RX can0 02000000#0000
CAN-RX can0 02000000#0000
CAN-RX can0 14300200#0000
CAN-RX can0 02000000#0000
CAN-RX can0 08300103#FCFF
CAN-RX can0 00E#6E4621DF00000000
CAN-RX can0 02000000#0000
CAN-RX can0 02000000#0000
CAN-RX can0 08300103#FAFF
CAN-RX can0 02000000#0000
CAN-RX can0 03C30F0F#87878787878787
CAN-RX can0 02000000#0000
CAN-RX can0 02000000#0000
CAN-RX can0 08300103#F5FF
CAN-RX can0 00E#6E4621DF00000000
CAN-RX can0 02000000#0000
CAN-RX can0 0C140300#C2
CAN-RX can0 02000000#0000
CAN-RX can0 08300103#0900
CAN-RX can0 02000000#0000
CAN-RX can0 02000000#0000
CAN-TX can0 78F#208000001F000000
CAN-RX can0 790#CF80000020000000
CAN-RX can0 02000000#0000
CAN-RX can0 08300103#F9FF
CAN-RX can0 00E#6E4621DF00000000
CAN-RX can0 02000000#0000
CAN-RX can0 02000000#0000
CAN-RX can0 02000000#0000
CAN-RX can0 03C30F0F#87878787878787
CAN-RX can0 140C0201#0000
CAN-RX can0 02000000#0000
CAN-RX can0 02000000#0000
CAN-RX can0 00E#6E4621DF00000000
CAN-RX can0 02000000#0000
CAN-RX can0 02000000#0000
CAN-RX can0 02000000#0000
CAN-RX can0 02000000#0000
CAN-RX can0 02000000#0000
CAN-RX can0 0C140200#C0
CAN-RX can0 08300103#0300
CAN-RX can0 00E#6E4621DF00000000
CAN-RX can0 02000000#0000
CAN-RX can0 02000000#0000
CAN-RX can0 08300103#F9FF
CAN-RX can0 02000000#0000
CAN-RX can0 03C30F0F#87878787878787
CAN-RX can0 02000000#0000
CAN-TX can0 78F#208000001F000000
CAN-RX can0 14300200#0000
CAN-RX can0 790#CF80000020000000
CAN-RX can0 02000000#0000
CAN-RX can0 08300103#0200
CAN-RX can0 00E#6E4621DF00000000
CAN-RX can0 02000000#0000
CAN-RX can0 02000000#0000
CAN-RX can0 08300103#FBFF
CAN-RX can0 02000000#0000
CAN-RX can0 02000000#0000
CAN-RX can0 02000000#0000
CAN-RX can0 0C140200#C1
CAN-RX can0 08300103#FDFF
CAN-RX can0 00E#6E4621DF00000000
CAN-RX can0 02000000#0000
CAN-RX can0 02000000#0000
CAN-RX can0 08300103#F8FF
CAN-RX can0 02000000#0000
CAN-RX can0 03C30F0F#87878787878787
CAN-RX can0 02000000#0000
CAN-RX can0 02000000#0000
CAN-RX can0 08300103#FAFF
CAN-RX can0 00E#6E4621DF00000000
CAN-RX can0 02000000#0000
CAN-RX can0 02000000#0000
CAN-RX can0 08300103#F7FF
CAN-RX can0 02000000#0000
CAN-RX can0 140C0201#0000
CAN-RX can0 02000000#0000
CAN-TX can0 78F#208000001F000000
CAN-RX can0 790#CF80000020000000
CAN-RX can0 02000000#0000
CAN-RX can0 08300103#FFFF
CAN-RX can0 00E#6E4621DF00000000
CAN-RX can0 02000000#0000
CAN-RX can0 02000000#0000
CAN-RX can0 08300103#F7FF
CAN-RX can0 02000000#0000
CAN-RX can0 03C30F0F#87878787878787
CAN-RX can0 02000000#0000
CAN-RX can0 02000000#0000
CAN-RX can0 08300103#FBFF
CAN-RX can0 00E#6E4621DF00000000
CAN-RX can0 02000000#0000
CAN-RX can0 02000000#0000
CAN-RX can0 08300103#E5FF
CAN-RX can0 02000000#0000
CAN-RX can0 02000000#0000
CAN-RX can0 14300200#0000
CAN-RX can0 02000000#0000
CAN-RX can0 08300103#0800
CAN-RX can0 00E#6E4621DF00000000
CAN-RX can0 02000000#0000
CAN-RX can0 02000000#0000
CAN-RX can0 08300103#F4FF
CAN-RX can0 02000000#0000
CAN-RX can0 03C30F0F#87878787878787
CAN-RX can0 1C0C0200#1E
CAN-TX can0 78F#208000001F000000
CAN-RX can0 02000000#0000
CAN-RX can0 790#CF80000020000000
CAN-RX can0 02000000#0000
CAN-RX can0 08300103#F6FF
CAN-RX can0 00E#6E4621DF00000000
CAN-RX can0 1C2C0000#242316880A1A
CAN-RX can0 02000000#0000
CAN-RX can0 02000000#0000
CAN-RX can0 08300103#F3FF
CAN-RX can0 02000000#0000
CAN-RX can0 02000000#0000
CAN-RX can0 02000000#0000
CAN-RX can0 08300103#FCFF
CAN-RX can0 00E#6E4621DF00000000
CAN-RX can0 02000000#0000
CAN-RX can0 02000000#0000
CAN-RX can0 08300103#FCFF
CAN-RX can0 02000000#0000
CAN-RX can0 03C30F0F#87878787878787
CAN-RX can0 140C0201#0000
CAN-RX can0 02000000#0000
CAN-RX can0 02000000#0000
CAN-RX can0 08300103#F5FF
CAN-RX can0 00E#6E4621DF00000000
CAN-RX can0 02000000#0000
CAN-RX can0 02000000#0000
CAN-RX can0 08300103#1300
CAN-RX can0 02000000#0000
CAN-TX can0 78F#208000001F000000
CAN-RX can0 02000000#0000
CAN-RX can0 790#CF80000020000000
CAN-RX can0 02000000#0000
CAN-RX can0 08300103#FCFF
CAN-RX can0 00E#6E4621DF00000000
CAN-RX can0 02000000#0000
CAN-RX can0 02000000#0000
CAN-RX can0 08300103#0000
CAN-RX can0 02000000#0000
CAN-RX can0 03C30F0F#87878787878787
CAN-RX can0 02000000#0000
CAN-RX can0 14300200#0000
CAN-RX can0 02000000#0000
CAN-RX can0 08300103#0100
CAN-RX can0 00E#6E4621DF00000000
CAN-RX can0 02000000#0000
CAN-RX can0 02000000#0000
CAN-RX can0 08300103#0000
CAN-RX can0 02000000#0000
CAN-RX can0 02000000#0000
CAN-RX can0 02000000#0000
CAN-RX can0 1C300204#9AE505009AE50500
CAN-RX can0 08300103#0000
CAN-RX can0 00E#6E4621DF00000000
CAN-RX can0 02000000#0000
CAN-RX can0 02000000#0000
CAN-RX can0 08300103#0000
CAN-RX can0 02000000#0000
CAN-RX can0 03C30F0F#87878787878787
CAN-TX can0 78F#208000001F000000
CAN-RX can0 02000000#0000
CAN-RX can0 790#CF80000020000000
CAN-RX can0 02000000#0000
CAN-RX can0 08300103#0100
CAN-RX can0 00E#6E4621DF00000000
CAN-RX can0 02000000#0000
CAN-RX can0 02000000#0000
CAN-RX can0 08300103#F7FF
CAN-RX can0 02000000#0000
CAN-RX can0 140C0201#0000
CAN-RX can0 02000000#0000
CAN-RX can0 02000000#0000
CAN-RX can0 08300103#F4FF
CAN-RX can0 00E#6E4621DF00000000
CAN-RX can0 02000000#0000
CAN-RX can0 02000000#0000
CAN-RX can0 08300103#EAFF
CAN-RX can0 02000000#0000
CAN-RX can0 03C30F0F#87878787878787
CAN-RX can0 02000000#0000
CAN-RX can0 02000000#0000
CAN-RX can0 08300103#F5FF
CAN-RX can0 00E#6E4621DF00000000
CAN-RX can0 02000000#0000
CAN-RX can0 02000000#0000
CAN-RX can0 08300103#0400
CAN-RX can0 02000000#0000
CAN-RX can0 02000000#0000
CAN-RX can0 14300200#0000
CAN-RX can0 02000000#0000
CAN-RX can0 08300103#0900
CAN-RX can0 00E#6E4621DF00000000
CAN-RX can0 02000000#0000
CAN-RX can0 02000000#0000
CAN-RX can0 08300103#FBFF
CAN-RX can0 02000000#0000
CAN-RX can0 03C30F0F#87878787878787
CAN-RX can0 02000000#0000
CAN-RX can0 02000000#0000
CAN-RX can0 08300103#0400
CAN-RX can0 00E#6E4621DF00000000
CAN-RX can0 02000000#0000
CAN-RX can0 0C140300#C2
CAN-RX can0 02000000#0000
CAN-RX can0 08300103#0200
CAN-RX can0 02000000#0000
CAN-RX can0 02000000#0000
CAN-RX can0 02000000#0000
CAN-RX can0 08300103#F7FF
CAN-RX can0 00E#6E4621DF00000000
CAN-RX can0 02000000#0000
CAN-RX can0 02000000#0000
CAN-RX can0 02000000#0000
CAN-RX can0 03C30F0F#87878787878787
CAN-RX can0 140C0201#0000
CAN-RX can0 02000000#0000
CAN-RX can0 02000000#0000
CAN-RX can0 00E#6E4621DF00000000
CAN-RX can0 02000000#0000
CAN-RX can0 02000000#0000
CAN-RX can0 02000000#0000
CAN-RX can0 02000000#0000
CAN-RX can0 02000000#0000
CAN-RX can0 08300103#FAFF
CAN-RX can0 0C140200#C0
CAN-RX can0 00E#6E4621DF00000000
CAN-RX can0 02000000#0000
CAN-RX can0 02000000#0000
CAN-RX can0 08300103#F4FF
CAN-RX can0 02000000#0000
CAN-RX can0 03C30F0F#87878787878787
CAN-RX can0 02000000#0000
CAN-RX can0 14300200#0000
CAN-RX can0 02000000#0000
CAN-RX can0 08300103#F8FF
CAN-RX can0 00E#6E4621DF00000000
CAN-RX can0 02000000#0000
CAN-RX can0 02000000#0000
CAN-RX can0 08300103#F4FF
CAN-RX can0 02000000#0000
CAN-TX can0 78F#208000001F000000
CAN-RX can0 02000000#0000
CAN-RX can0 790#CF80000020000000
CAN-RX can0 02000000#0000
CAN-RX can0 08300103#0900
CAN-RX can0 0C140200#C1
CAN-RX can0 00E#6E4621DF00000000
CAN-RX can0 02000000#0000
CAN-RX can0 02000000#0000
CAN-RX can0 08300103#0C00
CAN-RX can0 02000000#0000
CAN-RX can0 03C30F0F#87878787878787
CAN-RX can0 02000000#0000
CAN-RX can0 02000000#0000
CAN-RX can0 08300103#0200
CAN-RX can0 00E#6E4621DF00000000
CAN-RX can0 02000000#0000
CAN-RX can0 02000000#0000
CAN-RX can0 08300103#0800
CAN-RX can0 02000000#0000
CAN-RX can0 140C0201#0000
CAN-RX can0 02000000#0000
CAN-RX can0 02000000#0000
CAN-RX can0 08300103#FDFF
CAN-RX can0 00E#6E4621DF00000000
CAN-RX can0 02000000#0000
CAN-RX can0 02000000#0000
CAN-RX can0 08300103#FFFF
CAN-RX can0 02000000#0000
CAN-RX can0 03C30F0F#87878787878787
CAN-TX can0 78F#208000001F000000
CAN-RX can0 02000000#0000
CAN-RX can0 790#CF80000020000000
CAN-RX can0 02000000#0000
CAN-RX can0 08300103#F0FF
CAN-RX can0 00E#6E4621DF00000000
CAN-RX can0 02000000#0000
CAN-RX can0 02000000#0000
CAN-RX can0 08300103#0700
CAN-RX can0 02000000#0000
CAN-RX can0 02000000#0000
CAN-RX can0 14300200#0000
CAN-RX can0 02000000#0000
CAN-RX can0 08300103#FAFF
CAN-RX can0 00E#6E4621DF00000000
CAN-RX can0 02000000#0000
CAN-RX can0 02000000#0000
CAN-RX can0 08300103#F4FF
CAN-RX can0 02000000#0000
CAN-RX can0 03C30F0F#87878787878787
CAN-RX can0 1C0C0200#1E
CAN-RX can0 02000000#0000
CAN-RX can0 02000000#0000
CAN-RX can0 08300103#E5FF
CAN-RX can0 00E#6E4621DF00000000
CAN-RX can0 1C2C0000#252316880A1A
CAN-RX can0 02000000#0000
CAN-RX can0 02000000#0000
CAN-RX can0 08300103#F8FF
CAN-RX can0 02000000#0000
CAN-TX can0 78F#208000001F000000
CAN-RX can0 790#CF80000020000000
CAN-RX can0 02000000#0000
CAN-RX can0 08300103#FCFF
CAN-RX can0 02000000#0000
CAN-RX can0 00E#6E4621DF00000000
CAN-RX can0 02000000#0000
CAN-RX can0 02000000#0000
CAN-RX can0 08300103#FFFF
CAN-RX can0 02000000#0000
CAN-RX can0 03C30F0F#87878787878787
CAN-RX can0 140C0201#0000
CAN-RX can0 02000000#0000
CAN-RX can0 08300103#0D00
CAN-RX can0 02000000#0000
CAN-RX can0 00E#6E4621DF00000000
CAN-RX can0 02000000#0000
CAN-RX can0 02000000#0000
CAN-RX can0 08300103#FFFF
CAN-RX can0 02000000#0000
CAN-RX can0 02000000#0000
CAN-RX can0 08300103#F1FF
CAN-RX can0 02000000#0000
CAN-RX can0 00E#6E4621DF00000000
CAN-RX can0 02000000#0000
CAN-RX can0 02000000#0000
CAN-RX can0 08300103#0F00
CAN-RX can0 02000000#0000
CAN-RX can0 03C30F0F#87878787878787
CAN-TX can0 78F#208000001F000000
CAN-RX can0 790#CF80000020000000
CAN-RX can0 02000000#0000
CAN-RX can0 14300200#0000
CAN-RX can0 08300103#0300
CAN-RX can0 02000000#0000
CAN-RX can0 00E#6E4621DF00000000
CAN-RX can0 02000000#0000
CAN-RX can0 02000000#0000
CAN-RX can0 08300103#0000
CAN-RX can0 02000000#0000
CAN-RX can0 02000000#0000
CAN-RX can0 08300103#0500
CAN-RX can0 02000000#0000
CAN-RX can0 00E#6E4621DF00000000
CAN-RX can0 02000000#0000
CAN-RX can0 1C300204#9AE505009AE50500
CAN-RX can0 02000000#0000
CAN-RX can0 08300103#0100
CAN-RX can0 02000000#0000
CAN-RX can0 03C30F0F#87878787878787
CAN-RX can0 02000000#0000
CAN-RX can0 08300103#FBFF
CAN-RX can0 02000000#0000
CAN-RX can0 00E#6E4621DF00000000
CAN-RX can0 02000000#0000
CAN-RX can0 02000000#0000
CAN-RX can0 08300103#E7FF
CAN-RX can0 02000000#0000
CAN-RX can0 140C0201#0000
CAN-TX can0 78F#208000001F000000
CAN-RX can0 790#CF80000020000000
CAN-RX can0 02000000#0000
CAN-RX can0 08300103#F7FF
CAN-RX can0 02000000#0000
CAN-RX can0 00E#6E4621DF00000000
CAN-RX can0 02000000#0000
CAN-RX can0 02000000#0000
CAN-RX can0 08300103#FDFF
CAN-RX can0 02000000#0000
CAN-RX can0 03C30F0F#87878787878787
CAN-RX can0 02000000#0000
CAN-RX can0 08300103#0400
CAN-RX can0 02000000#0000
CAN-RX can0 00E#6E4621DF00000000
CAN-RX can0 02000000#0000
CAN-RX can0 02000000#0000
CAN-RX can0 08300103#0800
CAN-RX can0 02000000#0000
CAN-RX can0 02000000#0000
CAN-RX can0 14300200#0000
CAN-RX can0 08300103#0200
CAN-RX can0 02000000#0000
CAN-RX can0 00E#6E4621DF00000000
CAN-RX can0 02000000#0000
CAN-RX can0 02000000#0000
CAN-RX can0 08300103#0000
CAN-RX can0 02000000#0000
CAN-RX can0 03C30F0F#87878787878787
CAN-TX can0 78F#208000001F000000
CAN-RX can0 790#CF80000020000000
CAN-RX can0 02000000#0000
CAN-RX can0 08300103#F4FF
CAN-RX can0 02000000#0000
CAN-RX can0 00E#6E4621DF00000000
CAN-RX can0 02000000#0000
CAN-RX can0 0C140300#C2
CAN-RX can0 02000000#0000
CAN-RX can0 08300103#1300
CAN-RX can0 02000000#0000
CAN-RX can0 02000000#0000
CAN-RX can0 08300103#F9FF
CAN-RX can0 02000000#0000
CAN-RX can0 00E#6E4621DF00000000
CAN-RX can0 02000000#0000
CAN-RX can0 02000000#0000
CAN-RX can0 02000000#0000
CAN-RX can0 03C30F0F#87878787878787
CAN-RX can0 140C0201#0000
CAN-RX can0 02000000#0000
CAN-RX can0 02000000#0000
CAN-RX can0 00E#6E4621DF00000000
CAN-RX can0 02000000#0000
CAN-RX can0 02000000#0000
CAN-RX can0 02000000#0000
CAN-TX can0 78F#208000001F000000
CAN-RX can0 790#CF80000020000000
CAN-RX can0 02000000#0000
CAN-RX can0 08300103#F9FF
CAN-RX can0 02000000#0000
CAN-RX can0 0C140200#C0
CAN-RX can0 00E#6E4621DF00000000
CAN-RX can0 02000000#0000
CAN-RX can0 02000000#0000
CAN-RX can0 08300103#0900
CAN-RX can0 02000000#0000
CAN-RX can0 03C30F0F#87878787878787
CAN-RX can0 02000000#0000
CAN-RX can0 14300200#0000
CAN-RX can0 08300103#FCFF
CAN-RX can0 02000000#0000
CAN-RX can0 00E#6E4621DF00000000
CAN-RX can0 02000000#0000
CAN-RX can0 02000000#0000
CAN-RX can0 08300103#F7FF
CAN-RX can0 02000000#0000
CAN-RX can0 02000000#0000
CAN-RX can0 08300103#FAFF
CAN-RX can0 02000000#0000
CAN-RX can0 0C140200#C1
CAN-RX can0 00E#6E4621DF00000000
CAN-RX can0 02000000#0000
CAN-RX can0 02000000#0000
CAN-RX can0 08300103#FEFF
CAN-TX can0 78F#208000001F000000
CAN-RX can0 02000000#0000
CAN-RX can0 03C30F0F#87878787878787
CAN-RX can0 790#CF80000020000000
CAN-RX can0 02000000#0000
CAN-RX can0 08300103#0100
CAN-RX can0 02000000#0000
CAN-RX can0 00E#6E4621DF00000000
CAN-RX can0 02000000#0000
CAN-RX can0 02000000#0000
CAN-RX can0 08300103#1100
CAN-RX can0 02000000#0000
CAN-RX can0 140C0201#0000
CAN-RX can0 02000000#0000
CAN-RX can0 08300103#0000
CAN-RX can0 02000000#0000
CAN-RX can0 00E#6E4621DF00000000
CAN-RX can0 02000000#0000
CAN-RX can0 02000000#0000
CAN-RX can0 08300103#0300
CAN-RX can0 02000000#0000
CAN-RX can0 03C30F0F#87878787878787
CAN-RX can0 02000000#0000
CAN-RX can0 08300103#0400
CAN-RX can0 02000000#0000
CAN-RX can0 00E#6E4621DF00000000
CAN-RX can0 02000000#0000
CAN-RX can0 02000000#0000
CAN-RX can0 08300103#FAFF
CAN-TX can0 78F#208000001F000000
CAN-RX can0 02000000#0000
CAN-RX can0 790#CF80000020000000
CAN-RX can0 02000000#0000
CAN-RX can0 14300200#0000
CAN-RX can0 08300103#F9FF
CAN-RX can0 02000000#0000
CAN-RX can0 00E#6E4621DF00000000
CAN-RX can0 02000000#0000
CAN-RX can0 02000000#0000
CAN-RX can0 08300103#0600
CAN-RX can0 02000000#0000
CAN-RX can0 03C30F0F#87878787878787
CAN-RX can0 1C0C0200#1E
CAN-RX can0 02000000#0000
CAN-RX can0 08300103#FEFF
CAN-RX can0 02000000#0000
CAN-RX can0 00E#6E4621DF00000000
CAN-RX can0 1C2C0000#262316880A1A
CAN-RX can0 02000000#0000
CAN-RX can0 02000000#0000
CAN-RX can0 08300103#FFFF
CAN-RX can0 02000000#0000
CAN-RX can0 02000000#0000
CAN-RX can0 08300103#0A00
CAN-RX can0 02000000#0000
CAN-RX can0 00E#6E4621DF00000000
CAN-RX can0 02000000#0000
CAN-RX can0 02000000#0000
CAN-TX can0 78F#208000001F000000
CAN-RX can0 08300103#0200
CAN-RX can0 790#CF80000020000000
CAN-RX can0 02000000#0000
CAN-RX can0 03C30F0F#87878787878787
CAN-RX can0 140C0201#0000
CAN-RX can0 02000000#0000
CAN-RX can0 08300103#FDFF
CAN-RX can0 02000000#0000
CAN-RX can0 00E#6E4621DF00000000
CAN-RX can0 02000000#0000
CAN-RX can0 02000000#0000
CAN-RX can0 08300103#FEFF
CAN-RX can0 02000000#0000
CAN-RX can0 02000000#0000
CAN-RX can0 08300103#FFFF
CAN-RX can0 02000000#0000
CAN-RX can0 00E#6E4621DF00000000
CAN-RX can0 02000000#0000
CAN-RX can0 02000000#0000
CAN-RX can0 08300103#F6FF
CAN-RX can0 02000000#0000
CAN-RX can0 03C30F0F#87878787878787
CAN-RX can0 02000000#0000
CAN-RX can0 14300200#0000
CAN-RX can0 08300103#0500
CAN-RX can0 02000000#0000
CAN-RX can0 00E#6E4621DF00000000
CAN-RX can0 02000000#0000
CAN-TX can0 78F#208000001F000000
CAN-RX can0 02000000#0000
CAN-RX can0 08300103#0000
CAN-RX can0 790#CF80000020000000
CAN-RX can0 02000000#0000
CAN-RX can0 02000000#0000
CAN-RX can0 08300103#0700
CAN-RX can0 02000000#0000
CAN-RX can0 00E#6E4621DF00000000
CAN-RX can0 02000000#0000
CAN-RX can0 02000000#0000
CAN-RX can0 1C300204#9AE505009AE50500
CAN-RX can0 08300103#0A00
CAN-RX can0 02000000#0000
CAN-RX can0 03C30F0F#87878787878787
CAN-RX can0 02000000#0000
CAN-RX can0 08300103#0100
CAN-RX can0 02000000#0000
CAN-RX can0 00E#6E4621DF00000000
CAN-RX can0 02000000#0000
CAN-RX can0 02000000#0000
CAN-RX can0 08300103#0200
CAN-RX can0 02000000#0000
CAN-RX can0 140C0201#0000
CAN-RX can0 02000000#0000
CAN-RX can0 08300103#0300
CAN-RX can0 02000000#0000
CAN-RX can0 00E#6E4621DF00000000
CAN-RX can0 02000000#0000
CAN-TX can0 78F#208000001F000000
CAN-RX can0 02000000#0000
CAN-RX can0 08300103#0400
CAN-RX can0 790#CF80000020000000
CAN-RX can0 02000000#0000
CAN-RX can0 03C30F0F#87878787878787
CAN-RX can0 02000000#0000
CAN-RX can0 08300103#F9FF
CAN-RX can0 02000000#0000
CAN-RX can0 00E#6E4621DF00000000
CAN-RX can0 02000000#0000
CAN-RX can0 02000000#0000
CAN-RX can0 08300103#F7FF
CAN-RX can0 02000000#0000
CAN-RX can0 02000000#0000
CAN-RX can0 14300200#0000
CAN-RX can0 08300103#0500
CAN-RX can0 02000000#0000
CAN-RX can0 00E#6E4621DF00000000
CAN-RX can0 02000000#0000
CAN-RX can0 02000000#0000
CAN-RX can0 08300103#FDFF
CAN-RX can0 02000000#0000
CAN-RX can0 03C30F0F#87878787878787
CAN-RX can0 02000000#0000
CAN-RX can0 08300103#FDFF
CAN-RX can0 02000000#0000
CAN-RX can0 00E#6E4621DF00000000
CAN-RX can0 02000000#0000
CAN-RX can0 0C140300#C2
CAN-TX can0 78F#208000001F000000
CAN-RX can0 02000000#0000
CAN-RX can0 08300103#0900
CAN-RX can0 790#CF80000020000000
CAN-RX can0 02000000#0000
CAN-RX can0 02000000#0000
CAN-RX can0 08300103#0200
CAN-RX can0 02000000#0000
CAN-RX can0 00E#6E4621DF00000000
CAN-RX can0 02000000#0000
CAN-RX can0 02000000#0000
CAN-RX can0 02000000#0000
CAN-RX can0 03C30F0F#87878787878787
CAN-RX can0 140C0201#0000
CAN-RX can0 02000000#0000
CAN-RX can0 02000000#0000
CAN-RX can0 00E#6E4621DF00000000
CAN-RX can0 02000000#0000
CAN-RX can0 02000000#0000
CAN-RX can0 02000000#0000
CAN-RX can0 02000000#0000
CAN-RX can0 08300103#0700
CAN-TX can0 78F#208000001F000000
CAN-RX can0 02000000#0000
CAN-RX can0 0C140200#C0
CAN-RX can0 00E#6E4621DF00000000
CAN-RX can0 02000000#0000
CAN-RX can0 02000000#0000
CAN-RX can0 790#CF80000020000000
CAN-RX can0 08300103#FFFF
CAN-RX can0 02000000#0000
CAN-RX can0 03C30F0F#87878787878787
CAN-RX can0 02000000#0000
CAN-RX can0 14300200#0000
CAN-RX can0 08300103#0700
CAN-RX can0 02000000#0000
CAN-RX can0 00E#6E4621DF00000000
CAN-RX can0 02000000#0000
CAN-RX can0 02000000#0000
CAN-RX can0 08300103#0100
CAN-RX can0 02000000#0000
CAN-RX can0 02000000#0000
CAN-RX can0 08300103#FAFF
CAN-RX can0 02000000#0000
CAN-RX can0 0C140200#C1
CAN-RX can0 00E#6E4621DF00000000
CAN-RX can0 02000000#0000
CAN-RX can0 02000000#0000
CAN-RX can0 08300103#F5FF
CAN-RX can0 02000000#0000
CAN-RX can0 03C30F0F#87878787878787
CAN-RX can0 02000000#0000
CAN-RX can0 08300103#0A00
CAN-RX can0 02000000#0000
CAN-RX can0 00E#6E4621DF00000000
CAN-RX can0 02000000#0000
CAN-TX can0 78F#208000001F000000
CAN-RX can0 02000000#0000
CAN-RX can0 08300103#0800
CAN-RX can0 790#CF80000020000000
CAN-RX can0 02000000#0000
CAN-RX can0 140C0201#0000
CAN-RX can0 02000000#0000
CAN-RX can0 08300103#EFFF
CAN-RX can0 02000000#0000
CAN-RX can0 00E#6E4621DF00000000
CAN-RX can0 02000000#0000
CAN-RX can0 02000000#0000
CAN-RX can0 08300103#F1FF
CAN-RX can0 02000000#0000
CAN-RX can0 03C30F0F#87878787878787
CAN-RX can0 02000000#0000
CAN-RX can0 08300103#0300
CAN-RX can0 02000000#0000
CAN-RX can0 00E#6E4621DF00000000
CAN-RX can0 02000000#0000
CAN-RX can0 02000000#0000
CAN-RX can0 08300103#0B00
CAN-RX can0 02000000#0000
CAN-RX can0 02000000#0000
CAN-RX can0 14300200#0000
CAN-RX can0 08300103#0000
CAN-RX can0 02000000#0000
CAN-RX can0 00E#6E4621DF00000000
CAN-RX can0 02000000#0000
CAN-TX can0 78F#208000001F000000
CAN-RX can0 02000000#0000
CAN-RX can0 08300103#1000
CAN-RX can0 790#CF80000020000000
CAN-RX can0 02000000#0000
CAN-RX can0 03C30F0F#87878787878787
CAN-RX can0 1C0C0200#1E
CAN-RX can0 02000000#0000
CAN-RX can0 08300103#F7FF
CAN-RX can0 02000000#0000
CAN-RX can0 00E#6E4621DF00000000
CAN-RX can0 1C2C0000#272316880A1A
CAN-RX can0 02000000#0000
CAN-RX can0 02000000#0000
CAN-RX can0 08300103#FCFF
CAN-RX can0 02000000#0000
CAN-RX can0 02000000#0000
CAN-RX can0 08300103#F7FF
CAN-RX can0 02000000#0000
CAN-RX can0 00E#6E4621DF00000000
CAN-RX can0 02000000#0000
CAN-RX can0 08300103#FAFF
CAN-RX can0 02000000#0000
CAN-RX can0 02000000#0000
CAN-RX can0 03C30F0F#87878787878787
CAN-RX can0 140C0201#0000
CAN-RX can0 02000000#0000
CAN-RX can0 08300103#0500
CAN-RX can0 02000000#0000
CAN-RX can0 00E#6E4621DF00000000
CAN-RX can0 02000000#0000
CAN-TX can0 78F#208000001F000000
CAN-RX can0 08300103#0300
CAN-RX can0 02000000#0000
CAN-RX can0 790#CF80000020000000
CAN-RX can0 02000000#0000
CAN-RX can0 02000000#0000
CAN-RX can0 08300103#FEFF
CAN-RX can0 02000000#0000
CAN-RX can0 00E#6E4621DF00000000
CAN-RX can0 02000000#0000
CAN-RX can0 08300103#0100
CAN-RX can0 02000000#0000
CAN-RX can0 02000000#0000
CAN-RX can0 03C30F0F#87878787878787
CAN-RX can0 02000000#0000
CAN-RX can0 14300200#0000
CAN-RX can0 08300103#0100
CAN-RX can0 02000000#0000
CAN-RX can0 00E#6E4621DF00000000
CAN-RX can0 02000000#0000
CAN-RX can0 08300103#FCFF
CAN-RX can0 02000000#0000
CAN-RX can0 02000000#0000
CAN-RX can0 02000000#0000
CAN-RX can0 08300103#FAFF
CAN-RX can0 02000000#0000
CAN-RX can0 00E#6E4621DF00000000
CAN-RX can0 02000000#0000
CAN-TX can0 78F#208000001F000000
CAN-RX can0 08300103#1100
CAN-RX can0 02000000#0000
CAN-RX can0 790#CF80000020000000
CAN-RX can0 02000000#0000
CAN-RX can0 03C30F0F#87878787878787
CAN-RX can0 1C300204#9AE505009AE50500
CAN-RX can0 02000000#0000
CAN-RX can0 08300103#F4FF
CAN-RX can0 02000000#0000
CAN-RX can0 00E#6E4621DF00000000
CAN-RX can0 02000000#0000
CAN-RX can0 08300103#F8FF
CAN-RX can0 02000000#0000
CAN-RX can0 02000000#0000
CAN-RX can0 140C0201#0000
CAN-RX can0 02000000#0000
CAN-RX can0 08300103#0900
CAN-RX can0 02000000#0000
CAN-RX can0 00E#6E4621DF00000000
CAN-RX can0 02000000#0000
CAN-RX can0 08300103#F7FF
CAN-RX can0 02000000#0000
CAN-RX can0 02000000#0000
CAN-RX can0 03C30F0F#87878787878787
CAN-RX can0 02000000#0000
CAN-RX can0 08300103#0100
CAN-RX can0 02000000#0000
CAN-RX can0 00E#6E4621DF00000000
CAN-RX can0 02000000#0000
CAN-TX can0 78F#208000001F000000
CAN-RX can0 08300103#0100
CAN-RX can0 02000000#0000
CAN-RX can0 790#CF80000020000000
CAN-RX can0 02000000#0000
CAN-RX can0 02000000#0000
CAN-RX can0 14300200#0000
CAN-RX can0 08300103#0700
CAN-RX can0 02000000#0000
CAN-RX can0 00E#6E4621DF00000000
CAN-RX can0 02000000#0000
CAN-RX can0 08300103#F9FF
CAN-RX can0 02000000#0000
CAN-RX can0 02000000#0000
CAN-RX can0 03C30F0F#87878787878787
CAN-RX can0 02000000#0000
CAN-RX can0 08300103#FDFF
CAN-RX can0 02000000#0000
CAN-RX can0 00E#6E4621DF00000000
CAN-RX can0 02000000#0000
CAN-RX can0 0C140300#C2
CAN-RX can0 08300103#0200
CAN-RX can0 02000000#0000
CAN-RX can0 02000000#0000
CAN-RX can0 02000000#0000
CAN-RX can0 08300103#0700
CAN-RX can0 02000000#0000
CAN-RX can0 00E#6E4621DF00000000
CAN-RX can0 02000000#0000
CAN-TX can0 78F#208000001F000000
CAN-RX can0 790#CF80000020000000
CAN-RX can0 02000000#0000
CAN-RX can0 02000000#0000
CAN-RX can0 03C30F0F#87878787878787
CAN-RX can0 140C0201#0000
CAN-RX can0 02000000#0000
CAN-RX can0 02000000#0000
CAN-RX can0 00E#6E4621DF00000000
CAN-RX can0 02000000#0000
CAN-RX can0 02000000#0000
CAN-RX can0 02000000#0000
CAN-RX can0 02000000#0000
CAN-RX can0 08300103#0000
CAN-RX can0 02000000#0000
CAN-RX can0 0C140200#C0
CAN-RX can0 00E#6E4621DF00000000
CAN-RX can0 02000000#0000
CAN-RX can0 08300103#0300
CAN-RX can0 02000000#0000
CAN-RX can0 02000000#0000
CAN-RX can0 03C30F0F#87878787878787
CAN-RX can0 02000000#0000
CAN-RX can0 14300200#0000
CAN-RX can0 08300103#FAFF
CAN-RX can0 02000000#0000
CAN-RX can0 00E#6E4621DF00000000
CAN-RX can0 02000000#0000
CAN-TX can0 78F#208000001F000000
CAN-RX can0 790#CF80000020000000
CAN-RX can0 08300103#FAFF
CAN-RX can0 02000000#0000
CAN-RX can0 02000000#0000
CAN-RX can0 02000000#0000
CAN-RX can0 08300103#0400
CAN-RX can0 02000000#0000
CAN-RX can0 0C140200#C1
CAN-RX can0 00E#6E4621DF00000000
CAN-RX can0 02000000#0000
CAN-RX can0 08300103#FAFF
CAN-RX can0 02000000#0000
CAN-RX can0 02000000#0000
CAN-RX can0 03C30F0F#87878787878787
CAN-RX can0 02000000#0000
CAN-RX can0 08300103#F0FF
CAN-RX can0 02000000#0000
CAN-RX can0 00E#6E4621DF00000000
CAN-RX can0 02000000#0000
CAN-RX can0 08300103#F5FF
CAN-RX can0 02000000#0000
CAN-RX can0 02000000#0000
CAN-RX can0 140C0201#0000
CAN-TX can0 78F#208000001F000000
CAN-RX can0 02000000#0000
CAN-RX can0 08300103#F7FF
CAN-RX can0 02000000#0000
CAN-RX can0 00E#6E4621DF00000000
CAN-RX can0 02000000#0000
CAN-RX can0 790#CF80000020000000
CAN-RX can0 08300103#0100
CAN-RX can0 02000000#0000
CAN-RX can0 02000000#0000
CAN-RX can0 03C30F0F#87878787878787
CAN-RX can0 02000000#0000
CAN-RX can0 08300103#0700
CAN-RX can0 02000000#0000
CAN-RX can0 00E#6E4621DF00000000
CAN-RX can0 02000000#0000
CAN-RX can0 08300103#FBFF
CAN-RX can0 02000000#0000
CAN-RX can0 02000000#0000
CAN-RX can0 02000000#0000
CAN-RX can0 14300200#0000
CAN-RX can0 08300103#0300
CAN-RX can0 02000000#0000
CAN-RX can0 00E#6E4621DF00000000
CAN-RX can0 02000000#0000
CAN-RX can0 08300103#EDFF
CAN-RX can0 02000000#0000
CAN-RX can0 02000000#0000
CAN-RX can0 03C30F0F#87878787878787
CAN-RX can0 1C0C0200#1E
CAN-RX can0 02000000#0000
CAN-RX can0 08300103#F9FF
CAN-RX can0 02000000#0000
CAN-RX can0 00E#6E4621DF00000000
CAN-RX can0 1C2C0000#282316880A1A
CAN-RX can0 02000000#0000
CAN-TX can0 78F#208000001F000000
CAN-RX can0 790#CF80000020000000
CAN-RX can0 08300103#F3FF
CAN-RX can0 02000000#0000
CAN-RX can0 02000000#0000
CAN-RX can0 02000000#0000
CAN-RX can0 08300103#FFFF
CAN-RX can0 02000000#0000
CAN-RX can0 00E#6E4621DF00000000
CAN-RX can0 02000000#0000
CAN-RX can0 08300103#0300
CAN-RX can0 02000000#0000
CAN-RX can0 02000000#0000
CAN-RX can0 03C30F0F#87878787878787
CAN-RX can0 140C0201#0000
CAN-RX can0 02000000#0000
CAN-RX can0 08300103#FEFF
CAN-RX can0 02000000#0000
CAN-RX can0 00E#6E4621DF00000000
CAN-RX can0 02000000#0000
CAN-RX can0 08300103#FEFF
CAN-RX can0 02000000#0000
CAN-RX can0 02000000#0000
CAN-RX can0 02000000#0000
CAN-TX can0 78F#208000001F000000
CAN-RX can0 08300103#F9FF
CAN-RX can0 02000000#0000
CAN-RX can0 00E#6E4621DF00000000
CAN-RX can0 02000000#0000
CAN-RX can0 790#CF80000020000000
CAN-RX can0 08300103#0200
CAN-RX can0 02000000#0000
CAN-RX can0 02000000#0000
CAN-RX can0 03C30F0F#87878787878787
CAN-RX can0 02000000#0000
CAN-RX can0 14300200#0000
CAN-RX can0 08300103#0200
CAN-RX can0 02000000#0000
CAN-RX can0 00E#6E4621DF00000000
CAN-RX can0 02000000#0000
CAN-RX can0 08300103#F5FF
CAN-RX can0 02000000#0000
CAN-RX can0 02000000#0000
CAN-RX can0 02000000#0000
CAN-RX can0 08300103#F5FF
CAN-RX can0 02000000#0000
CAN-RX can0 00E#6E4621DF00000000
CAN-RX can0 02000000#0000
CAN-RX can0 08300103#0400
CAN-RX can0 02000000#0000
CAN-RX can0 02000000#0000
CAN-RX can0 03C30F0F#87878787878787
CAN-RX can0 02000000#0000
CAN-RX can0 1C300204#9AE505009AE50500
CAN-RX can0 08300103#0600
CAN-RX can0 02000000#0000
CAN-RX can0 00E#6E4621DF00000000
CAN-RX can0 02000000#0000
CAN-TX can0 78F#208000001F000000
CAN-RX can0 790#CF80000020000000
CAN-RX can0 08300103#F4FF
CAN-RX can0 02000000#0000
CAN-RX can0 02000000#0000
CAN-RX can0 140C0201#0000
CAN-RX can0 02000000#0000
CAN-RX can0 08300103#FBFF
CAN-RX can0 02000000#0000
CAN-RX can0 00E#6E4621DF00000000
CAN-RX can0 02000000#0000
CAN-RX can0 08300103#FCFF
CAN-RX can0 02000000#0000
CAN-RX can0 02000000#0000
CAN-RX can0 03C30F0F#87878787878787
CAN-RX can0 02000000#0000
CAN-RX can0 08300103#0000
CAN-RX can0 02000000#0000
CAN-RX can0 00E#6E4621DF00000000
CAN-RX can0 02000000#0000
CAN-RX can0 08300103#FDFF
CAN-RX can0 02000000#0000
CAN-RX can0 02000000#0000
CAN-RX can0 02000000#0000
CAN-TX can0 78F#208000001F000000
CAN-RX can0 14300200#0000
CAN-RX can0 08300103#FDFF
CAN-RX can0 02000000#0000
CAN-RX can0 00E#6E4621DF00000000
CAN-RX can0 02000000#0000
CAN-RX can0 790#CF80000020000000
CAN-RX can0 08300103#FCFF
CAN-RX can0 02000000#0000
CAN-RX can0 02000000#0000
CAN-RX can0 03C30F0F#87878787878787
CAN-RX can0 02000000#0000
CAN-RX can0 08300103#0800
CAN-RX can0 02000000#0000
CAN-RX can0 00E#6E4621DF00000000
CAN-RX can0 02000000#0000
CAN-RX can0 0C140300#C2
CAN-RX can0 08300103#0200
CAN-RX can0 02000000#0000
CAN-RX can0 02000000#0000
CAN-RX can0 02000000#0000
CAN-RX can0 08300103#0E00
CAN-RX can0 02000000#0000
CAN-RX can0 00E#6E4621DF00000000
CAN-RX can0 02000000#0000
CAN-RX can0 02000000#0000
CAN-RX can0 02000000#0000
CAN-RX can0 03C30F0F#87878787878787
CAN-RX can0 140C0201#0000
CAN-RX can0 02000000#0000
CAN-RX can0 02000000#0000
CAN-RX can0 00E#6E4621DF00000000
CAN-RX can0 02000000#0000
CAN-TX can0 78F#208000001F000000
CAN-RX can0 790#CF80000020000000
CAN-RX can0 02000000#0000
CAN-RX can0 02000000#0000
CAN-RX can0 02000000#0000
CAN-RX can0 08300103#FAFF
CAN-RX can0 02000000#0000
CAN-RX can0 0C140200#C0
CAN-RX can0 00E#6E4621DF00000000
CAN-RX can0 02000000#0000
CAN-RX can0 08300103#F4FF
CAN-RX can0 02000000#0000
CAN-RX can0 02000000#0000
CAN-RX can0 03C30F0F#87878787878787
CAN-RX can0 02000000#0000
CAN-RX can0 08300103#FEFF
CAN-RX can0 14300200#0000
CAN-RX can0 02000000#0000
CAN-RX can0 00E#6E4621DF00000000
CAN-RX can0 02000000#0000
CAN-RX can0 08300103#F7FF
CAN-RX can0 02000000#0000
CAN-RX can0 02000000#0000
CAN-RX can0 02000000#0000
CAN-RX can0 08300103#FDFF
CAN-TX can0 78F#208000001F000000
CAN-RX can0 02000000#0000
CAN-RX can0 0C140200#C1
CAN-RX can0 00E#6E4621DF00000000
CAN-RX can0 02000000#0000
CAN-RX can0 790#CF80000020000000
CAN-RX can0 08300103#FFFF
CAN-RX can0 02000000#0000
CAN-RX can0 02000000#0000
CAN-RX can0 03C30F0F#87878787878787
CAN-RX can0 02000000#0000
CAN-RX can0 08300103#F6FF
CAN-RX can0 02000000#0000
CAN-RX can0 00E#6E4621DF00000000
CAN-RX can0 02000000#0000
CAN-RX can0 08300103#0300
CAN-RX can0 02000000#0000
CAN-RX can0 02000000#0000
CAN-RX can0 140C0201#0000
CAN-RX can0 02000000#0000
CAN-RX can0 08300103#FCFF
CAN-RX can0 02000000#0000
CAN-RX can0 00E#6E4621DF00000000
CAN-RX can0 02000000#0000
CAN-RX can0 08300103#FDFF
CAN-RX can0 02000000#0000
CAN-RX can0 02000000#0000
CAN-RX can0 03C30F0F#87878787878787
CAN-RX can0 02000000#0000
CAN-RX can0 08300103#F5FF
CAN-RX can0 02000000#0000
CAN-RX can0 00E#6E4621DF00000000
CAN-RX can0 02000000#0000
CAN-TX can0 78F#208000001F000000
CAN-RX can0 790#CF80000020000000
CAN-RX can0 08300103#FDFF
CAN-RX can0 02000000#0000
CAN-RX can0 02000000#0000
CAN-RX can0 02000000#0000
CAN-RX can0 08300103#FEFF
CAN-RX can0 14300200#0000
CAN-RX can0 02000000#0000
CAN-RX can0 00E#6E4621DF00000000
CAN-RX can0 02000000#0000
CAN-RX can0 08300103#FAFF
CAN-RX can0 02000000#0000
CAN-RX can0 02000000#0000
CAN-RX can0 03C30F0F#87878787878787
CAN-RX can0 1C0C0200#1E
CAN-RX can0 02000000#0000
CAN-RX can0 08300103#0100
CAN-RX can0 02000000#0000
CAN-RX can0 00E#6E4621DF00000000
CAN-RX can0 1C2C0000#292316880A1A
CAN-RX can0 02000000#0000
CAN-RX can0 08300103#1000
CAN-RX can0 02000000#0000
CAN-RX can0 02000000#0000
CAN-RX can0 08300103#0400
CAN-RX can0 02000000#0000
CAN-RX can0 02000000#0000
CAN-RX can0 00E#6E4621DF00000000
CAN-TX can0 78F#208000001F000000
CAN-RX can0 02000000#0000
CAN-RX can0 790#CF80000020000000
CAN-RX can0 08300103#0500
CAN-RX can0 02000000#0000
CAN-RX can0 02000000#0000
CAN-RX can0 03C30F0F#87878787878787
CAN-RX can0 140C0201#0000
CAN-RX can0 08300103#0100
CAN-RX can0 02000000#0000
CAN-RX can0 02000000#0000
CAN-RX can0 00E#6E4621DF00000000
CAN-RX can0 02000000#0000
CAN-RX can0 08300103#FCFF
CAN-RX can0 02000000#0000
CAN-RX can0 02000000#0000
CAN-RX can0 08300103#0200
CAN-RX can0 02000000#0000
CAN-RX can0 02000000#0000
CAN-RX can0 00E#6E4621DF00000000
CAN-RX can0 02000000#0000
CAN-RX can0 08300103#0000
CAN-RX can0 02000000#0000
CAN-RX can0 02000000#0000
CAN-RX can0 03C30F0F#87878787878787
CAN-RX can0 08300103#0000
CAN-RX can0 02000000#0000
CAN-RX can0 14300200#0000
CAN-RX can0 02000000#0000
CAN-RX can0 00E#6E4621DF00000000
CAN-TX can0 78F#208000001F000000
CAN-RX can0 02000000#0000
CAN-RX can0 790#CF80000020000000
CAN-RX can0 08300103#0D00
CAN-RX can0 02000000#0000
CAN-RX can0 02000000#0000
CAN-RX can0 08300103#FCFF
CAN-RX can0 02000000#0000
CAN-RX can0 02000000#0000
CAN-RX can0 00E#6E4621DF00000000
CAN-RX can0 02000000#0000
CAN-RX can0 08300103#0900
CAN-RX can0 02000000#0000
CAN-RX can0 02000000#0000
CAN-RX can0 03C30F0F#87878787878787
CAN-RX can0 08300103#0E00
CAN-RX can0 02000000#0000
CAN-RX can0 02000000#0000
CAN-RX can0 1C300204#9AE505009AE50500
CAN-RX can0 00E#6E4621DF00000000
CAN-RX can0 02000000#0000
CAN-RX can0 08300103#0500
CAN-RX can0 02000000#0000
CAN-RX can0 02000000#0000
CAN-RX can0 140C0201#0000
CAN-RX can0 08300103#0000
CAN-RX can0 02000000#0000
CAN-RX can0 02000000#0000
CAN-RX can0 00E#6E4621DF00000000
CAN-TX can0 78F#208000001F000000
CAN-RX can0 02000000#0000
CAN-RX can0 790#CF80000020000000
CAN-RX can0 08300103#F8FF
CAN-RX can0 02000000#0000
CAN-RX can0 02000000#0000
CAN-RX can0 03C30F0F#87878787878787
CAN-RX can0 08300103#0000
CAN-RX can0 02000000#0000
CAN-RX can0 02000000#0000
CAN-RX can0 00E#6E4621DF00000000
CAN-RX can0 02000000#0000
CAN-RX can0 08300103#FBFF
CAN-RX can0 02000000#0000
CAN-RX can0 02000000#0000
CAN-RX can0 08300103#FAFF
CAN-RX can0 02000000#0000
CAN-RX can0 14300200#0000
CAN-RX can0 02000000#0000
CAN-RX can0 00E#6E4621DF00000000
CAN-RX can0 02000000#0000
CAN-RX can0 08300103#0100
CAN-RX can0 02000000#0000
CAN-RX can0 02000000#0000
CAN-RX can0 03C30F0F#87878787878787
CAN-RX can0 08300103#EEFF
CAN-RX can0 02000000#0000
CAN-RX can0 02000000#0000
CAN-RX can0 00E#6E4621DF00000000
CAN-TX can0 78F#208000001F000000
CAN-RX can0 02000000#0000
CAN-RX can0 0C140300#C2
CAN-RX can0 790#CF80000020000000
CAN-RX can0 08300103#FAFF
CAN-RX can0 02000000#0000
CAN-RX can0 02000000#0000
CAN-RX can0 08300103#F3FF
CAN-RX can0 02000000#0000
CAN-RX can0 02000000#0000
CAN-RX can0 00E#6E4621DF00000000
CAN-RX can0 02000000#0000
CAN-RX can0 02000000#0000
CAN-RX can0 02000000#0000
CAN-RX can0 03C30F0F#87878787878787
CAN-RX can0 140C0201#0000
CAN-RX can0 02000000#0000
CAN-RX can0 02000000#0000
CAN-RX can0 00E#6E4621DF00000000
CAN-RX can0 02000000#0000
CAN-RX can0 02000000#0000
CAN-RX can0 02000000#0000
CAN-RX can0 08300103#F4FF
CAN-RX can0 02000000#0000
CAN-RX can0 02000000#0000
CAN-RX can0 0C140200#C0
CAN-TX can0 78F#208000001F000000
CAN-RX can0 00E#6E4621DF00000000
CAN-RX can0 02000000#0000
CAN-RX can0 790#CF80000020000000
CAN-RX can0 08300103#0000
CAN-RX can0 02000000#0000
CAN-RX can0 02000000#0000
CAN-RX can0 03C30F0F#87878787878787
CAN-RX can0 08300103#F7FF
CAN-RX can0 02000000#0000
CAN-RX can0 14300200#0000
CAN-RX can0 02000000#0000
CAN-RX can0 00E#6E4621DF00000000
CAN-RX can0 02000000#0000
CAN-RX can0 08300103#F1FF
CAN-RX can0 02000000#0000
CAN-RX can0 02000000#0000
CAN-RX can0 08300103#FAFF
CAN-RX can0 02000000#0000
CAN-RX can0 02000000#0000
CAN-RX can0 0C140200#C1
CAN-RX can0 00E#6E4621DF00000000
CAN-RX can0 02000000#0000
CAN-RX can0 08300103#1200
CAN-RX can0 02000000#0000
CAN-RX can0 02000000#0000
CAN-RX can0 03C30F0F#87878787878787
CAN-RX can0 08300103#F1FF
CAN-RX can0 02000000#0000
CAN-RX can0 02000000#0000
CAN-TX can0 78F#208000001F000000
CAN-RX can0 00E#6E4621DF00000000
CAN-RX can0 790#CF80000020000000
CAN-RX can0 02000000#0000
CAN-RX can0 08300103#0300
CAN-RX can0 02000000#0000
CAN-RX can0 02000000#0000
CAN-RX can0 140C0201#0000
CAN-RX can0 08300103#FDFF
CAN-RX can0 02000000#0000
CAN-RX can0 02000000#0000
CAN-RX can0 00E#6E4621DF00000000
CAN-RX can0 02000000#0000
CAN-RX can0 08300103#E8FF
CAN-RX can0 02000000#0000
CAN-RX can0 02000000#0000
CAN-RX can0 03C30F0F#87878787878787
CAN-RX can0 08300103#FBFF
CAN-RX can0 02000000#0000
CAN-RX can0 02000000#0000
CAN-RX can0 00E#6E4621DF00000000
CAN-RX can0 02000000#0000
CAN-RX can0 08300103#F6FF
CAN-RX can0 02000000#0000
CAN-RX can0 02000000#0000
CAN-RX can0 08300103#FDFF
CAN-RX can0 02000000#0000
CAN-RX can0 14300200#0000
CAN-TX can0 78F#208000001F000000
CAN-RX can0 02000000#0000
CAN-RX can0 00E#6E4621DF00000000
CAN-RX can0 790#CF80000020000000
CAN-RX can0 02000000#0000
CAN-RX can0 08300103#FCFF
CAN-RX can0 02000000#0000
CAN-RX can0 02000000#0000
CAN-RX can0 03C30F0F#87878787878787
CAN-RX can0 1C0C0200#1E
CAN-RX can0 08300103#0000
CAN-RX can0 02000000#0000
CAN-RX can0 02000000#0000
CAN-RX can0 00E#6E4621DF00000000
CAN-RX can0 1C2C0000#2A2316880A1A
CAN-RX can0 02000000#0000
CAN-RX can0 08300103#F7FF
CAN-RX can0 02000000#0000
CAN-RX can0 02000000#0000
CAN-RX can0 08300103#FBFF
CAN-RX can0 02000000#0000
CAN-RX can0 02000000#0000
CAN-RX can0 00E#6E4621DF00000000
CAN-RX can0 02000000#0000
CAN-RX can0 08300103#FEFF
CAN-RX can0 02000000#0000
CAN-RX can0 02000000#0000
CAN-RX can0 03C30F0F#87878787878787
CAN-RX can0 140C0201#0000
CAN-RX can0 08300103#FAFF
CAN-RX can0 02000000#0000
CAN-TX can0 78F#208000001F000000
CAN-RX can0 02000000#0000
CAN-RX can0 00E#6E4621DF00000000
CAN-RX can0 790#CF80000020000000
CAN-RX can0 02000000#0000
CAN-RX can0 08300103#0400
CAN-RX can0 02000000#0000
CAN-RX can0 02000000#0000
CAN-RX can0 08300103#F4FF
CAN-RX can0 02000000#0000
CAN-RX can0 02000000#0000
CAN-RX can0 00E#6E4621DF00000000
CAN-RX can0 02000000#0000
CAN-RX can0 08300103#FBFF
CAN-RX can0 02000000#0000
CAN-RX can0 02000000#0000
CAN-RX can0 03C30F0F#87878787878787
CAN-RX can0 08300103#0800
CAN-RX can0 02000000#0000
CAN-RX can0 14300200#0000
CAN-RX can0 02000000#0000
CAN-RX can0 00E#6E4621DF00000000
CAN-RX can0 02000000#0000
CAN-RX can0 08300103#0900
CAN-RX can0 02000000#0000
CAN-RX can0 02000000#0000
CAN-RX can0 08300103#F1FF
CAN-RX can0 02000000#0000
CAN-TX can0 78F#208000001F000000
CAN-RX can0 02000000#0000
CAN-RX can0 790#CF80000020000000
CAN-RX can0 00E#6E4621DF00000000
CAN-RX can0 02000000#0000
CAN-RX can0 08300103#F2FF
CAN-RX can0 02000000#0000
CAN-RX can0 02000000#0000
CAN-RX can0 03C30F0F#87878787878787
CAN-RX can0 08300103#F7FF
CAN-RX can0 02000000#0000
CAN-RX can0 02000000#0000
CAN-RX can0 00E#6E4621DF00000000
CAN-RX can0 02000000#0000
CAN-RX can0 1C300204#9AE505009AE50500
CAN-RX can0 08300103#E4FF
CAN-RX can0 02000000#0000
CAN-RX can0 02000000#0000
CAN-RX can0 140C0201#0000
CAN-RX can0 08300103#0000
CAN-RX can0 02000000#0000
CAN-RX can0 02000000#0000
CAN-RX can0 00E#6E4621DF00000000
CAN-RX can0 02000000#0000
CAN-RX can0 08300103#0100
CAN-RX can0 02000000#0000
CAN-RX can0 02000000#0000
CAN-RX can0 03C30F0F#87878787878787
CAN-RX can0 08300103#0700
CAN-RX can0 02000000#0000
CAN-TX can0 78F#208000001F000000
CAN-RX can0 02000000#0000
CAN-RX can0 790#CF80000020000000
CAN-RX can0 00E#6E4621DF00000000
CAN-RX can0 02000000#0000
CAN-RX can0 08300103#EDFF
CAN-RX can0 02000000#0000
CAN-RX can0 02000000#0000
CAN-RX can0 08300103#FEFF
CAN-RX can0 02000000#0000
CAN-RX can0 14300200#0000
CAN-RX can0 02000000#0000
CAN-RX can0 00E#6E4621DF00000000
CAN-RX can0 02000000#0000
CAN-RX can0 08300103#0300
CAN-RX can0 02000000#0000
CAN-RX can0 02000000#0000
CAN-RX can0 03C30F0F#87878787878787
CAN-RX can0 08300103#FDFF
CAN-RX can0 02000000#0000
CAN-RX can0 02000000#0000
CAN-RX can0 00E#6E4621DF00000000
CAN-RX can0 02000000#0000
CAN-RX can0 0C140300#C2
CAN-RX can0 08300103#FBFF
CAN-RX can0 02000000#0000
CAN-TX can0 78F#208000001F000000
CAN-RX can0 02000000#0000
CAN-RX can0 08300103#F8FF
CAN-RX can0 02000000#0000
CAN-RX can0 790#CF80000020000000
CAN-RX can0 02000000#0000
CAN-RX can0 00E#6E4621DF00000000
CAN-RX can0 02000000#0000
CAN-RX can0 02000000#0000
CAN-RX can0 02000000#0000
CAN-RX can0 03C30F0F#87878787878787
CAN-RX can0 140C0201#0000
CAN-RX can0 02000000#0000
CAN-RX can0 02000000#0000
CAN-RX can0 00E#6E4621DF00000000
CAN-RX can0 02000000#0000
CAN-RX can0 02000000#0000
CAN-RX can0 02000000#0000
CAN-RX can0 08300103#F1FF
CAN-RX can0 02000000#0000
CAN-RX can0 02000000#0000
CAN-RX can0 0C140200#C0
CAN-RX can0 00E#6E4621DF00000000
CAN-RX can0 02000000#0000
CAN-RX can0 08300103#0200
CAN-RX can0 02000000#0000
CAN-TX can0 78F#208000001F000000
CAN-RX can0 02000000#0000
CAN-RX can0 03C30F0F#87878787878787
CAN-RX can0 08300103#F7FF
CAN-RX can0 02000000#0000
CAN-RX can0 14300200#0000
CAN-RX can0 790#CF80000020000000
CAN-RX can0 02000000#0000
CAN-RX can0 00E#6E4621DF00000000
CAN-RX can0 02000000#0000
CAN-RX can0 08300103#FAFF
CAN-RX can0 02000000#0000
CAN-RX can0 02000000#0000
CAN-RX can0 08300103#F8FF
CAN-RX can0 02000000#0000
CAN-RX can0 02000000#0000
CAN-RX can0 0C140200#C1
CAN-RX can0 00E#6E4621DF00000000
CAN-RX can0 02000000#0000
CAN-RX can0 08300103#FEFF
CAN-RX can0 02000000#0000
CAN-RX can0 02000000#0000
CAN-RX can0 03C30F0F#87878787878787
CAN-RX can0 08300103#F9FF
CAN-RX can0 02000000#0000
CAN-RX can0 02000000#0000
CAN-RX can0 00E#6E4621DF00000000
CAN-RX can0 02000000#0000
CAN-RX can0 08300103#0B00
CAN-RX can0 02000000#0000
CAN-TX can0 78F#208000001F000000
CAN-RX can0 02000000#0000
CAN-RX can0 140C0201#0000
CAN-RX can0 790#CF80000020000000
CAN-RX can0 08300103#0400
CAN-RX can0 02000000#0000
CAN-RX can0 02000000#0000
CAN-RX can0 00E#6E4621DF00000000
CAN-RX can0 02000000#0000
CAN-RX can0 08300103#0500
CAN-RX can0 02000000#0000
CAN-RX can0 02000000#0000
CAN-RX can0 03C30F0F#87878787878787
CAN-RX can0 08300103#F9FF
CAN-RX can0 02000000#0000
CAN-RX can0 02000000#0000
CAN-RX can0 00E#6E4621DF00000000
CAN-RX can0 02000000#0000
CAN-RX can0 08300103#0200
CAN-RX can0 02000000#0000
CAN-RX can0 02000000#0000
CAN-RX can0 08300103#F6FF
CAN-RX can0 02000000#0000
CAN-RX can0 14300200#0000
CAN-RX can0 02000000#0000
CAN-RX can0 00E#6E4621DF00000000
CAN-RX can0 02000000#0000
CAN-RX can0 08300103#F4FF
CAN-RX can0 02000000#0000
CAN-TX can0 78F#208000001F000000
CAN-RX can0 790#CF80000020000000
CAN-RX can0 02000000#0000
CAN-RX can0 03C30F0F#87878787878787
CAN-RX can0 1C0C0200#1E
CAN-RX can0 08300103#EFFF
CAN-RX can0 02000000#0000
CAN-RX can0 02000000#0000
CAN-RX can0 00E#6E4621DF00000000
CAN-RX can0 1C2C0000#2B2316880A1A
CAN-RX can0 02000000#0000
CAN-RX can0 08300103#0300
CAN-RX can0 02000000#0000
CAN-RX can0 02000000#0000
CAN-RX can0 08300103#FBFF
CAN-RX can0 02000000#0000
CAN-RX can0 02000000#0000
CAN-RX can0 00E#6E4621DF00000000
CAN-RX can0 02000000#0000
CAN-RX can0 08300103#0700
CAN-RX can0 02000000#0000
CAN-RX can0 02000000#0000
CAN-RX can0 03C30F0F#87878787878787
CAN-RX can0 140C0201#0000
CAN-RX can0 08300103#0000
CAN-RX can0 02000000#0000
CAN-RX can0 02000000#0000
CAN-RX can0 00E#6E4621DF00000000
CAN-RX can0 08300103#FAFF
CAN-RX can0 02000000#0000
CAN-RX can0 02000000#0000
CAN-TX can0 78F#208000001F000000
CAN-RX can0 790#CF80000020000000
CAN-RX can0 02000000#0000
CAN-RX can0 08300103#FBFF
CAN-RX can0 02000000#0000
CAN-RX can0 02000000#0000
CAN-RX can0 00E#6E4621DF00000000
CAN-RX can0 08300103#0500
CAN-RX can0 02000000#0000
CAN-RX can0 02000000#0000
CAN-RX can0 02000000#0000
CAN-RX can0 03C30F0F#87878787878787
CAN-RX can0 08300103#F1FF
CAN-RX can0 02000000#0000
CAN-RX can0 14300200#0000
CAN-RX can0 02000000#0000
CAN-RX can0 00E#6E4621DF00000000
CAN-RX can0 08300103#0400
CAN-RX can0 02000000#0000
CAN-RX can0 02000000#0000
CAN-RX can0 02000000#0000
CAN-RX can0 08300103#0600
CAN-RX can0 02000000#0000
CAN-RX can0 02000000#0000
CAN-RX can0 00E#6E4621DF00000000
CAN-RX can0 08300103#E2FF
CAN-RX can0 02000000#0000
CAN-TX can0 78F#208000001F000000
CAN-RX can0 02000000#0000
CAN-RX can0 790#CF80000020000000
CAN-RX can0 02000000#0000
CAN-RX can0 03C30F0F#87878787878787
CAN-RX can0 08300103#F7FF
CAN-RX can0 02000000#0000
CAN-RX can0 02000000#0000
CAN-RX can0 00E#6E4621DF00000000
CAN-RX can0 08300103#F7FF
CAN-RX can0 02000000#0000
CAN-RX can0 02000000#0000
CAN-RX can0 1C300204#9AE505009AE50500
CAN-RX can0 02000000#0000
CAN-RX can0 140C0201#0000
CAN-RX can0 08300103#F3FF
CAN-RX can0 02000000#0000
CAN-RX can0 02000000#0000
CAN-RX can0 00E#6E4621DF00000000
CAN-RX can0 08300103#0300
CAN-RX can0 02000000#0000
CAN-RX can0 02000000#0000
CAN-RX can0 02000000#0000
CAN-RX can0 03C30F0F#87878787878787
CAN-RX can0 08300103#0600
CAN-RX can0 02000000#0000
CAN-RX can0 02000000#0000
CAN-RX can0 00E#6E4621DF00000000
CAN-RX can0 08300103#F5FF
CAN-RX can0 02000000#0000
CAN-TX can0 78F#208000001F000000
CAN-RX can0 02000000#0000
CAN-RX can0 790#CF80000020000000
CAN-RX can0 02000000#0000
CAN-RX can0 08300103#0500
CAN-RX can0 02000000#0000
CAN-RX can0 14300200#0000
CAN-RX can0 02000000#0000
CAN-RX can0 00E#6E4621DF00000000
CAN-RX can0 08300103#0600
CAN-RX can0 02000000#0000
CAN-RX can0 02000000#0000
CAN-RX can0 02000000#0000
CAN-RX can0 03C30F0F#87878787878787
CAN-RX can0 08300103#0400
CAN-RX can0 02000000#0000
CAN-RX can0 02000000#0000
CAN-RX can0 00E#6E4621DF00000000
CAN-RX can0 08300103#0000
CAN-RX can0 02000000#0000
CAN-RX can0 0C140300#C2
CAN-RX can0 02000000#0000
CAN-RX can0 02000000#0000
CAN-RX can0 08300103#0000
CAN-RX can0 02000000#0000
CAN-RX can0 02000000#0000
CAN-RX can0 00E#6E4621DF00000000
CAN-RX can0 02000000#0000
CAN-TX can0 78F#208000001F000000
CAN-RX can0 02000000#0000
CAN-RX can0 790#CF80000020000000
CAN-RX can0 02000000#0000
CAN-RX can0 03C30F0F#87878787878787
CAN-RX can0 140C0201#0000
CAN-RX can0 02000000#0000
CAN-RX can0 02000000#0000
CAN-RX can0 00E#6E4621DF00000000
CAN-RX can0 02000000#0000
CAN-RX can0 02000000#0000
CAN-RX can0 02000000#0000
CAN-RX can0 08300103#EEFF
CAN-RX can0 02000000#0000
CAN-RX can0 02000000#0000
CAN-RX can0 0C140200#C0
CAN-RX can0 00E#6E4621DF00000000
CAN-RX can0 08300103#F6FF
CAN-RX can0 02000000#0000
CAN-RX can0 02000000#0000
CAN-RX can0 02000000#0000
CAN-RX can0 03C30F0F#87878787878787
CAN-RX can0 08300103#F0FF
CAN-RX can0 02000000#0000
CAN-RX can0 14300200#0000
CAN-TX can0 78F#208000001F000000
CAN-RX can0 02000000#0000
CAN-RX can0 00E#6E4621DF00000000
CAN-RX can0 08300103#FEFF
CAN-RX can0 02000000#0000
CAN-RX can0 790#CF80000020000000
CAN-RX can0 02000000#0000
CAN-RX can0 02000000#0000
CAN-RX can0 08300103#FBFF
CAN-RX can0 02000000#0000
CAN-RX can0 02000000#0000
CAN-RX can0 0C140200#C1
CAN-RX can0 00E#6E4621DF00000000
CAN-RX can0 08300103#FDFF
CAN-RX can0 02000000#0000
CAN-RX can0 02000000#0000
CAN-RX can0 02000000#0000
CAN-RX can0 03C30F0F#87878787878787
CAN-RX can0 08300103#EBFF
CAN-RX can0 02000000#0000
CAN-RX can0 02000000#0000
CAN-RX can0 00E#6E4621DF00000000
CAN-RX can0 08300103#FFFF
CAN-RX can0 02000000#0000
CAN-RX can0 02000000#0000
CAN-RX can0 02000000#0000
CAN-RX can0 140C0201#0000
CAN-RX can0 08300103#F8FF
CAN-RX can0 02000000#0000
CAN-TX can0 78F#208000001F000000
CAN-RX can0 02000000#0000
CAN-RX can0 00E#6E4621DF00000000
CAN-RX can0 08300103#0600
CAN-RX can0 02000000#0000
CAN-RX can0 790#CF80000020000000
CAN-RX can0 02000000#0000
CAN-RX can0 02000000#0000
CAN-RX can0 03C30F0F#87878787878787
CAN-RX can0 08300103#0400
CAN-RX can0 02000000#0000
CAN-RX can0 02000000#0000
CAN-RX can0 00E#6E4621DF00000000
CAN-RX can0 08300103#0600
CAN-RX can0 02000000#0000
CAN-RX can0 02000000#0000
CAN-RX can0 02000000#0000
CAN-RX can0 08300103#F0FF
CAN-RX can0 02000000#0000
CAN-RX can0 14300200#0000
CAN-RX can0 02000000#0000
CAN-RX can0 00E#6E4621DF00000000
CAN-RX can0 08300103#0000
CAN-RX can0 02000000#0000
CAN-RX can0 02000000#0000
CAN-RX can0 02000000#0000
CAN-RX can0 03C30F0F#87878787878787
CAN-RX can0 1C0C0200#1E
CAN-RX can0 08300103#0000
CAN-RX can0 02000000#0000
CAN-RX can0 02000000#0000
CAN-RX can0 00E#6E4621DF00000000
CAN-RX can0 1C2C0000#2C2316880A1A
CAN-RX can0 08300103#FBFF
CAN-RX can0 02000000#0000
CAN-TX can0 78F#208000001F000000
CAN-RX can0 02000000#0000
CAN-RX can0 790#CF80000020000000
CAN-RX can0 02000000#0000
CAN-RX can0 08300103#F8FF
CAN-RX can0 02000000#0000
CAN-RX can0 02000000#0000
CAN-RX can0 00E#6E4621DF00000000
CAN-RX can0 08300103#0600
CAN-RX can0 02000000#0000
CAN-RX can0 02000000#0000
CAN-RX can0 02000000#0000
CAN-RX can0 03C30F0F#87878787878787
CAN-RX can0 140C0201#0000
CAN-RX can0 08300103#0B00
CAN-RX can0 02000000#0000
CAN-RX can0 02000000#0000
CAN-RX can0 00E#6E4621DF00000000
CAN-RX can0 08300103#F3FF
CAN-RX can0 02000000#0000
CAN-RX can0 02000000#0000
CAN-RX can0 02000000#0000
CAN-RX can0 08300103#0100
CAN-RX can0 02000000#0000
CAN-RX can0 02000000#0000
CAN-RX can0 00E#6E4621DF00000000
CAN-RX can0 08300103#FFFF
CAN-RX can0 02000000#0000
CAN-TX can0 78F#208000001F000000
CAN-RX can0 02000000#0000
CAN-RX can0 790#CF80000020000000
CAN-RX can0 02000000#0000
CAN-RX can0 03C30F0F#87878787878787
CAN-RX can0 08300103#0500
CAN-RX can0 02000000#0000
CAN-RX can0 14300200#0000
CAN-RX can0 02000000#0000
CAN-RX can0 00E#6E4621DF00000000
CAN-RX can0 08300103#FDFF
CAN-RX can0 02000000#0000
CAN-RX can0 02000000#0000
CAN-RX can0 02000000#0000
CAN-RX can0 08300103#FAFF
CAN-RX can0 02000000#0000
CAN-RX can0 02000000#0000
CAN-RX can0 00E#6E4621DF00000000
CAN-RX can0 08300103#0600
CAN-RX can0 02000000#0000
CAN-RX can0 02000000#0000
CAN-RX can0 02000000#0000
CAN-RX can0 03C30F0F#87878787878787
CAN-RX can0 08300103#FFFF
CAN-RX can0 02000000#0000
CAN-RX can0 02000000#0000
CAN-RX can0 00E#6E4621DF00000000
CAN-RX can0 08300103#FBFF
CAN-RX can0 02000000#0000
CAN-TX can0 78F#208000001F000000
CAN-RX can0 790#CF80000020000000
CAN-RX can0 02000000#0000
CAN-RX can0 02000000#0000
CAN-RX can0 140C0201#0000
CAN-RX can0 1C300204#9AE505009AE50500
CAN-RX can0 08300103#FCFF
CAN-RX can0 02000000#0000
CAN-RX can0 02000000#0000
CAN-RX can0 00E#6E4621DF00000000
CAN-RX can0 08300103#F3FF
CAN-RX can0 02000000#0000
CAN-RX can0 02000000#0000
CAN-RX can0 02000000#0000
CAN-RX can0 03C30F0F#87878787878787
CAN-RX can0 08300103#0600
CAN-RX can0 02000000#0000
CAN-RX can0 02000000#0000
CAN-RX can0 00E#6E4621DF00000000
CAN-RX can0 08300103#FAFF
CAN-RX can0 02000000#0000
CAN-RX can0 02000000#0000
CAN-RX can0 02000000#0000
CAN-RX can0 08300103#0900
CAN-RX can0 02000000#0000
CAN-RX can0 14300200#0000
CAN-RX can0 02000000#0000
CAN-RX can0 00E#6E4621DF00000000
CAN-RX can0 08300103#0000
CAN-RX can0 02000000#0000
CAN-TX can0 78F#208000001F000000
CAN-RX can0 790#CF80000020000000
CAN-RX can0 02000000#0000
CAN-RX can0 02000000#0000
CAN-RX can0 03C30F0F#87878787878787
CAN-RX can0 08300103#F2FF
CAN-RX can0 02000000#0000
CAN-RX can0 02000000#0000
CAN-RX can0 00E#6E4621DF00000000
CAN-RX can0 08300103#0D00
CAN-RX can0 0C140300#C2
CAN-RX can0 02000000#0000
CAN-RX can0 02000000#0000
CAN-RX can0 02000000#0000
CAN-RX can0 08300103#0300
CAN-RX can0 02000000#0000
CAN-RX can0 02000000#0000
CAN-RX can0 00E#6E4621DF00000000
CAN-RX can0 02000000#0000
CAN-RX can0 02000000#0000
CAN-RX can0 02000000#0000
CAN-RX can0 03C30F0F#87878787878787
CAN-RX can0 140C0201#0000
CAN-RX can0 02000000#0000
CAN-RX can0 02000000#0000
CAN-RX can0 00E#6E4621DF00000000
CAN-RX can0 02000000#0000
CAN-TX can0 78F#208000001F000000
CAN-RX can0 790#CF80000020000000
CAN-RX can0 02000000#0000
CAN-RX can0 02000000#0000
CAN-RX can0 08300103#FDFF
CAN-RX can0 02000000#0000
CAN-RX can0 02000000#0000
CAN-RX can0 0C140200#C0
CAN-RX can0 00E#6E4621DF00000000
CAN-RX can0 08300103#FDFF
CAN-RX can0 02000000#0000
CAN-RX can0 02000000#0000
CAN-RX can0 02000000#0000
CAN-RX can0 03C30F0F#87878787878787
CAN-RX can0 08300103#FEFF
CAN-RX can0 02000000#0000
CAN-RX can0 14300200#0000
CAN-RX can0 02000000#0000
CAN-RX can0 00E#6E4621DF00000000
CAN-RX can0 08300103#F6FF
CAN-RX can0 02000000#0000
CAN-RX can0 02000000#0000
CAN-RX can0 02000000#0000
CAN-RX can0 08300103#FEFF
CAN-RX can0 02000000#0000
CAN-RX can0 02000000#0000
CAN-RX can0 0C140200#C1
CAN-RX can0 00E#6E4621DF00000000
CAN-RX can0 08300103#FCFF
CAN-RX can0 02000000#0000
CAN-TX can0 78F#208000001F000000
CAN-RX can0 790#CF80000020000000
CAN-RX can0 02000000#0000
CAN-RX can0 02000000#0000
CAN-RX can0 03C30F0F#87878787878787
CAN-RX can0 08300103#0500
CAN-RX can0 02000000#0000
CAN-RX can0 02000000#0000
CAN-RX can0 00E#6E4621DF00000000
CAN-RX can0 08300103#FDFF
CAN-RX can0 02000000#0000
CAN-RX can0 02000000#0000
CAN-RX can0 02000000#0000
CAN-RX can0 08300103#F6FF
CAN-RX can0 140C0201#0000
CAN-RX can0 02000000#0000
CAN-RX can0 02000000#0000
CAN-RX can0 00E#6E4621DF00000000
CAN-RX can0 08300103#F7FF
CAN-RX can0 02000000#0000
CAN-RX can0 02000000#0000
CAN-RX can0 02000000#0000
CAN-RX can0 03C30F0F#87878787878787
CAN-RX can0 08300103#F6FF
CAN-RX can0 02000000#0000
CAN-RX can0 02000000#0000
CAN-RX can0 00E#6E4621DF00000000
CAN-RX can0 08300103#0800
CAN-RX can0 02000000#0000
CAN-TX can0 78F#208000001F000000
CAN-RX can0 790#CF80000020000000
CAN-RX can0 02000000#0000
CAN-RX can0 02000000#0000
CAN-RX can0 08300103#0200
CAN-RX can0 02000000#0000
CAN-RX can0 14300200#0000
CAN-RX can0 02000000#0000
CAN-RX can0 00E#6E4621DF00000000
CAN-RX can0 08300103#0800
CAN-RX can0 02000000#0000
CAN-RX can0 02000000#0000
CAN-RX can0 02000000#0000
CAN-RX can0 03C30F0F#87878787878787
CAN-RX can0 08300103#0600
CAN-RX can0 1C0C0200#1E
CAN-RX can0 02000000#0000
CAN-RX can0 02000000#0000
CAN-RX can0 00E#6E4621DF00000000
CAN-RX can0 08300103#0200
CAN-RX can0 1C2C0000#2D2316880A1A
CAN-RX can0 02000000#0000
CAN-RX can0 02000000#0000
CAN-RX can0 02000000#0000
CAN-RX can0 08300103#FAFF
CAN-RX can0 02000000#0000
CAN-RX can0 02000000#0000
CAN-RX can0 00E#6E4621DF00000000
CAN-RX can0 08300103#FEFF
CAN-TX can0 78F#208000001F000000
CAN-RX can0 02000000#0000
CAN-RX can0 790#CF80000020000000
CAN-RX can0 02000000#0000
CAN-RX can0 08300103#FEFF
CAN-RX can0 02000000#0000
CAN-RX can0 03C30F0F#87878787878787
CAN-RX can0 140C0201#0000
CAN-RX can0 02000000#0000
CAN-RX can0 02000000#0000
CAN-RX can0 00E#6E4621DF00000000
CAN-RX can0 08300103#0000
CAN-RX can0 02000000#0000
CAN-RX can0 02000000#0000
CAN-RX can0 08300103#F3FF
CAN-RX can0 02000000#0000
CAN-RX can0 02000000#0000
CAN-RX can0 02000000#0000
CAN-RX can0 00E#6E4621DF00000000
CAN-RX can0 08300103#EFFF
CAN-RX can0 02000000#0000
CAN-RX can0 02000000#0000
CAN-RX can0 08300103#FDFF
CAN-RX can0 02000000#0000
CAN-RX can0 03C30F0F#87878787878787
CAN-RX can0 02000000#0000
CAN-TX can0 78F#208000001F000000
CAN-RX can0 14300200#0000
CAN-RX can0 02000000#0000
CAN-RX can0 00E#6E4621DF00000000
CAN-RX can0 08300103#1100
CAN-RX can0 02000000#0000
CAN-RX can0 790#CF80000020000000
CAN-RX can0 02000000#0000
CAN-RX can0 08300103#FDFF
CAN-RX can0 02000000#0000
CAN-RX can0 02000000#0000
CAN-RX can0 02000000#0000
CAN-RX can0 00E#6E4621DF00000000
CAN-RX can0 08300103#FEFF
CAN-RX can0 02000000#0000
CAN-RX can0 02000000#0000
CAN-RX can0 08300103#FDFF
CAN-RX can0 02000000#0000
CAN-RX can0 03C30F0F#87878787878787
CAN-RX can0 02000000#0000
CAN-RX can0 02000000#0000
CAN-RX can0 00E#6E4621DF00000000
CAN-RX can0 08300103#0400
CAN-RX can0 02000000#0000
CAN-RX can0 02000000#0000
CAN-RX can0 08300103#F4FF
CAN-RX can0 02000000#0000
CAN-RX can0 140C0201#0000
CAN-RX can0 02000000#0000
CAN-RX can0 1C300204#9AE505009AE50500
CAN-RX can0 02000000#0000
CAN-RX can0 00E#6E4621DF00000000
CAN-RX can0 08300103#0700
CAN-RX can0 02000000#0000
CAN-TX can0 78F#208000001F000000
CAN-RX can0 790#CF80000020000000
CAN-RX can0 02000000#0000
CAN-RX can0 08300103#FAFF
CAN-RX can0 02000000#0000
CAN-RX can0 03C30F0F#87878787878787
CAN-RX can0 02000000#0000
CAN-RX can0 02000000#0000
CAN-RX can0 00E#6E4621DF00000000
CAN-RX can0 08300103#0200
CAN-RX can0 02000000#0000
CAN-RX can0 02000000#0000
CAN-RX can0 08300103#0500
CAN-RX can0 02000000#0000
CAN-RX can0 02000000#0000
CAN-RX can0 14300200#0000
CAN-RX can0 02000000#0000
CAN-RX can0 00E#6E4621DF00000000
CAN-RX can0 08300103#F6FF
CAN-RX can0 02000000#0000
CAN-RX can0 02000000#0000
CAN-RX can0 08300103#F6FF
CAN-RX can0 02000000#0000
CAN-RX can0 03C30F0F#87878787878787
CAN-RX can0 02000000#0000
CAN-TX can0 78F#208000001F000000
CAN-RX can0 02000000#0000
CAN-RX can0 00E#6E4621DF00000000
CAN-RX can0 08300103#F9FF
CAN-RX can0 0C140300#C2
CAN-RX can0 02000000#0000
CAN-RX can0 790#CF80000020000000
CAN-RX can0 02000000#0000
CAN-RX can0 08300103#FEFF
CAN-RX can0 02000000#0000
CAN-RX can0 02000000#0000
CAN-RX can0 02000000#0000
CAN-RX can0 00E#6E4621DF00000000
CAN-RX can0 02000000#0000
CAN-RX can0 02000000#0000
CAN-RX can0 02000000#0000
CAN-RX can0 03C30F0F#87878787878787
CAN-RX can0 140C0201#0000
CAN-RX can0 02000000#0000
CAN-RX can0 02000000#0000
CAN-RX can0 00E#6E4621DF00000000
CAN-RX can0 02000000#0000
CAN-RX can0 02000000#0000
CAN-RX can0 08300103#F6FF
CAN-RX can0 02000000#0000
CAN-RX can0 02000000#0000
CAN-TX can0 78F#208000001F000000
CAN-RX can0 02000000#0000
CAN-RX can0 0C140200#C0
CAN-RX can0 790#CF80000020000000
CAN-RX can0 08300103#F7FF
CAN-RX can0 00E#6E4621DF00000000
CAN-RX can0 02000000#0000
CAN-RX can0 02000000#0000
CAN-RX can0 08300103#FCFF
CAN-RX can0 02000000#0000
CAN-RX can0 03C30F0F#87878787878787
CAN-RX can0 02000000#0000
CAN-RX can0 14300200#0000
CAN-RX can0 02000000#0000
CAN-RX can0 08300103#FCFF
CAN-RX can0 00E#6E4621DF00000000
CAN-RX can0 02000000#0000
CAN-RX can0 02000000#0000
CAN-RX can0 08300103#0200
CAN-RX can0 02000000#0000
CAN-RX can0 02000000#0000
CAN-RX can0 02000000#0000
CAN-RX can0 0C140200#C1
CAN-RX can0 08300103#FEFF
CAN-RX can0 00E#6E4621DF00000000
CAN-RX can0 02000000#0000
CAN-RX can0 02000000#0000
CAN-RX can0 08300103#0300
CAN-RX can0 02000000#0000
CAN-RX can0 03C30F0F#87878787878787
CAN-TX can0 78F#208000001F000000
CAN-RX can0 02000000#0000
CAN-RX can0 790#CF80000020000000
CAN-RX can0 02000000#0000
CAN-RX can0 08300103#FDFF
CAN-RX can0 00E#6E4621DF00000000
CAN-RX can0 02000000#0000
CAN-RX can0 02000000#0000
CAN-RX can0 08300103#FCFF
CAN-RX can0 02000000#0000
CAN-RX can0 140C0201#0000
CAN-RX can0 02000000#0000
CAN-RX can0 02000000#0000
CAN-RX can0 08300103#ECFF
CAN-RX can0 00E#6E4621DF00000000
CAN-RX can0 02000000#0000
CAN-RX can0 02000000#0000
CAN-RX can0 08300103#F4FF
CAN-RX can0 02000000#0000
CAN-RX can0 03C30F0F#87878787878787
CAN-RX can0 02000000#0000
CAN-RX can0 02000000#0000
CAN-RX can0 08300103#F9FF
CAN-RX can0 00E#6E4621DF00000000
CAN-RX can0 02000000#0000
CAN-RX can0 02000000#0000
CAN-RX can0 08300103#FEFF
CAN-RX can0 02000000#0000
CAN-TX can0 78F#208000001F000000
CAN-RX can0 02000000#0000
CAN-RX can0 14300200#0000
CAN-RX can0 790#CF80000020000000
CAN-RX can0 02000000#0000
CAN-RX can0 08300103#F1FF
CAN-RX can0 00E#6E4621DF00000000
CAN-RX can0 02000000#0000
CAN-RX can0 02000000#0000
CAN-RX can0 08300103#0200
CAN-RX can0 02000000#0000
CAN-RX can0 03C30F0F#87878787878787
CAN-RX can0 1C0C0200#1E
CAN-RX can0 02000000#0000
CAN-RX can0 02000000#0000
CAN-RX can0 08300103#0A00
CAN-RX can0 00E#6E4621DF00000000
CAN-RX can0 1C2C0000#2E2316880A1A
CAN-RX can0 02000000#0000
CAN-RX can0 02000000#0000
CAN-RX can0 08300103#FBFF
CAN-RX can0 02000000#0000
CAN-RX can0 02000000#0000
CAN-RX can0 02000000#0000
CAN-RX can0 08300103#FFFF
CAN-RX can0 00E#6E4621DF00000000
CAN-RX can0 02000000#0000
CAN-RX can0 02000000#0000
CAN-RX can0 08300103#FEFF
CAN-RX can0 02000000#0000
CAN-RX can0 03C30F0F#87878787878787
CAN-RX can0 140C0201#0000
CAN-RX can0 02000000#0000
CAN-RX can0 02000000#0000
CAN-RX can0 08300103#0900
CAN-RX can0 00E#6E4621DF00000000
CAN-RX can0 02000000#0000
CAN-RX can0 02000000#0000
CAN-RX can0 08300103#0400
CAN-RX can0 02000000#0000
CAN-RX can0 02000000#0000
CAN-RX can0 02000000#0000
CAN-RX can0 08300103#0800
CAN-RX can0 00E#6E4621DF00000000
CAN-RX can0 02000000#0000
CAN-RX can0 02000000#0000
CAN-RX can0 08300103#FEFF
CAN-RX can0 02000000#0000
CAN-RX can0 03C30F0F#87878787878787
CAN-RX can0 02000000#0000
CAN-RX can0 14300200#0000
CAN-RX can0 02000000#0000
CAN-RX can0 08300103#F6FF
CAN-RX can0 00E#6E4621DF00000000
CAN-RX can0 02000000#0000
CAN-RX can0 02000000#0000
CAN-RX can0 08300103#FBFF
CAN-RX can0 02000000#0000
CAN-RX can0 02000000#0000
CAN-RX can0 02000000#0000
CAN-RX can0 08300103#FAFF
CAN-RX can0 00E#6E4621DF00000000
CAN-RX can0 02000000#0000
CAN-RX can0 02000000#0000
CAN-RX can0 08300103#FDFF
CAN-RX can0 02000000#0000
CAN-RX can0 03C30F0F#87878787878787
CAN-RX can0 02000000#0000
CAN-RX can0 02000000#0000
CAN-RX can0 08300103#F5FF
CAN-RX can0 00E#6E4621DF00000000
CAN-RX can0 02000000#0000
CAN-RX can0 02000000#0000
CAN-RX can0 08300103#EFFF
CAN-RX can0 02000000#0000
CAN-RX can0 140C0201#0000
CAN-RX can0 02000000#0000
CAN-RX can0 02000000#0000
CAN-RX can0 1C300204#9AE505009AE50500
CAN-RX can0 08300103#F3FF
CAN-RX can0 00E#6E4621DF00000000
CAN-RX can0 02000000#0000
CAN-RX can0 02000000#0000
CAN-RX can0 08300103#0300
CAN-RX can0 02000000#0000
CAN-RX can0 03C30F0F#87878787878787
CAN-TX can0 78F#208000001F000000
CAN-RX can0 02000000#0000
CAN-RX can0 790#CF80000020000000
CAN-RX can0 02000000#0000
CAN-RX can0 08300103#0100
CAN-RX can0 00E#6E4621DF00000000
CAN-RX can0 02000000#0000
CAN-RX can0 02000000#0000
CAN-RX can0 08300103#F7FF
CAN-RX can0 02000000#0000
CAN-RX can0 02000000#0000
CAN-RX can0 14300200#0000
CAN-RX can0 02000000#0000
CAN-RX can0 08300103#FCFF
CAN-RX can0 00E#6E4621DF00000000
CAN-RX can0 02000000#0000
CAN-RX can0 02000000#0000
CAN-RX can0 08300103#FEFF
CAN-RX can0 02000000#0000
CAN-RX can0 03C30F0F#87878787878787
CAN-RX can0 02000000#0000
CAN-RX can0 02000000#0000
CAN-RX can0 08300103#0600
CAN-RX can0 00E#6E4621DF00000000
CAN-RX can0 0C140300#C2
CAN-RX can0 02000000#0000
CAN-RX can0 02000000#0000
CAN-RX can0 08300103#0100
CAN-RX can0 02000000#0000
CAN-TX can0 78F#208000001F000000
CAN-RX can0 02000000#0000
CAN-RX can0 790#CF80000020000000
CAN-RX can0 02000000#0000
CAN-RX can0 00E#6E4621DF00000000
CAN-RX can0 02000000#0000
CAN-RX can0 02000000#0000
CAN-RX can0 02000000#0000
CAN-RX can0 03C30F0F#87878787878787
CAN-RX can0 140C0201#0000
CAN-RX can0 02000000#0000
CAN-RX can0 02000000#0000
CAN-RX can0 00E#6E4621DF00000000
CAN-RX can0 02000000#0000
CAN-RX can0 02000000#0000
CAN-RX can0 08300103#0600
CAN-RX can0 02000000#0000
CAN-RX can0 02000000#0000
CAN-RX can0 02000000#0000
CAN-RX can0 0C140200#C0
CAN-RX can0 08300103#F1FF
CAN-RX can0 00E#6E4621DF00000000
CAN-RX can0 02000000#0000
CAN-RX can0 02000000#0000
CAN-RX can0 08300103#FFFF
CAN-RX can0 02000000#0000
CAN-RX can0 03C30F0F#87878787878787
CAN-TX can0 78F#208000001F000000
CAN-RX can0 02000000#0000
CAN-RX can0 14300200#0000
CAN-RX can0 790#CF80000020000000
CAN-RX can0 02000000#0000
CAN-RX can0 08300103#F3FF
CAN-RX can0 00E#6E4621DF00000000
CAN-RX can0 02000000#0000
CAN-RX can0 02000000#0000
CAN-RX can0 08300103#0A00
CAN-RX can0 02000000#0000
CAN-RX can0 02000000#0000
CAN-RX can0 02000000#0000
CAN-RX can0 08300103#FAFF
CAN-RX can0 0C140200#C1
CAN-RX can0 00E#6E4621DF00000000
CAN-RX can0 02000000#0000
CAN-RX can0 02000000#0000
CAN-RX can0 08300103#0000
CAN-RX can0 02000000#0000
CAN-RX can0 03C30F0F#87878787878787
CAN-RX can0 02000000#0000
CAN-RX can0 02000000#0000
CAN-RX can0 08300103#F4FF
CAN-RX can0 00E#6E4621DF00000000
CAN-RX can0 02000000#0000
CAN-RX can0 02000000#0000
CAN-RX can0 08300103#F8FF
CAN-RX can0 02000000#0000
CAN-RX can0 140C0201#0000
CAN-TX can0 78F#208000001F000000
CAN-RX can0 790#CF80000020000000
CAN-RX can0 02000000#0000
CAN-RX can0 02000000#0000
CAN-RX can0 08300103#F6FF
CAN-RX can0 00E#6E4621DF00000000
CAN-RX can0 02000000#0000
CAN-RX can0 02000000#0000
CAN-RX can0 08300103#0000
CAN-RX can0 02000000#0000
CAN-RX can0 03C30F0F#87878787878787
CAN-RX can0 02000000#0000
CAN-RX can0 02000000#0000
CAN-RX can0 08300103#F1FF
CAN-RX can0 00E#6E4621DF00000000
CAN-RX can0 02000000#0000
CAN-RX can0 02000000#0000
CAN-RX can0 08300103#F7FF
CAN-RX can0 02000000#0000
CAN-RX can0 02000000#0000
CAN-RX can0 14300200#0000
CAN-RX can0 02000000#0000
CAN-RX can0 08300103#F7FF
CAN-RX can0 00E#6E4621DF00000000
CAN-RX can0 02000000#0000
CAN-RX can0 02000000#0000
CAN-RX can0 08300103#F8FF
CAN-RX can0 02000000#0000
CAN-RX can0 03C30F0F#87878787878787
CAN-RX can0 1C0C0200#1E
CAN-TX can0 78F#208000001F000000
CAN-RX can0 790#CF80000020000000
CAN-RX can0 02000000#0000
CAN-RX can0 02000000#0000
CAN-RX can0 08300103#FDFF
CAN-RX can0 00E#6E4621DF00000000
CAN-RX can0 1C2C0000#2F2316880A1A
CAN-RX can0 02000000#0000
CAN-RX can0 02000000#0000
CAN-RX can0 08300103#0000
CAN-RX can0 02000000#0000
CAN-RX can0 02000000#0000
CAN-RX can0 02000000#0000
CAN-RX can0 08300103#FFFF
CAN-RX can0 00E#6E4621DF00000000
CAN-RX can0 02000000#0000
CAN-RX can0 02000000#0000
CAN-RX can0 08300103#FCFF
CAN-RX can0 02000000#0000
CAN-RX can0 03C30F0F#87878787878787
CAN-RX can0 140C0201#0000
CAN-RX can0 02000000#0000
CAN-RX can0 08300103#F2FF
CAN-RX can0 02000000#0000
CAN-RX can0 00E#6E4621DF00000000
CAN-RX can0 02000000#0000
CAN-RX can0 02000000#0000
CAN-RX can0 08300103#0700
CAN-TX can0 78F#208000001F000000
CAN-RX can0 02000000#0000
CAN-RX can0 790#CF80000020000000
CAN-RX can0 02000000#0000
CAN-RX can0 08300103#0E00
CAN-RX can0 02000000#0000
CAN-RX can0 00E#6E4621DF00000000
CAN-RX can0 02000000#0000
CAN-RX can0 02000000#0000
CAN-RX can0 08300103#FBFF
CAN-RX can0 02000000#0000
CAN-RX can0 03C30F0F#87878787878787
CAN-RX can0 02000000#0000
CAN-RX can0 14300200#0000
CAN-RX can0 08300103#FFFF
CAN-RX can0 02000000#0000
CAN-RX can0 00E#6E4621DF00000000
CAN-RX can0 02000000#0000
CAN-RX can0 02000000#0000
CAN-RX can0 08300103#FFFF
CAN-RX can0 02000000#0000
CAN-RX can0 02000000#0000
CAN-RX can0 08300103#FDFF
CAN-RX can0 02000000#0000
CAN-RX can0 00E#6E4621DF00000000
CAN-RX can0 02000000#0000
CAN-RX can0 02000000#0000
CAN-RX can0 08300103#FDFF
CAN-TX can0 78F#208000001F000000
CAN-RX can0 02000000#0000
CAN-RX can0 03C30F0F#87878787878787
CAN-RX can0 790#CF80000020000000
CAN-RX can0 02000000#0000
CAN-RX can0 08300103#F6FF
CAN-RX can0 02000000#0000
CAN-RX can0 00E#6E4621DF00000000
CAN-RX can0 02000000#0000
CAN-RX can0 02000000#0000
CAN-RX can0 08300103#0900
CAN-RX can0 02000000#0000
CAN-RX can0 140C0201#0000
CAN-RX can0 02000000#0000
CAN-RX can0 08300103#FCFF
CAN-RX can0 02000000#0000
CAN-RX can0 00E#6E4621DF00000000
CAN-RX can0 02000000#0000
CAN-RX can0 1C300204#9AE505009AE50500
CAN-RX can0 02000000#0000
CAN-RX can0 08300103#FEFF
CAN-RX can0 02000000#0000
CAN-RX can0 03C30F0F#87878787878787
CAN-RX can0 02000000#0000
CAN-RX can0 08300103#F6FF
CAN-RX can0 02000000#0000
CAN-RX can0 00E#6E4621DF00000000
CAN-RX can0 02000000#0000
CAN-RX can0 02000000#0000
CAN-RX can0 08300103#0000
CAN-TX can0 78F#208000001F000000
CAN-RX can0 02000000#0000
CAN-RX can0 790#CF80000020000000
CAN-RX can0 02000000#0000
CAN-RX can0 14300200#0000
CAN-RX can0 08300103#FCFF
CAN-RX can0 02000000#0000
CAN-RX can0 00E#6E4621DF00000000
CAN-RX can0 02000000#0000
CAN-RX can0 02000000#0000
CAN-RX can0 08300103#0500
CAN-RX can0 02000000#0000
CAN-RX can0 03C30F0F#87878787878787
CAN-RX can0 02000000#0000
CAN-RX can0 08300103#0100
CAN-RX can0 02000000#0000
CAN-RX can0 00E#6E4621DF00000000
CAN-RX can0 0C140300#C2
CAN-RX can0 02000000#0000
CAN-RX can0 02000000#0000
CAN-RX can0 08300103#0B00
CAN-RX can0 02000000#0000
CAN-RX can0 02000000#0000
CAN-RX can0 02000000#0000
CAN-RX can0 00E#6E4621DF00000000
CAN-RX can0 02000000#0000
CAN-RX can0 02000000#0000
CAN-TX can0 78F#208000001F000000
CAN-RX can0 02000000#0000
CAN-RX can0 03C30F0F#87878787878787
CAN-RX can0 140C0201#0000
CAN-RX can0 790#CF80000020000000
CAN-RX can0 02000000#0000
CAN-RX can0 02000000#0000
CAN-RX can0 00E#6E4621DF00000000
CAN-RX can0 02000000#0000
CAN-RX can0 02000000#0000
CAN-RX can0 08300103#0A00
CAN-RX can0 02000000#0000
CAN-RX can0 02000000#0000
CAN-RX can0 08300103#FCFF
CAN-RX can0 02000000#0000
CAN-RX can0 0C140200#C0
CAN-RX can0 00E#6E4621DF00000000
CAN-RX can0 02000000#0000
CAN-RX can0 02000000#0000
CAN-RX can0 08300103#FDFF
CAN-RX can0 02000000#0000
CAN-RX can0 03C30F0F#87878787878787
CAN-RX can0 02000000#0000
CAN-RX can0 14300200#0000
CAN-RX can0 08300103#0500
CAN-RX can0 02000000#0000
CAN-RX can0 00E#6E4621DF00000000
CAN-RX can0 02000000#0000
CAN-RX can0 02000000#0000
CAN-RX can0 08300103#FDFF
CAN-TX can0 78F#208000001F000000
CAN-RX can0 02000000#0000
CAN-RX can0 790#CF80000020000000
CAN-RX can0 02000000#0000
CAN-RX can0 08300103#0500
CAN-RX can0 02000000#0000
CAN-RX can0 0C140200#C1
CAN-RX can0 00E#6E4621DF00000000
CAN-RX can0 02000000#0000
CAN-RX can0 02000000#0000
CAN-RX can0 08300103#0800
CAN-RX can0 02000000#0000
CAN-RX can0 03C30F0F#87878787878787
CAN-RX can0 02000000#0000
CAN-RX can0 08300103#FFFF
CAN-RX can0 02000000#0000
CAN-RX can0 00E#6E4621DF00000000
CAN-RX can0 02000000#0000
CAN-RX can0 02000000#0000
CAN-RX can0 08300103#0B00
CAN-RX can0 02000000#0000
CAN-RX can0 140C0201#0000
CAN-RX can0 02000000#0000
CAN-RX can0 08300103#FAFF
CAN-RX can0 02000000#0000
CAN-RX can0 00E#6E4621DF00000000
CAN-RX can0 02000000#0000
CAN-RX can0 02000000#0000
CAN-RX can0 08300103#F9FF
CAN-TX can0 78F#208000001F000000
CAN-RX can0 02000000#0000
CAN-RX can0 03C30F0F#87878787878787
CAN-RX can0 790#CF80000020000000
CAN-RX can0 02000000#0000
CAN-RX can0 08300103#0000
CAN-RX can0 02000000#0000
CAN-RX can0 00E#6E4621DF00000000
CAN-RX can0 02000000#0000
CAN-RX can0 02000000#0000
CAN-RX can0 08300103#E7FF
CAN-RX can0 02000000#0000
CAN-RX can0 02000000#0000
CAN-RX can0 14300200#0000
CAN-RX can0 08300103#FCFF
CAN-RX can0 02000000#0000
CAN-RX can0 00E#6E4621DF00000000
CAN-RX can0 02000000#0000
CAN-RX can0 02000000#0000
CAN-RX can0 08300103#F9FF
CAN-RX can0 02000000#0000
CAN-RX can0 03C30F0F#87878787878787
CAN-RX can0 1C0C0200#1E
CAN-RX can0 02000000#0000
CAN-RX can0 08300103#FBFF
CAN-RX can0 02000000#0000
CAN-RX can0 00E#6E4621DF00000000
CAN-RX can0 1C2C0000#302316880A1A
CAN-RX can0 02000000#0000
CAN-RX can0 02000000#0000
CAN-RX can0 08300103#FBFF
CAN-TX can0 78F#208000001F000000
CAN-RX can0 02000000#0000
CAN-RX can0 790#CF80000020000000
CAN-RX can0 02000000#0000
CAN-RX can0 08300103#0300
CAN-RX can0 02000000#0000
CAN-RX can0 00E#6E4621DF00000000
CAN-RX can0 02000000#0000
CAN-RX can0 02000000#0000
CAN-RX can0 08300103#FDFF
CAN-RX can0 02000000#0000
CAN-RX can0 03C30F0F#87878787878787
CAN-RX can0 140C0201#0000
CAN-RX can0 02000000#0000
CAN-RX can0 08300103#EBFF
CAN-RX can0 02000000#0000
CAN-RX can0 00E#6E4621DF00000000
CAN-RX can0 02000000#0000
CAN-RX can0 02000000#0000
CAN-RX can0 08300103#0400
CAN-RX can0 02000000#0000
CAN-RX can0 02000000#0000
CAN-RX can0 08300103#F4FF
CAN-RX can0 02000000#0000
CAN-RX can0 00E#6E4621DF00000000
CAN-RX can0 02000000#0000
CAN-RX can0 02000000#0000
CAN-RX can0 08300103#EEFF
CAN-TX can0 78F#208000001F000000
CAN-RX can0 02000000#0000
CAN-RX can0 03C30F0F#87878787878787
CAN-RX can0 790#CF80000020000000
CAN-RX can0 02000000#0000
CAN-RX can0 14300200#0000
CAN-RX can0 08300103#FAFF
CAN-RX can0 02000000#0000
CAN-RX can0 00E#6E4621DF00000000
CAN-RX can0 02000000#0000
CAN-RX can0 02000000#0000
CAN-RX can0 08300103#F2FF
CAN-RX can0 02000000#0000
CAN-RX can0 02000000#0000
CAN-RX can0 08300103#0000
CAN-RX can0 02000000#0000
CAN-RX can0 00E#6E4621DF00000000
CAN-RX can0 02000000#0000
CAN-RX can0 02000000#0000
CAN-RX can0 08300103#F4FF
CAN-RX can0 02000000#0000
CAN-RX can0 03C30F0F#87878787878787
CAN-RX can0 02000000#0000
CAN-RX can0 08300103#F7FF
CAN-RX can0 02000000#0000
CAN-RX can0 00E#6E4621DF00000000
CAN-RX can0 02000000#0000
CAN-RX can0 02000000#0000
CAN-RX can0 08300103#FDFF
CAN-TX can0 78F#208000001F000000
CAN-RX can0 02000000#0000
CAN-RX can0 140C0201#0000
CAN-RX can0 790#CF80000020000000
CAN-RX can0 02000000#0000
CAN-RX can0 08300103#FCFF
CAN-RX can0 02000000#0000
CAN-RX can0 00E#6E4621DF00000000
CAN-RX can0 02000000#0000
CAN-RX can0 02000000#0000
CAN-RX can0 1C300204#9AE505009AE50500
CAN-RX can0 08300103#0000
CAN-RX can0 02000000#0000
CAN-RX can0 03C30F0F#87878787878787
CAN-RX can0 02000000#0000
CAN-RX can0 08300103#F3FF
CAN-RX can0 02000000#0000
CAN-RX can0 00E#6E4621DF00000000
CAN-RX can0 02000000#0000
CAN-RX can0 02000000#0000
CAN-RX can0 08300103#0000
CAN-RX can0 02000000#0000
CAN-RX can0 02000000#0000
CAN-RX can0 14300200#0000
CAN-RX can0 08300103#FFFF
CAN-RX can0 02000000#0000
CAN-RX can0 00E#6E4621DF00000000
CAN-RX can0 02000000#0000
CAN-RX can0 02000000#0000
CAN-RX can0 08300103#0200
CAN-TX can0 78F#208000001F000000
CAN-RX can0 02000000#0000
CAN-RX can0 03C30F0F#87878787878787
CAN-RX can0 790#CF80000020000000
CAN-RX can0 02000000#0000
CAN-RX can0 08300103#F3FF
CAN-RX can0 02000000#0000
CAN-RX can0 00E#6E4621DF00000000
CAN-RX can0 0C140300#C2
CAN-RX can0 02000000#0000
CAN-RX can0 02000000#0000
CAN-RX can0 08300103#0A00
CAN-RX can0 02000000#0000
CAN-RX can0 02000000#0000
CAN-RX can0 02000000#0000
CAN-RX can0 00E#6E4621DF00000000
CAN-RX can0 02000000#0000
CAN-RX can0 02000000#0000
CAN-RX can0 02000000#0000
CAN-RX can0 03C30F0F#87878787878787
CAN-RX can0 140C0201#0000
CAN-RX can0 02000000#0000
CAN-RX can0 02000000#0000
CAN-RX can0 00E#6E4621DF00000000
CAN-RX can0 02000000#0000
CAN-RX can0 02000000#0000
CAN-RX can0 08300103#0900
CAN-TX can0 78F#208000001F000000
CAN-RX can0 02000000#0000
CAN-RX can0 790#CF80000020000000
CAN-RX can0 02000000#0000
CAN-RX can0 08300103#FAFF
CAN-RX can0 02000000#0000
CAN-RX can0 0C140200#C0
CAN-RX can0 00E#6E4621DF00000000
CAN-RX can0 02000000#0000
CAN-RX can0 02000000#0000
CAN-RX can0 08300103#FBFF
CAN-RX can0 02000000#0000
CAN-RX can0 03C30F0F#87878787878787
CAN-RX can0 02000000#0000
CAN-RX can0 14300200#0000
CAN-RX can0 08300103#0000
CAN-RX can0 02000000#0000
CAN-RX can0 00E#6E4621DF00000000
CAN-RX can0 02000000#0000
CAN-RX can0 02000000#0000
CAN-RX can0 08300103#0C00
CAN-RX can0 02000000#0000
CAN-RX can0 02000000#0000
CAN-RX can0 08300103#FDFF
CAN-RX can0 02000000#0000
CAN-RX can0 0C140200#C1
CAN-RX can0 00E#6E4621DF00000000
CAN-RX can0 02000000#0000
CAN-RX can0 02000000#0000
CAN-RX can0 08300103#FBFF
CAN-TX can0 78F#208000001F000000
CAN-RX can0 790#CF80000020000000
CAN-RX can0 02000000#0000
CAN-RX can0 03C30F0F#87878787878787
CAN-RX can0 02000000#0000
CAN-RX can0 08300103#0400
CAN-RX can0 02000000#0000
CAN-RX can0 00E#6E4621DF00000000
CAN-RX can0 02000000#0000
CAN-RX can0 02000000#0000
CAN-RX can0 08300103#F5FF
CAN-RX can0 02000000#0000
CAN-RX can0 140C0201#0000
CAN-RX can0 02000000#0000
CAN-RX can0 08300103#F7FF
CAN-RX can0 02000000#0000
CAN-RX can0 00E#6E4621DF00000000
CAN-RX can0 02000000#0000
CAN-RX can0 02000000#0000
CAN-RX can0 08300103#FEFF
CAN-RX can0 02000000#0000
CAN-RX can0 03C30F0F#87878787878787
CAN-RX can0 02000000#0000
CAN-RX can0 08300103#EDFF
CAN-RX can0 02000000#0000
CAN-RX can0 00E#6E4621DF00000000
CAN-RX can0 02000000#0000
CAN-RX can0 02000000#0000
CAN-RX can0 08300103#FCFF
CAN-TX can0 78F#208000001F000000
CAN-RX can0 790#CF80000020000000
CAN-RX can0 02000000#0000
CAN-RX can0 02000000#0000
CAN-RX can0 14300200#0000
CAN-RX can0 08300103#F2FF
CAN-RX can0 02000000#0000
CAN-RX can0 00E#6E4621DF00000000
CAN-RX can0 02000000#0000
CAN-RX can0 02000000#0000
CAN-RX can0 08300103#0100
CAN-RX can0 02000000#0000
CAN-RX can0 03C30F0F#87878787878787
CAN-RX can0 1C0C0200#1E
CAN-RX can0 02000000#0000
CAN-RX can0 08300103#FEFF
CAN-RX can0 02000000#0000
CAN-RX can0 00E#6E4621DF00000000
CAN-RX can0 1C2C0000#312316880A1A
CAN-RX can0 02000000#0000
CAN-RX can0 02000000#0000
CAN-RX can0 08300103#0A00
CAN-RX can0 02000000#0000
CAN-RX can0 02000000#0000
CAN-RX can0 08300103#FCFF
CAN-RX can0 02000000#0000
CAN-RX can0 00E#6E4621DF00000000
CAN-RX can0 02000000#0000
CAN-RX can0 02000000#0000
CAN-RX can0 08300103#0100
CAN-TX can0 78F#208000001F000000
CAN-RX can0 790#CF80000020000000
CAN-RX can0 02000000#0000
CAN-RX can0 03C30F0F#87878787878787
CAN-RX can0 140C0201#0000
CAN-RX can0 02000000#0000
CAN-RX can0 08300103#F9FF
CAN-RX can0 02000000#0000
CAN-RX can0 00E#6E4621DF00000000
CAN-RX can0 02000000#0000
CAN-RX can0 08300103#0100
CAN-RX can0 02000000#0000
CAN-RX can0 02000000#0000
CAN-RX can0 02000000#0000
CAN-RX can0 08300103#0100
CAN-RX can0 02000000#0000
CAN-RX can0 00E#6E4621DF00000000
CAN-RX can0 02000000#0000
CAN-RX can0 08300103#F0FF
CAN-RX can0 02000000#0000
CAN-RX can0 02000000#0000
CAN-RX can0 03C30F0F#87878787878787
CAN-RX can0 02000000#0000
CAN-RX can0 14300200#0000
CAN-RX can0 08300103#0000
CAN-RX can0 02000000#0000
CAN-RX can0 00E#6E4621DF00000000
CAN-RX can0 02000000#0000
CAN-RX can0 08300103#0000
CAN-RX can0 02000000#0000
CAN-TX can0 78F#208000001F000000
CAN-RX can0 790#CF80000020000000
CAN-RX can0 02000000#0000
CAN-RX can0 02000000#0000
CAN-RX can0 08300103#F9FF
CAN-RX can0 02000000#0000
CAN-RX can0 00E#6E4621DF00000000
CAN-RX can0 02000000#0000
CAN-RX can0 08300103#0000
CAN-RX can0 02000000#0000
CAN-RX can0 02000000#0000
CAN-RX can0 03C30F0F#87878787878787
CAN-RX can0 02000000#0000
CAN-RX can0 08300103#0300
CAN-RX can0 02000000#0000
CAN-RX can0 00E#6E4621DF00000000
CAN-RX can0 02000000#0000
CAN-RX can0 08300103#0400
CAN-RX can0 02000000#0000
CAN-RX can0 02000000#0000
CAN-RX can0 140C0201#0000
CAN-RX can0 02000000#0000
CAN-RX can0 08300103#F6FF
CAN-RX can0 02000000#0000
CAN-RX can0 00E#6E4621DF00000000
CAN-RX can0 02000000#0000
CAN-RX can0 08300103#0400
CAN-RX can0 02000000#0000
CAN-TX can0 78F#208000001F000000
CAN-RX can0 790#CF80000020000000
CAN-RX can0 02000000#0000
CAN-RX can0 03C30F0F#87878787878787
CAN-RX can0 1C300204#9AE505009AE50500
CAN-RX can0 02000000#0000
CAN-RX can0 08300103#F9FF
CAN-RX can0 02000000#0000
CAN-RX can0 00E#6E4621DF00000000
CAN-RX can0 02000000#0000
CAN-RX can0 08300103#0B00
CAN-RX can0 02000000#0000
CAN-RX can0 02000000#0000
CAN-RX can0 02000000#0000
CAN-RX can0 14300200#0000
CAN-RX can0 08300103#0C00
CAN-RX can0 02000000#0000
CAN-RX can0 00E#6E4621DF00000000
CAN-RX can0 02000000#0000
CAN-RX can0 08300103#0C00
CAN-RX can0 02000000#0000
CAN-RX can0 02000000#0000
CAN-RX can0 03C30F0F#87878787878787
CAN-RX can0 02000000#0000
CAN-RX can0 08300103#F9FF
CAN-RX can0 02000000#0000
CAN-RX can0 00E#6E4621DF00000000
CAN-RX can0 0C140300#C2
CAN-RX can0 02000000#0000
CAN-TX can0 78F#208000001F000000
CAN-RX can0 08300103#FAFF
CAN-RX can0 02000000#0000
CAN-RX can0 790#CF80000020000000
CAN-RX can0 02000000#0000
CAN-RX can0 02000000#0000
CAN-RX can0 02000000#0000
CAN-RX can0 00E#6E4621DF00000000
CAN-RX can0 02000000#0000
CAN-RX can0 02000000#0000
CAN-RX can0 02000000#0000
CAN-RX can0 03C30F0F#87878787878787
CAN-RX can0 140C0201#0000
CAN-RX can0 02000000#0000
CAN-RX can0 02000000#0000
CAN-RX can0 00E#6E4621DF00000000
CAN-RX can0 02000000#0000
CAN-RX can0 08300103#0900
CAN-RX can0 02000000#0000
CAN-RX can0 02000000#0000
CAN-RX can0 02000000#0000
CAN-RX can0 08300103#EFFF
CAN-RX can0 02000000#0000
CAN-RX can0 0C140200#C0
CAN-RX can0 00E#6E4621DF00000000
CAN-RX can0 02000000#0000
CAN-TX can0 78F#208000001F000000
CAN-RX can0 08300103#F2FF
CAN-RX can0 02000000#0000
CAN-RX can0 790#CF80000020000000
CAN-RX can0 02000000#0000
CAN-RX can0 03C30F0F#87878787878787
CAN-RX can0 02000000#0000
CAN-RX can0 14300200#0000
CAN-RX can0 08300103#F0FF
CAN-RX can0 02000000#0000
CAN-RX can0 00E#6E4621DF00000000
CAN-RX can0 02000000#0000
CAN-RX can0 08300103#0100
CAN-RX can0 02000000#0000
CAN-RX can0 02000000#0000
CAN-RX can0 02000000#0000
CAN-RX can0 08300103#FBFF
CAN-RX can0 02000000#0000
CAN-RX can0 0C140200#C1
CAN-RX can0 00E#6E4621DF00000000
CAN-RX can0 02000000#0000
CAN-RX can0 08300103#FAFF
CAN-RX can0 02000000#0000
CAN-RX can0 02000000#0000
CAN-RX can0 03C30F0F#87878787878787
CAN-RX can0 02000000#0000
CAN-RX can0 08300103#1200
CAN-RX can0 02000000#0000
CAN-RX can0 00E#6E4621DF00000000
CAN-RX can0 02000000#0000
CAN-TX can0 78F#208000001F000000
CAN-RX can0 08300103#0E00
CAN-RX can0 790#CF80000020000000
CAN-RX can0 02000000#0000
CAN-RX can0 02000000#0000
CAN-RX can0 140C0201#0000
CAN-RX can0 02000000#0000
CAN-RX can0 08300103#0100
CAN-RX can0 02000000#0000
CAN-RX can0 00E#6E4621DF00000000
CAN-RX can0 02000000#0000
CAN-RX can0 08300103#F8FF
CAN-RX can0 02000000#0000
CAN-RX can0 02000000#0000
CAN-RX can0 03C30F0F#87878787878787
CAN-RX can0 02000000#0000
CAN-RX can0 08300103#F7FF
CAN-RX can0 02000000#0000
CAN-RX can0 00E#6E4621DF00000000
CAN-RX can0 02000000#0000
CAN-RX can0 08300103#F0FF
CAN-RX can0 02000000#0000
CAN-RX can0 02000000#0000
CAN-RX can0 02000000#0000
CAN-RX can0 14300200#0000
CAN-RX can0 08300103#F9FF
CAN-RX can0 02000000#0000
CAN-RX can0 00E#6E4621DF00000000
CAN-RX can0 02000000#0000
CAN-TX can0 78F#208000001F000000
CAN-RX can0 08300103#0500
CAN-RX can0 790#CF80000020000000
CAN-RX can0 02000000#0000
CAN-RX can0 02000000#0000
CAN-RX can0 03C30F0F#87878787878787
CAN-RX can0 1C0C0200#1E
CAN-RX can0 02000000#0000
CAN-RX can0 08300103#0100
CAN-RX can0 02000000#0000
CAN-RX can0 00E#6E4621DF00000000
CAN-RX can0 1C2C0000#322316880A1A
CAN-RX can0 02000000#0000
CAN-RX can0 08300103#F9FF
CAN-RX can0 02000000#0000
CAN-RX can0 02000000#0000
CAN-RX can0 02000000#0000
CAN-RX can0 08300103#EEFF
CAN-RX can0 02000000#0000
CAN-RX can0 00E#6E4621DF00000000
CAN-RX can0 02000000#0000
CAN-RX can0 08300103#FAFF
CAN-RX can0 02000000#0000
CAN-RX can0 02000000#0000
CAN-RX can0 03C30F0F#87878787878787
CAN-RX can0 140C0201#0000
CAN-RX can0 02000000#0000
CAN-RX can0 08300103#F3FF
CAN-RX can0 02000000#0000
CAN-RX can0 00E#6E4621DF00000000
CAN-RX can0 02000000#0000
CAN-TX can0 78F#208000001F000000
CAN-RX can0 08300103#F5FF
CAN-RX can0 790#CF80000020000000
CAN-RX can0 02000000#0000
CAN-RX can0 02000000#0000
CAN-RX can0 02000000#0000
CAN-RX can0 08300103#F3FF
CAN-RX can0 02000000#0000
CAN-RX can0 00E#6E4621DF00000000
CAN-RX can0 02000000#0000
CAN-RX can0 08300103#F4FF
CAN-RX can0 02000000#0000
CAN-RX can0 02000000#0000
CAN-RX can0 03C30F0F#87878787878787
CAN-RX can0 02000000#0000
CAN-RX can0 14300200#0000
CAN-RX can0 08300103#0100
CAN-RX can0 02000000#0000
CAN-RX can0 00E#6E4621DF00000000
CAN-RX can0 02000000#0000
CAN-RX can0 08300103#F9FF
CAN-RX can0 02000000#0000
CAN-RX can0 02000000#0000
CAN-RX can0 02000000#0000
CAN-RX can0 08300103#EEFF
CAN-RX can0 02000000#0000
CAN-RX can0 00E#6E4621DF00000000
CAN-RX can0 02000000#0000
CAN-TX can0 78F#208000001F000000
CAN-RX can0 08300103#0100
CAN-RX can0 790#CF80000020000000
CAN-RX can0 02000000#0000
CAN-RX can0 02000000#0000
CAN-RX can0 03C30F0F#87878787878787
CAN-RX can0 02000000#0000
CAN-RX can0 08300103#FEFF
CAN-RX can0 02000000#0000
CAN-RX can0 00E#6E4621DF00000000
CAN-RX can0 02000000#0000
CAN-RX can0 08300103#F4FF
CAN-RX can0 02000000#0000
CAN-RX can0 02000000#0000
CAN-RX can0 140C0201#0000
CAN-RX can0 02000000#0000
CAN-RX can0 08300103#FCFF
CAN-RX can0 02000000#0000
CAN-RX can0 00E#6E4621DF00000000
CAN-RX can0 02000000#0000
CAN-RX can0 08300103#F7FF
CAN-RX can0 02000000#0000
CAN-RX can0 02000000#0000
CAN-RX can0 03C30F0F#87878787878787
CAN-RX can0 02000000#0000
CAN-RX can0 1C300204#9AE505009AE50500
CAN-RX can0 08300103#0700
CAN-RX can0 02000000#0000
CAN-RX can0 00E#6E4621DF00000000
CAN-TX can0 78F#208000001F000000
CAN-RX can0 02000000#0000
CAN-RX can0 790#CF80000020000000
CAN-RX can0 08300103#0500
CAN-RX can0 02000000#0000
CAN-RX can0 02000000#0000
CAN-RX can0 02000000#0000
CAN-RX can0 14300200#0000
CAN-RX can0 08300103#F1FF
CAN-RX can0 02000000#0000
CAN-RX can0 00E#6E4621DF00000000
CAN-RX can0 02000000#0000
CAN-RX can0 08300103#0000
CAN-RX can0 02000000#0000
CAN-RX can0 02000000#0000
CAN-RX can0 03C30F0F#87878787878787
CAN-RX can0 02000000#0000
CAN-RX can0 08300103#0000
CAN-RX can0 02000000#0000
CAN-RX can0 00E#6E4621DF00000000
CAN-RX can0 0C140300#C2
CAN-RX can0 02000000#0000
CAN-RX can0 08300103#0000
CAN-RX can0 02000000#0000
CAN-RX can0 02000000#0000
CAN-RX can0 02000000#0000
CAN-RX can0 02000000#0000
CAN-RX can0 00E#6E4621DF00000000
CAN-TX can0 78F#208000001F000000
CAN-RX can0 02000000#0000
CAN-RX can0 790#CF80000020000000
CAN-RX can0 02000000#0000
CAN-RX can0 02000000#0000
CAN-RX can0 03C30F0F#87878787878787
CAN-RX can0 140C0201#0000
CAN-RX can0 02000000#0000
CAN-RX can0 02000000#0000
CAN-RX can0 00E#6E4621DF00000000
CAN-RX can0 02000000#0000
CAN-RX can0 08300103#FDFF
CAN-RX can0 02000000#0000
CAN-RX can0 02000000#0000
CAN-RX can0 02000000#0000
CAN-RX can0 08300103#1A00
CAN-RX can0 02000000#0000
CAN-RX can0 0C140200#C0
CAN-RX can0 00E#6E4621DF00000000
CAN-RX can0 02000000#0000
CAN-RX can0 08300103#0800
CAN-RX can0 02000000#0000
CAN-RX can0 02000000#0000
CAN-RX can0 03C30F0F#87878787878787
CAN-TX can0 78F#208000001F000000
CAN-RX can0 02000000#0000
CAN-RX can0 14300200#0000
CAN-RX can0 08300103#0000
CAN-RX can0 02000000#0000
CAN-RX can0 00E#6E4621DF00000000
CAN-RX can0 02000000#0000
CAN-RX can0 790#CF80000020000000
CAN-RX can0 08300103#EEFF
CAN-RX can0 02000000#0000
CAN-RX can0 02000000#0000
CAN-RX can0 02000000#0000
CAN-RX can0 08300103#FCFF
CAN-RX can0 02000000#0000
CAN-RX can0 0C140200#C1
CAN-RX can0 00E#6E4621DF00000000
CAN-RX can0 02000000#0000
CAN-RX can0 08300103#FEFF
CAN-RX can0 02000000#0000
CAN-RX can0 02000000#0000
CAN-RX can0 03C30F0F#87878787878787
CAN-RX can0 02000000#0000
CAN-RX can0 08300103#0700
CAN-RX can0 02000000#0000
CAN-RX can0 00E#6E4621DF00000000
CAN-RX can0 02000000#0000
CAN-RX can0 08300103#0100
CAN-RX can0 02000000#0000
CAN-RX can0 02000000#0000
CAN-RX can0 140C0201#0000
CAN-RX can0 02000000#0000
CAN-RX can0 08300103#F0FF
CAN-RX can0 02000000#0000
CAN-RX can0 00E#6E4621DF00000000
CAN-RX can0 02000000#0000
CAN-RX can0 08300103#FBFF
CAN-RX can0 02000000#0000
CAN-TX can0 78F#208000001F000000
CAN-RX can0 02000000#0000
CAN-RX can0 03C30F0F#87878787878787
CAN-RX can0 790#CF80000020000000
CAN-RX can0 02000000#0000
CAN-RX can0 08300103#FDFF
CAN-RX can0 02000000#0000
CAN-RX can0 00E#6E4621DF00000000
CAN-RX can0 02000000#0000
CAN-RX can0 08300103#FFFF
CAN-RX can0 02000000#0000
CAN-RX can0 02000000#0000
CAN-RX can0 02000000#0000
CAN-RX can0 08300103#E5FF
CAN-RX can0 14300200#0000
CAN-RX can0 02000000#0000
CAN-RX can0 00E#6E4621DF00000000
CAN-RX can0 02000000#0000
CAN-RX can0 08300103#FDFF
CAN-RX can0 02000000#0000
CAN-RX can0 02000000#0000
CAN-RX can0 03C30F0F#87878787878787
CAN-RX can0 1C0C0200#1E
CAN-RX can0 02000000#0000
CAN-RX can0 08300103#0200
CAN-RX can0 02000000#0000
CAN-RX can0 00E#6E4621DF00000000
CAN-RX can0 1C2C0000#332316880A1A
CAN-RX can0 02000000#0000
CAN-RX can0 08300103#F3FF
CAN-RX can0 02000000#0000
CAN-TX can0 78F#208000001F000000
CAN-RX can0 02000000#0000
CAN-RX can0 790#CF80000020000000
CAN-RX can0 02000000#0000
CAN-RX can0 08300103#F7FF
CAN-RX can0 02000000#0000
CAN-RX can0 00E#6E4621DF00000000
CAN-RX can0 02000000#0000
CAN-RX can0 08300103#F2FF
CAN-RX can0 02000000#0000
CAN-RX can0 02000000#0000
CAN-RX can0 03C30F0F#87878787878787
CAN-RX can0 140C0201#0000
CAN-RX can0 02000000#0000
CAN-RX can0 08300103#FDFF
CAN-RX can0 02000000#0000
CAN-RX can0 00E#6E4621DF00000000
CAN-RX can0 02000000#0000
CAN-RX can0 08300103#0700
CAN-RX can0 02000000#0000
CAN-RX can0 02000000#0000
CAN-RX can0 08300103#0700
CAN-RX can0 02000000#0000
CAN-RX can0 02000000#0000
CAN-RX can0 00E#6E4621DF00000000
CAN-RX can0 02000000#0000
CAN-RX can0 08300103#0000
CAN-RX can0 02000000#0000
CAN-TX can0 78F#208000001F000000
CAN-RX can0 02000000#0000
CAN-RX can0 03C30F0F#87878787878787
CAN-RX can0 790#CF80000020000000
CAN-RX can0 08300103#FCFF
CAN-RX can0 02000000#0000
CAN-RX can0 14300200#0000
CAN-RX can0 02000000#0000
CAN-RX can0 00E#6E4621DF00000000
CAN-RX can0 02000000#0000
CAN-RX can0 08300103#FDFF
CAN-RX can0 02000000#0000
CAN-RX can0 02000000#0000
CAN-RX can0 08300103#0000
CAN-RX can0 02000000#0000
CAN-RX can0 02000000#0000
CAN-RX can0 00E#6E4621DF00000000
CAN-RX can0 02000000#0000
CAN-RX can0 08300103#FFFF
CAN-RX can0 02000000#0000
CAN-RX can0 02000000#0000
CAN-RX can0 03C30F0F#87878787878787
CAN-RX can0 08300103#0A00
CAN-RX can0 02000000#0000
CAN-RX can0 02000000#0000
CAN-RX can0 00E#6E4621DF00000000
CAN-RX can0 02000000#0000
CAN-RX can0 08300103#0600
CAN-RX can0 02000000#0000
CAN-TX can0 78F#208000001F000000
CAN-RX can0 02000000#0000
CAN-RX can0 140C0201#0000
CAN-RX can0 790#CF80000020000000
CAN-RX can0 08300103#0300
CAN-RX can0 02000000#0000
CAN-RX can0 02000000#0000
CAN-RX can0 00E#6E4621DF00000000
CAN-RX can0 02000000#0000
CAN-RX can0 08300103#0800
CAN-RX can0 02000000#0000
CAN-RX can0 02000000#0000
CAN-RX can0 03C30F0F#87878787878787
CAN-RX can0 08300103#0B00
CAN-RX can0 02000000#0000
CAN-RX can0 02000000#0000
CAN-RX can0 1C300204#9AE505009AE50500
CAN-RX can0 00E#6E4621DF00000000
CAN-RX can0 02000000#0000
CAN-RX can0 08300103#0100
CAN-RX can0 02000000#0000
CAN-RX can0 02000000#0000
CAN-RX can0 08300103#F7FF
CAN-RX can0 02000000#0000
CAN-RX can0 14300200#0000
CAN-RX can0 02000000#0000
CAN-RX can0 00E#6E4621DF00000000
CAN-RX can0 02000000#0000
CAN-RX can0 08300103#0400
CAN-RX can0 02000000#0000
CAN-TX can0 78F#208000001F000000
CAN-RX can0 02000000#0000
CAN-RX can0 03C30F0F#87878787878787
CAN-RX can0 790#CF80000020000000
CAN-RX can0 08300103#0000
CAN-RX can0 02000000#0000
CAN-RX can0 02000000#0000
CAN-RX can0 00E#6E4621DF00000000
CAN-RX can0 0C140300#C2
CAN-RX can0 02000000#0000
CAN-RX can0 08300103#F9FF
CAN-RX can0 02000000#0000
CAN-RX can0 02000000#0000
CAN-RX can0 02000000#0000
CAN-RX can0 02000000#0000
CAN-RX can0 00E#6E4621DF00000000
CAN-RX can0 02000000#0000
CAN-RX can0 02000000#0000
CAN-RX can0 02000000#0000
CAN-RX can0 03C30F0F#87878787878787
CAN-RX can0 140C0201#0000
CAN-RX can0 02000000#0000
CAN-RX can0 02000000#0000
CAN-RX can0 00E#6E4621DF00000000
CAN-RX can0 02000000#0000
CAN-RX can0 08300103#FFFF
CAN-RX can0 02000000#0000
CAN-TX can0 78F#208000001F000000
CAN-RX can0 02000000#0000
CAN-RX can0 790#CF80000020000000
CAN-RX can0 08300103#0200
CAN-RX can0 02000000#0000
CAN-RX can0 02000000#0000
CAN-RX can0 0C140200#C0
CAN-RX can0 00E#6E4621DF00000000
CAN-RX can0 02000000#0000
CAN-RX can0 08300103#F8FF
CAN-RX can0 02000000#0000
CAN-RX can0 02000000#0000
CAN-RX can0 03C30F0F#87878787878787
CAN-RX can0 08300103#FBFF
CAN-RX can0 02000000#0000
CAN-RX can0 14300200#0000
CAN-RX can0 02000000#0000
CAN-RX can0 00E#6E4621DF00000000
CAN-RX can0 02000000#0000
CAN-RX can0 08300103#0000
CAN-RX can0 02000000#0000
CAN-RX can0 02000000#0000
CAN-RX can0 08300103#EEFF
CAN-RX can0 02000000#0000
CAN-RX can0 02000000#0000
CAN-RX can0 0C140200#C1
CAN-RX can0 00E#6E4621DF00000000
CAN-RX can0 02000000#0000
CAN-RX can0 08300103#0900
CAN-RX can0 02000000#0000
CAN-TX can0 78F#208000001F000000
CAN-RX can0 790#CF80000020000000
CAN-RX can0 02000000#0000
CAN-RX can0 03C30F0F#87878787878787
CAN-RX can0 08300103#0800
CAN-RX can0 02000000#0000
CAN-RX can0 02000000#0000
CAN-RX can0 00E#6E4621DF00000000
CAN-RX can0 02000000#0000
CAN-RX can0 08300103#F8FF
CAN-RX can0 02000000#0000
CAN-RX can0 02000000#0000
CAN-RX can0 140C0201#0000
CAN-RX can0 08300103#0500
CAN-RX can0 02000000#0000
CAN-RX can0 02000000#0000
CAN-RX can0 00E#6E4621DF00000000
CAN-RX can0 02000000#0000
CAN-RX can0 08300103#0F00
CAN-RX can0 02000000#0000
CAN-RX can0 02000000#0000
CAN-RX can0 03C30F0F#87878787878787
CAN-RX can0 08300103#FFFF
CAN-RX can0 02000000#0000
CAN-RX can0 02000000#0000
CAN-RX can0 00E#6E4621DF00000000
CAN-RX can0 02000000#0000
CAN-RX can0 08300103#0000
CAN-RX can0 02000000#0000
CAN-TX can0 78F#208000001F000000
CAN-RX can0 790#CF80000020000000
CAN-RX can0 02000000#0000
CAN-RX can0 08300103#FBFF
CAN-RX can0 02000000#0000
CAN-RX can0 14300200#0000
CAN-RX can0 02000000#0000
CAN-RX can0 00E#6E4621DF00000000
CAN-RX can0 02000000#0000
CAN-RX can0 08300103#0100
CAN-RX can0 02000000#0000
CAN-RX can0 02000000#0000
CAN-RX can0 03C30F0F#87878787878787
CAN-RX can0 1C0C0200#1E
CAN-RX can0 08300103#EEFF
CAN-RX can0 02000000#0000
CAN-RX can0 02000000#0000
CAN-RX can0 00E#6E4621DF00000000
CAN-RX can0 1C2C0000#342316880A1A
CAN-RX can0 02000000#0000
CAN-RX can0 08300103#FAFF
CAN-RX can0 02000000#0000
CAN-RX can0 02000000#0000
CAN-RX can0 08300103#F2FF
CAN-RX can0 02000000#0000
CAN-TX can0 78F#208000001F000000
CAN-RX can0 02000000#0000
CAN-RX can0 00E#6E4621DF00000000
CAN-RX can0 02000000#0000
CAN-RX can0 08300103#F5FF
CAN-RX can0 02000000#0000
CAN-RX can0 790#CF80000020000000
CAN-RX can0 02000000#0000
CAN-RX can0 03C30F0F#87878787878787
CAN-RX can0 140C0201#0000
CAN-RX can0 08300103#0500
CAN-RX can0 02000000#0000
CAN-RX can0 02000000#0000
CAN-RX can0 00E#6E4621DF00000000
CAN-RX can0 02000000#0000
CAN-RX can0 08300103#FBFF
CAN-RX can0 02000000#0000
CAN-RX can0 02000000#0000
CAN-RX can0 08300103#0400
CAN-RX can0 02000000#0000
CAN-RX can0 02000000#0000
CAN-RX can0 00E#6E4621DF00000000
CAN-RX can0 02000000#0000
CAN-RX can0 08300103#FAFF
CAN-RX can0 02000000#0000
CAN-RX can0 02000000#0000
CAN-RX can0 03C30F0F#87878787878787
CAN-RX can0 08300103#F3FF
CAN-RX can0 02000000#0000
CAN-RX can0 14300200#0000
CAN-RX can0 02000000#0000
CAN-TX can0 78F#208000001F000000
CAN-RX can0 00E#6E4621DF00000000
CAN-RX can0 02000000#0000
CAN-RX can0 08300103#F9FF
CAN-RX can0 02000000#0000
CAN-RX can0 790#CF80000020000000
CAN-RX can0 02000000#0000
CAN-RX can0 08300103#FDFF
CAN-RX can0 02000000#0000
CAN-RX can0 02000000#0000
CAN-RX can0 00E#6E4621DF00000000
CAN-RX can0 02000000#0000
CAN-RX can0 08300103#F7FF
CAN-RX can0 02000000#0000
CAN-RX can0 02000000#0000
CAN-RX can0 03C30F0F#87878787878787
CAN-RX can0 08300103#0900
CAN-RX can0 02000000#0000
CAN-RX can0 02000000#0000
CAN-RX can0 00E#6E4621DF00000000
CAN-RX can0 02000000#0000
CAN-RX can0 08300103#0300
CAN-RX can0 02000000#0000
CAN-RX can0 02000000#0000
CAN-RX can0 140C0201#0000
CAN-RX can0 08300103#FFFF
CAN-RX can0 02000000#0000
CAN-RX can0 02000000#0000
CAN-TX can0 78F#208000001F000000
CAN-RX can0 00E#6E4621DF00000000
CAN-RX can0 02000000#0000
CAN-RX can0 08300103#F9FF
CAN-RX can0 02000000#0000
CAN-RX can0 790#CF80000020000000
CAN-RX can0 02000000#0000
CAN-RX can0 03C30F0F#87878787878787
CAN-RX can0 08300103#FCFF
CAN-RX can0 02000000#0000
CAN-RX can0 02000000#0000
CAN-RX can0 00E#6E4621DF00000000
CAN-RX can0 02000000#0000
CAN-RX can0 1C300204#9AE505009AE50500
CAN-RX can0 08300103#0A00
CAN-RX can0 02000000#0000
CAN-RX can0 02000000#0000
CAN-RX can0 08300103#FAFF
CAN-RX can0 02000000#0000
CAN-RX can0 14300200#0000
CAN-RX can0 02000000#0000
CAN-RX can0 00E#6E4621DF00000000
CAN-RX can0 02000000#0000
CAN-RX can0 08300103#F4FF
CAN-RX can0 02000000#0000
CAN-RX can0 02000000#0000
CAN-RX can0 03C30F0F#87878787878787
CAN-RX can0 08300103#0900
CAN-RX can0 02000000#0000
CAN-RX can0 02000000#0000
CAN-RX can0 00E#6E4621DF00000000
CAN-RX can0 0C140300#C2
CAN-RX can0 02000000#0000
CAN-RX can0 08300103#FDFF
CAN-RX can0 02000000#0000
CAN-TX can0 78F#208000001F000000
CAN-RX can0 790#CF80000020000000
CAN-RX can0 02000000#0000
CAN-RX can0 02000000#0000
CAN-RX can0 02000000#0000
CAN-RX can0 00E#6E4621DF00000000
CAN-RX can0 02000000#0000
CAN-RX can0 02000000#0000
CAN-RX can0 02000000#0000
CAN-RX can0 03C30F0F#87878787878787
CAN-RX can0 140C0201#0000
CAN-RX can0 02000000#0000
CAN-RX can0 02000000#0000
CAN-RX can0 00E#6E4621DF00000000
CAN-RX can0 02000000#0000
CAN-RX can0 08300103#FDFF
CAN-RX can0 02000000#0000
CAN-RX can0 02000000#0000
CAN-RX can0 08300103#FBFF
CAN-RX can0 02000000#0000
CAN-RX can0 02000000#0000
CAN-RX can0 0C140200#C0
CAN-RX can0 00E#6E4621DF00000000
CAN-RX can0 02000000#0000
CAN-RX can0 08300103#0200
CAN-TX can0 78F#208000001F000000
CAN-RX can0 02000000#0000
CAN-RX can0 790#CF80000020000000
CAN-RX can0 02000000#0000
CAN-RX can0 03C30F0F#87878787878787
CAN-RX can0 08300103#F8FF
CAN-RX can0 02000000#0000
CAN-RX can0 14300200#0000
CAN-RX can0 02000000#0000
CAN-RX can0 00E#6E4621DF00000000
CAN-RX can0 02000000#0000
CAN-RX can0 08300103#F7FF
CAN-RX can0 02000000#0000
CAN-RX can0 02000000#0000
CAN-RX can0 08300103#F7FF
CAN-RX can0 02000000#0000
CAN-RX can0 02000000#0000
CAN-RX can0 0C140200#C1
CAN-RX can0 00E#6E4621DF00000000
CAN-RX can0 02000000#0000
CAN-RX can0 08300103#FCFF
CAN-RX can0 02000000#0000
CAN-RX can0 02000000#0000
CAN-RX can0 03C30F0F#87878787878787
CAN-RX can0 08300103#F3FF
CAN-RX can0 02000000#0000
CAN-RX can0 02000000#0000
CAN-RX can0 00E#6E4621DF00000000
CAN-RX can0 02000000#0000
CAN-RX can0 08300103#0200
CAN-TX can0 78F#208000001F000000
CAN-RX can0 02000000#0000
CAN-RX can0 790#CF80000020000000
CAN-RX can0 02000000#0000
CAN-RX can0 140C0201#0000
CAN-RX can0 08300103#EDFF
CAN-RX can0 02000000#0000
CAN-RX can0 02000000#0000
CAN-RX can0 00E#6E4621DF00000000
CAN-RX can0 02000000#0000
CAN-RX can0 08300103#F7FF
CAN-RX can0 02000000#0000
CAN-RX can0 02000000#0000
CAN-RX can0 03C30F0F#87878787878787
CAN-RX can0 08300103#0B00
CAN-RX can0 02000000#0000
CAN-RX can0 02000000#0000
CAN-RX can0 00E#6E4621DF00000000
CAN-RX can0 02000000#0000
CAN-RX can0 08300103#F3FF
CAN-RX can0 02000000#0000
CAN-RX can0 02000000#0000
CAN-RX can0 08300103#EBFF
CAN-RX can0 02000000#0000
CAN-RX can0 14300200#0000
CAN-RX can0 02000000#0000
CAN-RX can0 00E#6E4621DF00000000
CAN-RX can0 02000000#0000
CAN-RX can0 08300103#0D00
CAN-TX can0 78F#208000001F000000
CAN-RX can0 02000000#0000
CAN-RX can0 790#CF80000020000000
CAN-RX can0 02000000#0000
CAN-RX can0 03C30F0F#87878787878787
CAN-RX can0 1C0C0200#1E
CAN-RX can0 08300103#0600
CAN-RX can0 02000000#0000
CAN-RX can0 02000000#0000
CAN-RX can0 00E#6E4621DF00000000
CAN-RX can0 1C2C0000#352316880A1A
CAN-RX can0 02000000#0000
CAN-RX can0 08300103#F8FF
CAN-RX can0 02000000#0000
CAN-RX can0 02000000#0000
CAN-RX can0 08300103#0100
CAN-RX can0 02000000#0000
CAN-RX can0 02000000#0000
CAN-RX can0 00E#6E4621DF00000000
CAN-RX can0 02000000#0000
CAN-RX can0 08300103#1700
CAN-RX can0 02000000#0000
CAN-RX can0 02000000#0000
CAN-RX can0 03C30F0F#87878787878787
CAN-RX can0 140C0201#0000
CAN-RX can0 08300103#FEFF
CAN-RX can0 02000000#0000
CAN-TX can0 78F#208000001F000000
CAN-RX can0 02000000#0000
CAN-RX can0 00E#6E4621DF00000000
CAN-RX can0 08300103#FCFF
CAN-RX can0 02000000#0000
CAN-RX can0 790#CF80000020000000
CAN-RX can0 02000000#0000
CAN-RX can0 02000000#0000
CAN-RX can0 08300103#0000
CAN-RX can0 02000000#0000
CAN-RX can0 02000000#0000
CAN-RX can0 00E#6E4621DF00000000
CAN-RX can0 08300103#F1FF
CAN-RX can0 02000000#0000
CAN-RX can0 02000000#0000
CAN-RX can0 02000000#0000
CAN-RX can0 03C30F0F#87878787878787
CAN-RX can0 08300103#0300
CAN-RX can0 02000000#0000
CAN-RX can0 14300200#0000
CAN-RX can0 02000000#0000
CAN-RX can0 00E#6E4621DF00000000
CAN-RX can0 08300103#F6FF
CAN-RX can0 02000000#0000
CAN-RX can0 02000000#0000
CAN-RX can0 02000000#0000
CAN-RX can0 08300103#F2FF
CAN-RX can0 02000000#0000
CAN-TX can0 78F#208000001F000000
CAN-RX can0 02000000#0000
CAN-RX can0 00E#6E4621DF00000000
CAN-RX can0 790#CF80000020000000
CAN-RX can0 08300103#F7FF
CAN-RX can0 02000000#0000
CAN-RX can0 02000000#0000
CAN-RX can0 02000000#0000
CAN-RX can0 03C30F0F#87878787878787
CAN-RX can0 08300103#FFFF
CAN-RX can0 02000000#0000
CAN-RX can0 02000000#0000
CAN-RX can0 00E#6E4621DF00000000
CAN-RX can0 08300103#0500
CAN-RX can0 02000000#0000
CAN-RX can0 02000000#0000
CAN-RX can0 02000000#0000
CAN-RX can0 140C0201#0000
CAN-RX can0 08300103#1500
CAN-RX can0 02000000#0000
CAN-RX can0 02000000#0000
CAN-RX can0 00E#6E4621DF00000000
CAN-RX can0 08300103#F6FF
CAN-RX can0 02000000#0000
CAN-RX can0 02000000#0000
CAN-RX can0 02000000#0000
CAN-RX can0 03C30F0F#87878787878787
CAN-RX can0 08300103#F2FF
CAN-RX can0 02000000#0000
CAN-TX can0 78F#208000001F000000
CAN-RX can0 02000000#0000
CAN-RX can0 00E#6E4621DF00000000
CAN-RX can0 790#CF80000020000000
CAN-RX can0 08300103#F8FF
CAN-RX can0 02000000#0000
CAN-RX can0 02000000#0000
CAN-RX can0 1C300204#9AE505009AE50500
CAN-RX can0 02000000#0000
CAN-RX can0 08300103#F5FF
CAN-RX can0 02000000#0000
CAN-RX can0 14300200#0000
CAN-RX can0 02000000#0000
CAN-RX can0 00E#6E4621DF00000000
CAN-RX can0 08300103#0000
CAN-RX can0 02000000#0000
CAN-RX can0 02000000#0000
CAN-RX can0 02000000#0000
CAN-RX can0 03C30F0F#87878787878787
CAN-RX can0 08300103#0300
CAN-RX can0 02000000#0000
CAN-RX can0 02000000#0000
CAN-RX can0 00E#6E4621DF00000000
CAN-RX can0 0C140300#C2
CAN-RX can0 08300103#F8FF
CAN-RX can0 02000000#0000
CAN-RX can0 02000000#0000
CAN-RX can0 02000000#0000
CAN-RX can0 02000000#0000
CAN-TX can0 78F#208000001F000000
CAN-RX can0 02000000#0000
CAN-RX can0 790#CF80000020000000
CAN-RX can0 00E#6E4621DF00000000
CAN-RX can0 02000000#0000
CAN-RX can0 02000000#0000
CAN-RX can0 02000000#0000
CAN-RX can0 03C30F0F#87878787878787
CAN-RX can0 140C0201#0000
CAN-RX can0 02000000#0000
CAN-RX can0 02000000#0000
CAN-RX can0 00E#6E4621DF00000000
CAN-RX can0 08300103#ECFF
CAN-RX can0 02000000#0000
CAN-RX can0 02000000#0000
CAN-RX can0 02000000#0000
CAN-RX can0 08300103#F8FF
CAN-RX can0 02000000#0000
CAN-RX can0 02000000#0000
CAN-RX can0 0C140200#C0
CAN-RX can0 00E#6E4621DF00000000
CAN-RX can0 08300103#EFFF
CAN-RX can0 02000000#0000
CAN-RX can0 02000000#0000
CAN-RX can0 02000000#0000
CAN-TX can0 78F#208000001F000000
CAN-RX can0 03C30F0F#87878787878787
CAN-RX can0 08300103#F5FF
CAN-RX can0 02000000#0000
CAN-RX can0 14300200#0000
CAN-RX can0 02000000#0000
CAN-RX can0 790#CF80000020000000
CAN-RX can0 00E#6E4621DF00000000
CAN-RX can0 08300103#F8FF
CAN-RX can0 02000000#0000
CAN-RX can0 02000000#0000
CAN-RX can0 02000000#0000
CAN-RX can0 08300103#0A00
CAN-RX can0 02000000#0000
CAN-RX can0 02000000#0000
CAN-RX can0 0C140200#C1
CAN-RX can0 00E#6E4621DF00000000
CAN-RX can0 08300103#0800
CAN-RX can0 02000000#0000
CAN-RX can0 02000000#0000
CAN-RX can0 02000000#0000
CAN-RX can0 03C30F0F#87878787878787
CAN-RX can0 08300103#FBFF
CAN-RX can0 02000000#0000
CAN-RX can0 02000000#0000
CAN-RX can0 00E#6E4621DF00000000
CAN-RX can0 08300103#EFFF
CAN-RX can0 02000000#0000
CAN-RX can0 02000000#0000
CAN-RX can0 02000000#0000
CAN-RX can0 140C0201#0000
CAN-RX can0 08300103#1200
CAN-RX can0 02000000#0000
CAN-TX can0 78F#208000001F000000
CAN-RX can0 02000000#0000
CAN-RX can0 790#CF80000020000000
CAN-RX can0 00E#6E4621DF00000000
CAN-RX can0 08300103#1000
CAN-RX can0 02000000#0000
CAN-RX can0 02000000#0000
CAN-RX can0 02000000#0000
CAN-RX can0 03C30F0F#87878787878787
CAN-RX can0 08300103#FDFF
CAN-RX can0 02000000#0000
CAN-RX can0 02000000#0000
CAN-RX can0 00E#6E4621DF00000000
CAN-RX can0 08300103#1300
CAN-RX can0 02000000#0000
CAN-RX can0 02000000#0000
CAN-RX can0 02000000#0000
CAN-RX can0 08300103#FFFF
CAN-RX can0 02000000#0000
CAN-RX can0 14300200#0000
CAN-RX can0 02000000#0000
CAN-RX can0 00E#6E4621DF00000000
CAN-RX can0 08300103#F8FF
CAN-RX can0 02000000#0000
CAN-RX can0 02000000#0000
CAN-RX can0 02000000#0000
CAN-RX can0 03C30F0F#87878787878787
CAN-RX can0 1C0C0200#1E
CAN-RX can0 08300103#EFFF
CAN-RX can0 02000000#0000
CAN-TX can0 78F#208000001F000000
CAN-RX can0 02000000#0000
CAN-RX can0 790#CF80000020000000
CAN-RX can0 00E#6E4621DF00000000
CAN-RX can0 1C2C0000#362316880A1A
CAN-RX can0 08300103#0100
CAN-RX can0 02000000#0000
CAN-RX can0 02000000#0000
CAN-RX can0 02000000#0000
CAN-RX can0 08300103#FCFF
CAN-RX can0 02000000#0000
CAN-RX can0 02000000#0000
CAN-RX can0 00E#6E4621DF00000000
CAN-RX can0 08300103#0100
CAN-RX can0 02000000#0000
CAN-RX can0 02000000#0000
CAN-RX can0 02000000#0000
CAN-RX can0 03C30F0F#87878787878787
CAN-RX can0 140C0201#0000
CAN-RX can0 08300103#F9FF
CAN-RX can0 02000000#0000
CAN-RX can0 02000000#0000
CAN-RX can0 00E#6E4621DF00000000
CAN-RX can0 08300103#FEFF
CAN-RX can0 02000000#0000
CAN-RX can0 02000000#0000
CAN-RX can0 02000000#0000
CAN-RX can0 08300103#E3FF
CAN-RX can0 02000000#0000
CAN-TX can0 78F#208000001F000000
CAN-RX can0 790#CF80000020000000
CAN-RX can0 02000000#0000
CAN-RX can0 00E#6E4621DF00000000
CAN-RX can0 08300103#F6FF
CAN-RX can0 02000000#0000
CAN-RX can0 02000000#0000
CAN-RX can0 02000000#0000
CAN-RX can0 03C30F0F#87878787878787
CAN-RX can0 08300103#F8FF
CAN-RX can0 02000000#0000
CAN-RX can0 14300200#0000
CAN-RX can0 02000000#0000
CAN-RX can0 00E#6E4621DF00000000
CAN-RX can0 08300103#0000
CAN-RX can0 02000000#0000
CAN-RX can0 02000000#0000
CAN-RX can0 02000000#0000
CAN-RX can0 08300103#FBFF
CAN-RX can0 02000000#0000
CAN-RX can0 02000000#0000
CAN-RX can0 00E#6E4621DF00000000
CAN-RX can0 08300103#FDFF
CAN-RX can0 02000000#0000
CAN-RX can0 02000000#0000
CAN-RX can0 02000000#0000
CAN-RX can0 03C30F0F#87878787878787
CAN-RX can0 08300103#0900
CAN-RX can0 02000000#0000
CAN-TX can0 78F#208000001F000000
CAN-RX can0 02000000#0000
CAN-RX can0 790#CF80000020000000
CAN-RX can0 00E#6E4621DF00000000
CAN-RX can0 08300103#F8FF
CAN-RX can0 02000000#0000
CAN-RX can0 02000000#0000
CAN-RX can0 02000000#0000
CAN-RX can0 140C0201#0000
CAN-RX can0 08300103#FCFF
CAN-RX can0 02000000#0000
CAN-RX can0 02000000#0000
CAN-RX can0 00E#6E4621DF00000000
CAN-RX can0 08300103#0200
CAN-RX can0 02000000#0000
CAN-RX can0 02000000#0000
CAN-RX can0 02000000#0000
CAN-RX can0 03C30F0F#87878787878787
CAN-RX can0 08300103#F6FF
CAN-RX can0 02000000#0000
CAN-RX can0 02000000#0000
CAN-RX can0 00E#6E4621DF00000000
CAN-RX can0 08300103#FDFF
CAN-RX can0 02000000#0000
CAN-RX can0 02000000#0000
CAN-RX can0 02000000#0000
CAN-RX can0 1C300204#9AE505009AE50500
CAN-RX can0 08300103#F4FF
CAN-RX can0 02000000#0000
CAN-RX can0 14300200#0000
CAN-TX can0 78F#208000001F000000
CAN-RX can0 790#CF80000020000000
CAN-RX can0 02000000#0000
CAN-RX can0 00E#6E4621DF00000000
CAN-RX can0 08300103#F6FF
CAN-RX can0 02000000#0000
CAN-RX can0 02000000#0000
CAN-RX can0 02000000#0000
CAN-RX can0 03C30F0F#87878787878787
CAN-RX can0 08300103#F7FF
CAN-RX can0 02000000#0000
CAN-RX can0 02000000#0000
CAN-RX can0 00E#6E4621DF00000000
CAN-RX can0 08300103#F3FF
CAN-RX can0 0C140300#C2
CAN-RX can0 02000000#0000
CAN-RX can0 02000000#0000
CAN-RX can0 02000000#0000
CAN-RX can0 02000000#0000
CAN-RX can0 02000000#0000
CAN-RX can0 00E#6E4621DF00000000
CAN-RX can0 02000000#0000
CAN-RX can0 02000000#0000
CAN-RX can0 02000000#0000
CAN-RX can0 03C30F0F#87878787878787
CAN-RX can0 140C0201#0000
CAN-RX can0 02000000#0000
CAN-TX can0 78F#208000001F000000
CAN-RX can0 790#CF80000020000000
CAN-RX can0 02000000#0000
CAN-RX can0 00E#6E4621DF00000000
CAN-RX can0 08300103#F2FF
CAN-RX can0 02000000#0000
CAN-RX can0 02000000#0000
CAN-RX can0 02000000#0000
CAN-RX can0 08300103#FDFF
CAN-RX can0 02000000#0000
CAN-RX can0 02000000#0000
CAN-RX can0 0C140200#C0
CAN-RX can0 00E#6E4621DF00000000
CAN-RX can0 08300103#FAFF
CAN-RX can0 02000000#0000
CAN-RX can0 02000000#0000
CAN-RX can0 02000000#0000
CAN-RX can0 03C30F0F#87878787878787
CAN-RX can0 08300103#FEFF
CAN-RX can0 02000000#0000
CAN-RX can0 14300200#0000
CAN-RX can0 02000000#0000
CAN-RX can0 00E#6E4621DF00000000
CAN-RX can0 08300103#FEFF
CAN-RX can0 02000000#0000
CAN-RX can0 02000000#0000
CAN-RX can0 02000000#0000
CAN-RX can0 08300103#FFFF
CAN-TX can0 78F#208000001F000000
CAN-RX can0 02000000#0000
CAN-RX can0 790#CF80000020000000
CAN-RX can0 02000000#0000
CAN-RX can0 0C140200#C1
CAN-RX can0 00E#6E4621DF00000000
CAN-RX can0 08300103#0200
CAN-RX can0 02000000#0000
CAN-RX can0 02000000#0000
CAN-RX can0 02000000#0000
CAN-RX can0 03C30F0F#87878787878787
CAN-RX can0 08300103#FAFF
CAN-RX can0 02000000#0000
CAN-RX can0 02000000#0000
CAN-RX can0 00E#6E4621DF00000000
CAN-RX can0 08300103#0200
CAN-RX can0 02000000#0000
CAN-RX can0 02000000#0000
CAN-RX can0 02000000#0000
CAN-RX can0 140C0201#0000
CAN-RX can0 08300103#0D00
CAN-RX can0 02000000#0000
CAN-RX can0 02000000#0000
CAN-RX can0 00E#6E4621DF00000000
CAN-RX can0 08300103#E2FF
CAN-RX can0 02000000#0000
CAN-RX can0 02000000#0000
CAN-RX can0 02000000#0000
CAN-RX can0 03C30F0F#87878787878787
CAN-RX can0 08300103#0900
CAN-TX can0 78F#208000001F000000
CAN-RX can0 02000000#0000
CAN-RX can0 790#CF80000020000000
CAN-RX can0 02000000#0000
CAN-RX can0 00E#6E4621DF00000000
CAN-RX can0 08300103#FEFF
CAN-RX can0 02000000#0000
CAN-RX can0 02000000#0000
CAN-RX can0 02000000#0000
CAN-RX can0 08300103#0A00
CAN-RX can0 02000000#0000
CAN-RX can0 14300200#0000
CAN-RX can0 02000000#0000
CAN-RX can0 00E#6E4621DF00000000
CAN-RX can0 08300103#FAFF
CAN-RX can0 02000000#0000
CAN-RX can0 02000000#0000
CAN-RX can0 02000000#0000
CAN-RX can0 03C30F0F#87878787878787
CAN-RX can0 08300103#0500
CAN-RX can0 1C0C0200#1E
CAN-RX can0 02000000#0000
CAN-RX can0 02000000#0000
CAN-RX can0 00E#6E4621DF00000000
CAN-RX can0 08300103#0000
CAN-RX can0 1C2C0000#372316880A1A
CAN-RX can0 02000000#0000
CAN-RX can0 02000000#0000
CAN-RX can0 02000000#0000
CAN-RX can0 08300103#F9FF
CAN-TX can0 78F#208000001F000000
CAN-RX can0 02000000#0000
CAN-RX can0 790#CF80000020000000
CAN-RX can0 02000000#0000
CAN-RX can0 00E#6E4621DF00000000
CAN-RX can0 08300103#EEFF
CAN-RX can0 02000000#0000
CAN-RX can0 02000000#0000
CAN-RX can0 02000000#0000
CAN-RX can0 03C30F0F#87878787878787
CAN-RX can0 08300103#EAFF
CAN-RX can0 140C0201#0000
CAN-RX can0 02000000#0000
CAN-RX can0 02000000#0000
CAN-RX can0 00E#6E4621DF00000000
CAN-RX can0 08300103#F7FF
CAN-RX can0 02000000#0000
CAN-RX can0 02000000#0000
CAN-RX can0 02000000#0000
CAN-RX can0 08300103#F6FF
CAN-RX can0 02000000#0000
CAN-RX can0 02000000#0000
CAN-RX can0 00E#6E4621DF00000000
CAN-RX can0 08300103#F4FF
CAN-RX can0 02000000#0000
CAN-RX can0 02000000#0000
CAN-RX can0 08300103#0000
CAN-RX can0 02000000#0000
CAN-RX can0 03C30F0F#87878787878787
CAN-TX can0 78F#208000001F000000
CAN-RX can0 02000000#0000
CAN-RX can0 14300200#0000
CAN-RX can0 790#CF80000020000000
CAN-RX can0 02000000#0000
CAN-RX can0 00E#6E4621DF00000000
CAN-RX can0 08300103#FAFF
CAN-RX can0 02000000#0000
CAN-RX can0 02000000#0000
CAN-RX can0 08300103#F7FF
CAN-RX can0 02000000#0000
CAN-RX can0 02000000#0000
CAN-RX can0 02000000#0000
CAN-RX can0 00E#6E4621DF00000000
CAN-RX can0 08300103#FEFF
CAN-RX can0 02000000#0000
CAN-RX can0 02000000#0000
CAN-RX can0 08300103#FCFF
CAN-RX can0 02000000#0000
CAN-RX can0 03C30F0F#87878787878787
CAN-RX can0 02000000#0000
CAN-RX can0 02000000#0000
CAN-RX can0 00E#6E4621DF00000000
CAN-RX can0 08300103#0500
CAN-RX can0 02000000#0000
CAN-RX can0 02000000#0000
CAN-RX can0 08300103#0300
CAN-RX can0 02000000#0000
CAN-RX can0 140C0201#0000
CAN-TX can0 78F#208000001F000000
CAN-RX can0 02000000#0000
CAN-RX can0 790#CF80000020000000
CAN-RX can0 02000000#0000
CAN-RX can0 00E#6E4621DF00000000
CAN-RX can0 08300103#F6FF
CAN-RX can0 02000000#0000
CAN-RX can0 02000000#0000
CAN-RX can0 08300103#0400
CAN-RX can0 02000000#0000
CAN-RX can0 03C30F0F#87878787878787
CAN-RX can0 02000000#0000
CAN-RX can0 02000000#0000
CAN-RX can0 00E#6E4621DF00000000
CAN-RX can0 08300103#0A00
CAN-RX can0 02000000#0000
CAN-RX can0 02000000#0000
CAN-RX can0 08300103#0200
CAN-RX can0 02000000#0000
CAN-RX can0 02000000#0000
CAN-RX can0 14300200#0000
CAN-RX can0 1C300204#9AE505009AE50500
CAN-RX can0 02000000#0000
CAN-RX can0 00E#6E4621DF00000000
CAN-RX can0 08300103#0200
CAN-RX can0 02000000#0000
CAN-RX can0 02000000#0000
CAN-RX can0 08300103#FBFF
CAN-RX can0 02000000#0000
CAN-RX can0 03C30F0F#87878787878787
CAN-TX can0 78F#208000001F000000
CAN-RX can0 790#CF80000020000000
CAN-RX can0 02000000#0000
CAN-RX can0 02000000#0000
CAN-RX can0 00E#6E4621DF00000000
CAN-RX can0 08300103#0100
CAN-RX can0 0C140300#C2
CAN-RX can0 02000000#0000
CAN-RX can0 02000000#0000
CAN-RX can0 02000000#0000
CAN-RX can0 02000000#0000
CAN-RX can0 02000000#0000
CAN-RX can0 00E#6E4621DF00000000
CAN-RX can0 02000000#0000
CAN-RX can0 02000000#0000
CAN-RX can0 02000000#0000
CAN-RX can0 03C30F0F#87878787878787
CAN-RX can0 140C0201#0000
CAN-RX can0 02000000#0000
CAN-RX can0 02000000#0000
CAN-RX can0 08300103#F2FF
CAN-RX can0 00E#6E4621DF00000000
CAN-RX can0 02000000#0000
CAN-RX can0 02000000#0000
CAN-RX can0 08300103#F8FF
CAN-RX can0 02000000#0000
CAN-RX can0 02000000#0000
CAN-RX can0 02000000#0000
CAN-RX can0 0C140200#C0
CAN-RX can0 08300103#F4FF
CAN-RX can0 00E#6E4621DF00000000
CAN-RX can0 02000000#0000
CAN-RX can0 02000000#0000
CAN-RX can0 08300103#0300
CAN-RX can0 02000000#0000
CAN-RX can0 03C30F0F#87878787878787
CAN-RX can0 02000000#0000
CAN-RX can0 14300200#0000
CAN-RX can0 02000000#0000
CAN-RX can0 08300103#FDFF
CAN-RX can0 00E#6E4621DF00000000
CAN-RX can0 02000000#0000
CAN-RX can0 02000000#0000
CAN-RX can0 08300103#EEFF
CAN-RX can0 02000000#0000
CAN-RX can0 02000000#0000
CAN-RX can0 02000000#0000
CAN-RX can0 0C140200#C1
CAN-RX can0 08300103#F2FF
CAN-RX can0 00E#6E4621DF00000000
CAN-RX can0 02000000#0000
CAN-RX can0 02000000#0000
CAN-RX can0 08300103#FAFF
CAN-RX can0 02000000#0000
CAN-RX can0 03C30F0F#87878787878787
CAN-RX can0 02000000#0000
CAN-RX can0 02000000#0000
CAN-RX can0 08300103#0100
CAN-RX can0 00E#6E4621DF00000000
CAN-RX can0 02000000#0000
CAN-RX can0 02000000#0000
CAN-RX can0 08300103#0500
CAN-RX can0 02000000#0000
CAN-RX can0 140C0201#0000
CAN-RX can0 02000000#0000
CAN-RX can0 02000000#0000
CAN-RX can0 08300103#F9FF
CAN-RX can0 00E#6E4621DF00000000
CAN-RX can0 02000000#0000
CAN-RX can0 02000000#0000
CAN-RX can0 08300103#FCFF
CAN-RX can0 02000000#0000
CAN-RX can0 03C30F0F#87878787878787
CAN-RX can0 02000000#0000
CAN-RX can0 02000000#0000
CAN-RX can0 08300103#FBFF
CAN-RX can0 00E#6E4621DF00000000
CAN-RX can0 02000000#0000
CAN-RX can0 02000000#0000
CAN-TX can0 78F#208000001F000000
CAN-RX can0 08300103#0300
CAN-RX can0 02000000#0000
CAN-RX can0 02000000#0000
CAN-RX can0 14300200#0000
CAN-RX can0 790#CF80000020000000
CAN-RX can0 02000000#0000
CAN-RX can0 08300103#F7FF
CAN-RX can0 00E#6E4621DF00000000
CAN-RX can0 02000000#0000
CAN-RX can0 02000000#0000
CAN-RX can0 08300103#FFFF
CAN-RX can0 02000000#0000
CAN-RX can0 03C30F0F#87878787878787
CAN-RX can0 1C0C0200#1E
CAN-RX can0 02000000#0000
CAN-RX can0 02000000#0000
CAN-RX can0 08300103#F1FF
CAN-RX can0 00E#6E4621DF00000000
CAN-RX can0 1C2C0000#382316880A1A
CAN-RX can0 02000000#0000
CAN-RX can0 02000000#0000
CAN-RX can0 08300103#FEFF
CAN-RX can0 02000000#0000
CAN-RX can0 02000000#0000
CAN-RX can0 02000000#0000
CAN-RX can0 08300103#0400
CAN-RX can0 00E#6E4621DF00000000
CAN-RX can0 02000000#0000
CAN-RX can0 02000000#0000
CAN-TX can0 78F#208000001F000000
CAN-RX can0 08300103#FCFF
CAN-RX can0 02000000#0000
CAN-RX can0 03C30F0F#87878787878787
CAN-RX can0 140C0201#0000
CAN-RX can0 790#CF80000020000000
CAN-RX can0 02000000#0000
CAN-RX can0 02000000#0000
CAN-RX can0 08300103#FAFF
CAN-RX can0 00E#6E4621DF00000000
CAN-RX can0 02000000#0000
CAN-RX can0 02000000#0000
CAN-RX can0 08300103#0000
CAN-RX can0 02000000#0000
CAN-RX can0 02000000#0000
CAN-RX can0 02000000#0000
CAN-RX can0 08300103#0000
CAN-RX can0 00E#6E4621DF00000000
CAN-RX can0 02000000#0000
CAN-RX can0 02000000#0000
CAN-RX can0 08300103#FAFF
CAN-RX can0 02000000#0000
CAN-RX can0 03C30F0F#87878787878787
CAN-RX can0 02000000#0000
CAN-RX can0 14300200#0000
CAN-RX can0 02000000#0000
CAN-RX can0 08300103#0500
CAN-RX can0 00E#6E4621DF00000000
CAN-RX can0 02000000#0000
CAN-RX can0 02000000#0000
CAN-TX can0 78F#208000001F000000
CAN-RX can0 08300103#EDFF
CAN-RX can0 02000000#0000
CAN-RX can0 790#CF80000020000000
CAN-RX can0 02000000#0000
CAN-RX can0 02000000#0000
CAN-RX can0 08300103#F0FF
CAN-RX can0 00E#6E4621DF00000000
CAN-RX can0 02000000#0000
CAN-RX can0 02000000#0000
CAN-RX can0 08300103#FBFF
CAN-RX can0 02000000#0000
CAN-RX can0 03C30F0F#87878787878787
CAN-RX can0 02000000#0000
CAN-RX can0 02000000#0000
CAN-RX can0 08300103#0000
CAN-RX can0 00E#6E4621DF00000000
CAN-RX can0 02000000#0000
CAN-RX can0 02000000#0000
CAN-RX can0 08300103#EEFF
CAN-RX can0 02000000#0000
CAN-RX can0 140C0201#0000
CAN-RX can0 02000000#0000
CAN-RX can0 02000000#0000
CAN-RX can0 08300103#F0FF
CAN-RX can0 00E#6E4621DF00000000
CAN-RX can0 02000000#0000
CAN-RX can0 02000000#0000
CAN-TX can0 78F#208000001F000000
CAN-RX can0 08300103#0700
CAN-RX can0 790#CF80000020000000
CAN-RX can0 02000000#0000
CAN-RX can0 03C30F0F#87878787878787
CAN-RX can0 02000000#0000
CAN-RX can0 02000000#0000
CAN-RX can0 08300103#0000
CAN-RX can0 00E#6E4621DF00000000
CAN-RX can0 02000000#0000
CAN-RX can0 02000000#0000
CAN-RX can0 08300103#0800
CAN-RX can0 02000000#0000
CAN-RX can0 02000000#0000
CAN-RX can0 14300200#0000
CAN-RX can0 02000000#0000
CAN-RX can0 1C300204#9AE505009AE50500
CAN-RX can0 08300103#0400
CAN-RX can0 00E#6E4621DF00000000
CAN-RX can0 02000000#0000
CAN-RX can0 02000000#0000
CAN-RX can0 08300103#FDFF
CAN-RX can0 02000000#0000
CAN-RX can0 03C30F0F#87878787878787
CAN-RX can0 02000000#0000
CAN-RX can0 02000000#0000
CAN-RX can0 08300103#0000
CAN-RX can0 00E#6E4621DF00000000
CAN-RX can0 0C140300#C2
CAN-RX can0 02000000#0000
CAN-TX can0 78F#208000001F000000
CAN-RX can0 02000000#0000
CAN-RX can0 790#CF80000020000000
CAN-RX can0 02000000#0000
CAN-RX can0 02000000#0000
CAN-RX can0 02000000#0000
CAN-RX can0 00E#6E4621DF00000000
CAN-RX can0 02000000#0000
CAN-RX can0 02000000#0000
CAN-RX can0 02000000#0000
CAN-RX can0 03C30F0F#87878787878787
CAN-RX can0 140C0201#0000
CAN-RX can0 02000000#0000
CAN-RX can0 02000000#0000
CAN-RX can0 08300103#0400
CAN-RX can0 00E#6E4621DF00000000
CAN-RX can0 02000000#0000
CAN-RX can0 02000000#0000
CAN-RX can0 08300103#EEFF
CAN-RX can0 02000000#0000
CAN-RX can0 02000000#0000
CAN-RX can0 02000000#0000
CAN-RX can0 0C140200#C0
CAN-RX can0 08300103#F9FF
CAN-RX can0 00E#6E4621DF00000000
CAN-RX can0 02000000#0000
CAN-TX can0 78F#208000001F000000
CAN-RX can0 02000000#0000
CAN-RX can0 790#CF80000020000000
CAN-RX can0 08300103#F7FF
CAN-RX can0 02000000#0000
CAN-RX can0 03C30F0F#87878787878787
CAN-RX can0 02000000#0000
CAN-RX can0 14300200#0000
CAN-RX can0 02000000#0000
CAN-RX can0 08300103#F1FF
CAN-RX can0 00E#6E4621DF00000000
CAN-RX can0 02000000#0000
CAN-RX can0 02000000#0000
CAN-RX can0 08300103#F2FF
CAN-RX can0 02000000#0000
CAN-RX can0 02000000#0000
CAN-RX can0 02000000#0000
CAN-RX can0 0C140200#C1
CAN-RX can0 08300103#0600
CAN-RX can0 00E#6E4621DF00000000
CAN-RX can0 02000000#0000
CAN-RX can0 02000000#0000
CAN-RX can0 08300103#F6FF
CAN-RX can0 02000000#0000
CAN-RX can0 03C30F0F#87878787878787
CAN-RX can0 02000000#0000
CAN-RX can0 02000000#0000
CAN-RX can0 08300103#FBFF
CAN-RX can0 00E#6E4621DF00000000
CAN-RX can0 02000000#0000
CAN-TX can0 78F#208000001F000000
CAN-RX can0 02000000#0000
CAN-RX can0 790#CF80000020000000
CAN-RX can0 08300103#0000
CAN-RX can0 02000000#0000
CAN-RX can0 140C0201#0000
CAN-RX can0 02000000#0000
CAN-RX can0 02000000#0000
CAN-RX can0 08300103#0900
CAN-RX can0 00E#6E4621DF00000000
CAN-RX can0 02000000#0000
CAN-RX can0 02000000#0000
CAN-RX can0 08300103#EFFF
CAN-RX can0 02000000#0000
CAN-RX can0 03C30F0F#87878787878787
CAN-RX can0 02000000#0000
CAN-RX can0 02000000#0000
CAN-RX can0 08300103#0400
CAN-RX can0 00E#6E4621DF00000000
CAN-RX can0 02000000#0000
CAN-RX can0 02000000#0000
CAN-RX can0 08300103#0B00
CAN-RX can0 02000000#0000
CAN-RX can0 02000000#0000
CAN-RX can0 14300200#0000
CAN-RX can0 02000000#0000
CAN-RX can0 08300103#FCFF
CAN-RX can0 00E#6E4621DF00000000
CAN-RX can0 02000000#0000
CAN-TX can0 78F#208000001F000000
CAN-RX can0 790#CF80000020000000
CAN-RX can0 02000000#0000
CAN-RX can0 08300103#EBFF
CAN-RX can0 02000000#0000
CAN-RX can0 03C30F0F#87878787878787
CAN-RX can0 1C0C0200#1E
CAN-RX can0 02000000#0000
CAN-RX can0 02000000#0000
CAN-RX can0 08300103#0600
CAN-RX can0 00E#6E4621DF00000000
CAN-RX can0 1C2C0000#392316880A1A
CAN-RX can0 02000000#0000
CAN-RX can0 02000000#0000
CAN-RX can0 08300103#FEFF
CAN-RX can0 02000000#0000
CAN-RX can0 02000000#0000
CAN-RX can0 02000000#0000
CAN-RX can0 08300103#EFFF
CAN-RX can0 00E#6E4621DF00000000
CAN-RX can0 02000000#0000
CAN-RX can0 02000000#0000
CAN-RX can0 08300103#FDFF
CAN-RX can0 02000000#0000
CAN-RX can0 03C30F0F#87878787878787
CAN-RX can0 140C0201#0000
CAN-RX can0 02000000#0000
CAN-RX can0 02000000#0000
CAN-RX can0 08300103#E2FF
CAN-RX can0 00E#6E4621DF00000000
CAN-RX can0 02000000#0000
CAN-TX can0 78F#208000001F000000
CAN-RX can0 790#CF80000020000000
CAN-RX can0 02000000#0000
CAN-RX can0 08300103#0100
CAN-RX can0 02000000#0000
CAN-RX can0 02000000#0000
CAN-RX can0 08300103#FBFF
CAN-RX can0 02000000#0000
CAN-RX can0 00E#6E4621DF00000000
CAN-RX can0 02000000#0000
CAN-RX can0 02000000#0000
CAN-RX can0 08300103#0A00
CAN-RX can0 02000000#0000
CAN-RX can0 03C30F0F#87878787878787
CAN-RX can0 02000000#0000
CAN-RX can0 14300200#0000
CAN-RX can0 08300103#FBFF
CAN-RX can0 02000000#0000
CAN-RX can0 00E#6E4621DF00000000
CAN-RX can0 02000000#0000
CAN-RX can0 02000000#0000
CAN-RX can0 08300103#F8FF
CAN-RX can0 02000000#0000
CAN-RX can0 02000000#0000
CAN-RX can0 08300103#FAFF
CAN-RX can0 02000000#0000
CAN-RX can0 00E#6E4621DF00000000
CAN-RX can0 02000000#0000
CAN-TX can0 78F#208000001F000000
CAN-RX can0 790#CF80000020000000
CAN-RX can0 02000000#0000
CAN-RX can0 08300103#0000
CAN-RX can0 02000000#0000
CAN-RX can0 03C30F0F#87878787878787
CAN-RX can0 02000000#0000
CAN-RX can0 08300103#0600
CAN-RX can0 02000000#0000
CAN-RX can0 00E#6E4621DF00000000
CAN-RX can0 02000000#0000
CAN-RX can0 02000000#0000
CAN-RX can0 08300103#F0FF
CAN-RX can0 02000000#0000
CAN-RX can0 140C0201#0000
CAN-RX can0 02000000#0000
CAN-RX can0 08300103#0400
CAN-RX can0 02000000#0000
CAN-RX can0 00E#6E4621DF00000000
CAN-RX can0 02000000#0000
CAN-RX can0 02000000#0000
CAN-RX can0 08300103#F5FF
CAN-RX can0 02000000#0000
CAN-RX can0 03C30F0F#87878787878787
CAN-RX can0 02000000#0000
CAN-RX can0 08300103#F7FF
CAN-RX can0 02000000#0000
CAN-RX can0 00E#6E4621DF00000000
CAN-TX can0 78F#208000001F000000
CAN-RX can0 02000000#0000
CAN-RX can0 790#CF80000020000000
CAN-RX can0 02000000#0000
CAN-RX can0 08300103#F6FF
CAN-RX can0 02000000#0000
CAN-RX can0 02000000#0000
CAN-RX can0 14300200#0000
CAN-RX can0 08300103#FDFF
CAN-RX can0 02000000#0000
CAN-RX can0 00E#6E4621DF00000000
CAN-RX can0 02000000#0000
CAN-RX can0 1C300204#9AE505009AE50500
CAN-RX can0 02000000#0000
CAN-RX can0 08300103#0700
CAN-RX can0 02000000#0000
CAN-RX can0 03C30F0F#87878787878787
CAN-RX can0 02000000#0000
CAN-RX can0 08300103#FBFF
CAN-RX can0 02000000#0000
CAN-RX can0 00E#6E4621DF00000000
CAN-RX can0 0C140300#C2
CAN-RX can0 02000000#0000
CAN-RX can0 02000000#0000
CAN-RX can0 02000000#0000
CAN-RX can0 02000000#0000
CAN-RX can0 02000000#0000
CAN-RX can0 00E#6E4621DF00000000
CAN-TX can0 78F#208000001F000000
CAN-RX can0 02000000#0000
CAN-RX can0 790#CF80000020000000
CAN-RX can0 02000000#0000
CAN-RX can0 02000000#0000
CAN-RX can0 03C30F0F#87878787878787
CAN-RX can0 140C0201#0000
CAN-RX can0 02000000#0000
CAN-RX can0 08300103#F3FF
CAN-RX can0 02000000#0000
CAN-RX can0 00E#6E4621DF00000000
CAN-RX can0 02000000#0000
CAN-RX can0 02000000#0000
CAN-RX can0 08300103#0200
CAN-RX can0 02000000#0000
CAN-RX can0 02000000#0000
CAN-RX can0 08300103#0300
CAN-RX can0 02000000#0000
CAN-RX can0 0C140200#C0
CAN-RX can0 00E#6E4621DF00000000
CAN-RX can0 02000000#0000
CAN-RX can0 02000000#0000
CAN-RX can0 08300103#F3FF
CAN-RX can0 02000000#0000
CAN-RX can0 03C30F0F#87878787878787
CAN-RX can0 02000000#0000
CAN-RX can0 14300200#0000
CAN-RX can0 08300103#F9FF
CAN-RX can0 02000000#0000
CAN-TX can0 78F#208000001F000000
CAN-RX can0 00E#6E4621DF00000000
CAN-RX can0 790#CF80000020000000
CAN-RX can0 02000000#0000
CAN-RX can0 02000000#0000
CAN-RX can0 08300103#F6FF
CAN-RX can0 02000000#0000
CAN-RX can0 02000000#0000
CAN-RX can0 08300103#F6FF
CAN-RX can0 02000000#0000
CAN-RX can0 0C140200#C1
CAN-RX can0 00E#6E4621DF00000000
CAN-RX can0 02000000#0000
CAN-RX can0 02000000#0000
CAN-RX can0 08300103#FEFF
CAN-RX can0 02000000#0000
CAN-RX can0 03C30F0F#87878787878787
CAN-RX can0 02000000#0000
CAN-RX can0 08300103#F6FF
CAN-RX can0 02000000#0000
CAN-RX can0 00E#6E4621DF00000000
CAN-RX can0 02000000#0000
CAN-RX can0 02000000#0000
CAN-RX can0 08300103#EDFF
CAN-RX can0 02000000#0000
CAN-RX can0 140C0201#0000
CAN-RX can0 02000000#0000
CAN-RX can0 08300103#FEFF
CAN-RX can0 02000000#0000
CAN-TX can0 78F#208000001F000000
CAN-RX can0 00E#6E4621DF00000000
CAN-RX can0 790#CF80000020000000
CAN-RX can0 02000000#0000
CAN-RX can0 02000000#0000
CAN-RX can0 08300103#0900
CAN-RX can0 02000000#0000
CAN-RX can0 03C30F0F#87878787878787
CAN-RX can0 02000000#0000
CAN-RX can0 08300103#0300
CAN-RX can0 02000000#0000
CAN-RX can0 00E#6E4621DF00000000
CAN-RX can0 02000000#0000
CAN-RX can0 02000000#0000
CAN-RX can0 08300103#F8FF
CAN-RX can0 02000000#0000
CAN-RX can0 02000000#0000
CAN-RX can0 14300200#0000
CAN-RX can0 08300103#EFFF
CAN-RX can0 02000000#0000
CAN-RX can0 00E#6E4621DF00000000
CAN-RX can0 02000000#0000
CAN-RX can0 02000000#0000
CAN-RX can0 08300103#EDFF
CAN-RX can0 02000000#0000
CAN-RX can0 03C30F0F#87878787878787
CAN-RX can0 1C0C0200#1E
CAN-RX can0 02000000#0000
CAN-TX can0 78F#208000001F000000
CAN-RX can0 08300103#0000
CAN-RX can0 02000000#0000
CAN-RX can0 00E#6E4621DF00000000
CAN-RX can0 1C2C0000#3A2316880A1A
CAN-RX can0 790#CF80000020000000
CAN-RX can0 02000000#0000
CAN-RX can0 02000000#0000
CAN-RX can0 08300103#0400
CAN-RX can0 02000000#0000
CAN-RX can0 02000000#0000
CAN-RX can0 08300103#0800
CAN-RX can0 02000000#0000
CAN-RX can0 00E#6E4621DF00000000
CAN-RX can0 02000000#0000
CAN-RX can0 02000000#0000
CAN-RX can0 08300103#F7FF
CAN-RX can0 02000000#0000
CAN-RX can0 03C30F0F#87878787878787
CAN-RX can0 140C0201#0000
CAN-RX can0 02000000#0000
CAN-RX can0 08300103#0700
CAN-RX can0 02000000#0000
CAN-RX can0 00E#6E4621DF00000000
CAN-RX can0 02000000#0000
CAN-RX can0 02000000#0000
CAN-RX can0 08300103#F9FF
CAN-RX can0 02000000#0000
CAN-RX can0 02000000#0000
CAN-RX can0 08300103#F9FF
CAN-RX can0 02000000#0000
CAN-TX can0 78F#208000001F000000
CAN-RX can0 00E#6E4621DF00000000
CAN-RX can0 790#CF80000020000000
CAN-RX can0 02000000#0000
CAN-RX can0 02000000#0000
CAN-RX can0 08300103#0000
CAN-RX can0 02000000#0000
CAN-RX can0 03C30F0F#87878787878787
CAN-RX can0 02000000#0000
CAN-RX can0 14300200#0000
CAN-RX can0 08300103#FAFF
CAN-RX can0 02000000#0000
CAN-RX can0 00E#6E4621DF00000000
CAN-RX can0 02000000#0000
CAN-RX can0 02000000#0000
CAN-RX can0 08300103#0500
CAN-RX can0 02000000#0000
CAN-RX can0 02000000#0000
CAN-RX can0 08300103#0300
CAN-RX can0 02000000#0000
CAN-RX can0 00E#6E4621DF00000000
CAN-RX can0 02000000#0000
CAN-RX can0 02000000#0000
CAN-RX can0 08300103#FEFF
CAN-RX can0 02000000#0000
CAN-RX can0 03C30F0F#87878787878787
CAN-RX can0 02000000#0000
CAN-RX can0 08300103#F9FF
CAN-TX can0 78F#208000001F000000
CAN-RX can0 02000000#0000
CAN-RX can0 00E#6E4621DF00000000
CAN-RX can0 790#CF80000020000000
CAN-RX can0 02000000#0000
CAN-RX can0 02000000#0000
CAN-RX can0 08300103#0500
CAN-RX can0 02000000#0000
CAN-RX can0 140C0201#0000
CAN-RX can0 02000000#0000
CAN-RX can0 08300103#F7FF
CAN-RX can0 02000000#0000
CAN-RX can0 00E#6E4621DF00000000
CAN-RX can0 02000000#0000
CAN-RX can0 02000000#0000
CAN-RX can0 08300103#F5FF
CAN-RX can0 02000000#0000
CAN-RX can0 03C30F0F#87878787878787
CAN-RX can0 02000000#0000
CAN-RX can0 08300103#F9FF
CAN-RX can0 02000000#0000
CAN-RX can0 00E#6E4621DF00000000
CAN-RX can0 02000000#0000
CAN-RX can0 02000000#0000
CAN-RX can0 08300103#F7FF
CAN-RX can0 02000000#0000
CAN-RX can0 02000000#0000
CAN-RX can0 14300200#0000
CAN-RX can0 08300103#0600
CAN-RX can0 02000000#0000
CAN-TX can0 78F#208000001F000000
CAN-RX can0 790#CF80000020000000
CAN-RX can0 00E#6E4621DF00000000
CAN-RX can0 02000000#0000
CAN-RX can0 02000000#0000
CAN-RX can0 1C300204#9AE505009AE50500
CAN-RX can0 08300103#FFFF
CAN-RX can0 02000000#0000
CAN-RX can0 03C30F0F#87878787878787
CAN-RX can0 02000000#0000
CAN-RX can0 002#
CAN-RX can0 060#40000000
CAN-RX can0 062#50000002
CAN-RX can0 062#60000000
CAN-RX can0 062#70000009
CAN-RX can0 08300103#0400
CAN-RX can0 062#80000010
CAN-RX can0 004#
CAN-RX can0 0C140300#C2
CAN-RX can0 002#
CAN-RX can0 004#
CAN-RX can0 1C240001#
CAN-TX can0 78F#208000001F000000
CAN-RX can0 790#CF80000020000000
CAN-RX can0 004#
CAN-RX can0 002#
CAN-RX can0 004#
CAN-RX can0 14300200#0000
CAN-RX can0 002#
CAN-RX can0 004#
CAN-TX can0 78F#208000001F000000
CAN-RX can0 790#CF80000020000000
CAN-RX can0 004#
CAN-RX can0 002#
CAN-RX can0 004#
CAN-TX can0 78F#208000001F000000
CAN-RX can0 790#CF80000020000000
CAN-RX can0 004#
CAN-RX can0 002#
CAN-RX can0 004#
CAN-RX can0 1C0C0200#1E
CAN-RX can0 002#
CAN-TX can0 78F#208000001F000000
CAN-RX can0 004#
CAN-RX can0 790#CF80000020000000
CAN-RX can0 1C2C0000#3B2316880A1A
CAN-RX can0 002#
CAN-RX can0 004#
CAN-RX can0 002#
CAN-RX can0 004#
CAN-TX can0 78F#208000001F000000
CAN-RX can0 790#CF80000020000000
CAN-RX can0 002#
CAN-RX can0 004#
CAN-RX can0 002#
CAN-RX can0 004#
CAN-RX can0 002#
CAN-RX can0 002#
CAN-RX can0 004#
CAN-TX can0 78F#208000001F000000
CAN-RX can0 790#CF80000020000000
CAN-RX can0 002#
CAN-RX can0 004#
CAN-RX can0 002#
CAN-RX can0 002#
CAN-RX can0 004#
CAN-RX can0 181C0000#0170800000000000
CAN-TX can0 78F#208000001F000000
CAN-RX can0 790#CF80000020000000
CAN-RX can0 002#
CAN-RX can0 0C140300#C2
CAN-RX can0 004#
CAN-RX can0 002#
CAN-RX can0 004#
CAN-RX can0 002#
CAN-RX can0 004#
CAN-TX can0 78F#208000001F000000
CAN-RX can0 790#CF80000020000000
CAN-RX can0 002#
CAN-RX can0 004#
CAN-RX can0 002#
CAN-RX can0 004#
CAN-TX can0 78F#208000001F000000
CAN-RX can0 790#CF80000020000000
CAN-RX can0 002#
CAN-RX can0 004#
CAN-RX can0 002#
CAN-RX can0 004#
CAN-TX can0 78F#208000001F000000
CAN-RX can0 002#
CAN-RX can0 004#
CAN-RX can0 790#CF80000020000000
CAN-RX can0 002#
CAN-RX can0 004#
CAN-RX can0 002#
CAN-RX can0 004#
CAN-RX can0 1C2C0000#002416880A1A
CAN-TX can0 78F#208000001F000000
CAN-RX can0 790#CF80000020000000
CAN-RX can0 002#
CAN-RX can0 004#
CAN-RX can0 002#
CAN-RX can0 004#
CAN-RX can0 002#
CAN-RX can0 004#
CAN-TX can0 78F#208000001F000000
CAN-RX can0 790#CF80000020000000
CAN-RX can0 002#
CAN-RX can0 004#
CAN-RX can0 002#
CAN-RX can0 004#
CAN-TX can0 78F#208000001F000000
CAN-RX can0 790#CF80000020000000
CAN-RX can0 002#
CAN-RX can0 004#
CAN-RX can0 002#
CAN-RX can0 004#
CAN-RX can0 0C140300#C2
CAN-RX can0 002#
CAN-TX can0 78F#208000001F000000
CAN-RX can0 004#
CAN-RX can0 790#CF80000020000000
CAN-RX can0 002#
CAN-RX can0 004#
CAN-RX can0 002#
CAN-RX can0 004#
CAN-TX can0 78F#208000001F000000
CAN-RX can0 790#CF80000020000000
CAN-RX can0 002#
CAN-RX can0 004#
CAN-RX can0 002#
CAN-RX can0 004#
CAN-RX can0 002#
CAN-TX can0 78F#208000001F000000
CAN-RX can0 004#
CAN-RX can0 790#CF80000020000000
CAN-RX can0 002#
CAN-RX can0 004#
CAN-RX can0 002#
CAN-RX can0 004#
CAN-TX can0 78F#208000001F000000
CAN-RX can0 790#CF80000020000000
CAN-RX can0 002#
CAN-RX can0 004#
CAN-RX can0 002#
CAN-RX can0 1C2C0000#012416880A1A
CAN-RX can0 004#
CAN-TX can0 78F#208000001F000000
CAN-RX can0 002#
CAN-RX can0 790#CF80000020000000
CAN-RX can0 004#
CAN-RX can0 002#
CAN-RX can0 004#
CAN-RX can0 002#
CAN-RX can0 004#
CAN-TX can0 78F#208000001F000000
CAN-RX can0 790#CF80000020000000
CAN-RX can0 002#
CAN-RX can0 004#
CAN-RX can0 004#
CAN-TX can0 78F#208000001F000000
CAN-RX can0 790#CF80000020000000
CAN-RX can0 004#
CAN-RX can0 004#
CAN-RX can0 0C140300#C2
CAN-RX can0 004#
CAN-TX can0 78F#208000001F000000
CAN-RX can0 790#CF80000020000000
CAN-RX can0 004#
CAN-RX can0 004#
CAN-TX can0 78F#208000001F000000
CAN-RX can0 790#CF80000020000000
CAN-RX can0 004#
CAN-RX can0 004#
CAN-TX can0 78F#208000001F000000
CAN-RX can0 790#CF80000020000000
CAN-RX can0 004#
CAN-RX can0 002#
CAN-RX can0 004#
CAN-RX can0 002#
CAN-RX can0 004#
CAN-TX can0 78F#208000001F000000
CAN-RX can0 790#CF80000020000000
CAN-RX can0 004#
CAN-RX can0 1C2C0000#022416880A1A
CAN-RX can0 004#
CAN-RX can0 002#
CAN-TX can0 78F#208000001F000000
CAN-RX can0 790#CF80000020000000
CAN-RX can0 004#
CAN-RX can0 002#
CAN-RX can0 004#
CAN-RX can0 002#
CAN-RX can0 004#
CAN-TX can0 78F#208000001F000000
CAN-RX can0 790#CF80000020000000
CAN-RX can0 002#
CAN-RX can0 004#
CAN-RX can0 002#
CAN-RX can0 004#
CAN-RX can0 002#
CAN-TX can0 78F#208000001F000000
CAN-RX can0 790#CF80000020000000
CAN-RX can0 004#
CAN-RX can0 002#
CAN-RX can0 0C140300#C2
CAN-RX can0 004#
CAN-RX can0 002#
CAN-TX can0 78F#208000001F000000
CAN-RX can0 004#
CAN-RX can0 790#CF80000020000000
CAN-RX can0 002#
CAN-RX can0 004#
CAN-RX can0 004#
CAN-TX can0 78F#208000001F000000
CAN-RX can0 790#CF80000020000000
CAN-RX can0 004#
CAN-RX can0 004#
CAN-RX can0 002#
CAN-RX can0 004#
CAN-TX can0 78F#208000001F000000
CAN-RX can0 790#CF80000020000000
CAN-RX can0 002#
CAN-RX can0 004#
CAN-RX can0 002#
CAN-RX can0 004#
CAN-TX can0 78F#208000001F000000
CAN-RX can0 790#CF80000020000000
CAN-RX can0 004#
CAN-RX can0 1C2C0000#032416880A1A
CAN-RX can0 004#
CAN-RX can0 002#
CAN-RX can0 004#
CAN-TX can0 78F#208000001F000000
CAN-RX can0 790#CF80000020000000
CAN-RX can0 002#
CAN-RX can0 004#
CAN-RX can0 002#
CAN-RX can0 004#
CAN-TX can0 78F#208000001F000000
CAN-RX can0 002#
CAN-RX can0 790#CF80000020000000
CAN-RX can0 004#
CAN-RX can0 002#
CAN-RX can0 004#
CAN-RX can0 002#
CAN-RX can0 004#
CAN-TX can0 78F#208000001F000000
CAN-RX can0 790#CF80000020000000
CAN-RX can0 0C140300#C2
CAN-RX can0 002#
CAN-RX can0 004#
CAN-RX can0 002#
CAN-RX can0 004#
CAN-TX can0 78F#208000001F000000
CAN-RX can0 790#CF80000020000000
CAN-RX can0 002#
CAN-RX can0 004#
CAN-RX can0 002#
CAN-RX can0 004#
CAN-RX can0 002#
CAN-RX can0 004#
CAN-TX can0 78F#208000001F000000
CAN-RX can0 790#CF80000020000000
CAN-RX can0 002#
CAN-RX can0 004#
CAN-RX can0 002#
CAN-RX can0 004#
CAN-TX can0 78F#208000001F000000
CAN-RX can0 790#CF80000020000000
CAN-RX can0 002#
CAN-RX can0 004#
CAN-RX can0 002#
CAN-RX can0 004#
CAN-RX can0 002#
CAN-RX can0 1C2C0000#042416880A1A
CAN-RX can0 004#
CAN-TX can0 78F#208000001F000000
CAN-RX can0 790#CF80000020000000
CAN-RX can0 002#
CAN-RX can0 004#
CAN-RX can0 002#
CAN-RX can0 004#
CAN-TX can0 78F#208000001F000000
CAN-RX can0 790#CF80000020000000
CAN-RX can0 002#
CAN-RX can0 004#
CAN-RX can0 002#
CAN-RX can0 004#
CAN-RX can0 002#
CAN-TX can0 78F#208000001F000000
CAN-RX can0 004#
CAN-RX can0 790#CF80000020000000
CAN-RX can0 002#
CAN-RX can0 004#
CAN-RX can0 002#
CAN-RX can0 004#
CAN-RX can0 0C140300#C2
CAN-TX can0 78F#208000001F000000
CAN-RX can0 790#CF80000020000000
CAN-RX can0 002#
CAN-RX can0 004#
CAN-RX can0 002#
CAN-RX can0 004#
CAN-RX can0 002#
CAN-TX can0 78F#208000001F000000
CAN-RX can0 790#CF80000020000000
CAN-RX can0 004#
CAN-RX can0 002#
CAN-RX can0 004#
CAN-RX can0 002#
CAN-RX can0 004#
CAN-TX can0 78F#208000001F000000
CAN-RX can0 790#CF80000020000000
CAN-RX can0 002#
CAN-RX can0 004#
CAN-RX can0 002#
CAN-RX can0 004#
CAN-RX can0 002#
CAN-TX can0 78F#208000001F000000
CAN-RX can0 790#CF80000020000000
CAN-RX can0 004#
CAN-RX can0 002#
CAN-RX can0 004#
CAN-RX can0 1C2C0000#052416880A1A
CAN-RX can0 002#
CAN-TX can0 78F#208000001F000000
CAN-RX can0 004#
CAN-RX can0 790#CF80000020000000
CAN-RX can0 002#
CAN-RX can0 004#
CAN-RX can0 002#
CAN-RX can0 004#
CAN-RX can0 002#
CAN-RX can0 004#
CAN-RX can0 002#
CAN-RX can0 004#
CAN-RX can0 004#
CAN-RX can0 004#
CAN-RX can0 0C140300#C2
CAN-RX can0 004#
CAN-TX can0 78F#208000001F000000
CAN-RX can0 790#CF80000020000000
CAN-RX can0 004#
CAN-RX can0 004#
CAN-TX can0 78F#208000001F000000
CAN-RX can0 004#
CAN-RX can0 790#CF80000020000000
CAN-RX can0 004#
CAN-RX can0 004#
CAN-TX can0 78F#208000001F000000
CAN-RX can0 790#CF80000020000000
CAN-RX can0 004#
CAN-RX can0 002#
CAN-RX can0 004#
CAN-RX can0 002#
CAN-RX can0 004#
CAN-TX can0 78F#208000001F000000
CAN-RX can0 790#CF80000020000000
CAN-RX can0 002#
CAN-RX can0 004#
CAN-RX can0 1C2C0000#062416880A1A
CAN-RX can0 002#
CAN-RX can0 004#
CAN-TX can0 78F#208000001F000000
CAN-RX can0 002#
CAN-RX can0 790#CF80000020000000
CAN-RX can0 004#
CAN-RX can0 002#
CAN-RX can0 004#
CAN-RX can0 002#
CAN-RX can0 004#
CAN-TX can0 78F#208000001F000000
CAN-RX can0 790#CF80000020000000
CAN-RX can0 004#
CAN-RX can0 004#
CAN-TX can0 78F#208000001F000000
CAN-RX can0 790#CF80000020000000
CAN-RX can0 004#
CAN-RX can0 0C140300#C2
CAN-RX can0 004#
CAN-RX can0 002#
CAN-RX can0 004#
CAN-TX can0 78F#208000001F000000
CAN-RX can0 790#CF80000020000000
CAN-RX can0 002#
CAN-RX can0 004#
CAN-RX can0 004#
CAN-TX can0 78F#208000001F000000
CAN-RX can0 790#CF80000020000000
CAN-RX can0 004#
CAN-RX can0 004#
CAN-RX can0 004#
CAN-TX can0 78F#208000001F000000
CAN-RX can0 790#CF80000020000000
CAN-RX can0 004#
CAN-RX can0 004#
CAN-TX can0 78F#208000001F000000
CAN-RX can0 790#CF80000020000000
CAN-RX can0 1C2C0000#072416880A1A
CAN-RX can0 004#
CAN-RX can0 004#
CAN-TX can0 78F#208000001F000000
CAN-RX can0 004#
CAN-RX can0 790#CF80000020000000
CAN-RX can0 002#
CAN-RX can0 004#
CAN-RX can0 002#
CAN-TX can0 78F#208000001F000000
CAN-RX can0 004#
CAN-RX can0 790#CF80000020000000
CAN-RX can0 002#
CAN-RX can0 004#
CAN-RX can0 002#
CAN-RX can0 004#
CAN-TX can0 78F#208000001F000000
CAN-RX can0 002#
CAN-RX can0 790#CF80000020000000
CAN-RX can0 004#
CAN-RX can0 0C140300#C2
CAN-RX can0 002#
CAN-RX can0 004#
CAN-RX can0 002#
CAN-RX can0 004#
CAN-TX can0 78F#208000001F000000
CAN-RX can0 790#CF80000020000000
CAN-RX can0 002#
CAN-RX can0 004#
CAN-RX can0 002#
CAN-RX can0 004#
CAN-TX can0 78F#208000001F000000
CAN-RX can0 790#CF80000020000000
CAN-RX can0 002#
CAN-RX can0 004#
CAN-RX can0 002#
CAN-RX can0 004#
CAN-RX can0 002#
CAN-TX can0 78F#208000001F000000
CAN-RX can0 004#
CAN-RX can0 790#CF80000020000000
CAN-RX can0 002#
CAN-RX can0 004#
CAN-RX can0 002#
CAN-RX can0 004#
CAN-TX can0 78F#208000001F000000
CAN-RX can0 790#CF80000020000000
CAN-RX can0 1C2C0000#082416880A1A
CAN-RX can0 002#
CAN-RX can0 004#
CAN-RX can0 002#
CAN-RX can0 004#
CAN-TX can0 78F#208000001F000000
CAN-RX can0 002#
CAN-RX can0 790#CF80000020000000
CAN-RX can0 004#
CAN-RX can0 002#
CAN-RX can0 004#
CAN-RX can0 002#
CAN-RX can0 004#
CAN-TX can0 78F#208000001F000000
CAN-RX can0 790#CF80000020000000
CAN-RX can0 002#
CAN-RX can0 004#
CAN-RX can0 002#
CAN-RX can0 004#
CAN-RX can0 002#
CAN-TX can0 78F#208000001F000000
CAN-RX can0 790#CF80000020000000
CAN-RX can0 0C140300#C2
CAN-RX can0 004#
CAN-RX can0 002#
CAN-RX can0 004#
CAN-RX can0 002#
CAN-TX can0 78F#208000001F000000
CAN-RX can0 004#
CAN-RX can0 790#CF80000020000000
CAN-RX can0 002#
CAN-RX can0 004#
CAN-RX can0 002#
CAN-RX can0 004#
CAN-TX can0 78F#208000001F000000
CAN-RX can0 002#
CAN-RX can0 790#CF80000020000000
CAN-RX can0 004#
CAN-RX can0 002#
CAN-RX can0 004#
CAN-RX can0 002#
CAN-TX can0 78F#208000001F000000
CAN-RX can0 004#
CAN-RX can0 790#CF80000020000000
CAN-RX can0 002#
CAN-RX can0 004#
CAN-RX can0 002#
CAN-RX can0 004#
CAN-RX can0 1C2C0000#092416880A1A
CAN-RX can0 002#
CAN-TX can0 78F#208000001F000000
CAN-RX can0 790#CF80000020000000
CAN-RX can0 004#
CAN-RX can0 002#
CAN-RX can0 004#
CAN-RX can0 002#
CAN-RX can0 004#
CAN-TX can0 78F#208000001F000000
CAN-RX can0 790#CF80000020000000
CAN-RX can0 002#
CAN-RX can0 004#
CAN-RX can0 002#
CAN-RX can0 004#
CAN-TX can0 78F#208000001F000000
CAN-RX can0 790#CF80000020000000
CAN-RX can0 004#
CAN-RX can0 004#
CAN-RX can0 0C140300#C2
CAN-TX can0 78F#208000001F000000
CAN-RX can0 000#
CAN-RX can0 000#
CAN-RX can0 000#
CAN-RX can0 790#CF80000020000000
CAN-TX can0 78F#208000001F000000
CAN-TX can0 78F#208000001F000000
CAN-TX can0 78F#208000001F000000
CAN-TX can0 78F#208000001F000000
CAN-TX can0 78F#208000001F000000
CAN-TX can0 78F#208000001F000000
CAN-RX can0 00C#
CAN-RX can0 00E#6E4621DF00000000
CAN-RX can0 7B3#
CAN-RX can0 1F00616E#
CAN-RX can0 1F100D46#
CAN-RX can0 1F200E21#
CAN-RX can0 1F3021DF#
CAN-RX can0 1F405000#
CAN-RX can0 1F50E200#
CAN-RX can0 1F603E00#
CAN-RX can0 1F70D300#
CAN-RX can0 00E#6E4621DF00000000
CAN-RX can0 7B3#
CAN-RX can0 7B3#
CAN-RX can0 1F00616E#
CAN-RX can0 1F100D46#
CAN-RX can0 1F200E21#
CAN-RX can0 1F3021DF#
CAN-RX can0 1F405000#
CAN-RX can0 1F50E200#
CAN-RX can0 1F603E00#
CAN-RX can0 1F70D300#
CAN-RX can0 1F016103#
CAN-RX can0 1F110D00#
CAN-RX can0 1F210E0E#
CAN-RX can0 1F3121E4#
CAN-RX can0 1F415000#
CAN-RX can0 1F51E200#
CAN-RX can0 1F613E00#
CAN-RX can0 1F71D300#
CAN-RX can0 00E#6E4621DF00000000
CAN-RX can0 1F00616E#
CAN-RX can0 1F100D46#
CAN-RX can0 1F200E21#
CAN-RX can0 1F3021DF#
CAN-RX can0 1F405000#
CAN-RX can0 1F50E200#
CAN-RX can0 1F603E00#
CAN-RX can0 1F70D300#
CAN-RX can0 1F016103#
CAN-RX can0 1F110D00#
CAN-RX can0 1F210E0E#
CAN-RX can0 1F3121E4#
CAN-RX can0 1F415000#
CAN-RX can0 1F51E200#
CAN-RX can0 1F613E00#
CAN-RX can0 1F71D300#
CAN-RX can0 1F03614A#
CAN-RX can0 1F130D68#
CAN-RX can0 1F230E01#
CAN-RX can0 1F332100#
CAN-RX can0 1F435003#
CAN-RX can0 1F53E250#
CAN-RX can0 1F633E02#
CAN-RX can0 1F73D301#
CAN-RX can0 00E#6E4621DF00000000
CAN-RX can0 00E#6E4621DF00000000
CAN-RX can0 00E#6E4621DF00000000
CAN-RX can0 00E#6E4621DF00000000
CAN-RX can0 7B1#
CAN-RX can0 00E#6E4621DF00000000
CAN-RX can0 7B0#
CAN-RX can0 1C0C0200#1E
CAN-RX can0 780#2280000010000000
CAN-RX can0 792#4080000000000000
CAN-RX can0 780#4280000000000000
CAN-RX can0 792#2080000010000000
CAN-RX can0 780#2281000006000100
CAN-RX can0 00E#6E4621DF00000000
CAN-RX can0 1C2C0000#080017880A1A
CAN-RX can0 792#4081000000000000
CAN-RX can0 780#428F000000000000
CAN-RX can0 792#208F00000FC60000
CAN-RX can0 780#2281000002000000
CAN-RX can0 792#4081000000000000
CAN-RX can0 780#428F000000000000
CAN-RX can0 792#208F0000D82D0000
CAN-RX can0 780#2281000008000100
CAN-RX can0 792#4081000000000000
CAN-RX can0 780#428F000000000000
CAN-RX can0 792#208F000011DA0000
CAN-RX can0 780#228100000A000100
CAN-RX can0 00E#6E4621DF00000000
CAN-RX can0 03C30F0F#87878787878787
CAN-RX can0 00E#6E4621DF00000000
CAN-RX can0 792#4081000000000000
CAN-RX can0 780#428F000000000000
CAN-RX can0 792#208F0000F53B0000
CAN-RX can0 780#2281000003000000
CAN-RX can0 792#4081000000000000
CAN-RX can0 780#428C000004000000
CAN-RX can0 792#208C0000F6FF0100
CAN-RX can0 780#2285000008000000
CAN-RX can0 792#4085000000000000
CAN-RX can0 780#428C000004000000
CAN-RX can0 792#208C000009088140
CAN-RX can0 780#428C000001000000
CAN-RX can0 792#208C000003000000
CAN-RX can0 780#228100000A000100
CAN-RX can0 792#4081000000000000
CAN-RX can0 780#428A000000000000
CAN-RX can0 792#208A000030000000
CAN-RX can0 780#228100000B000100
CAN-RX can0 00E#6E4621DF00000000
CAN-RX can0 03C30F0F#87878787878787
CAN-RX can0 00E#6E4621DF00000000
CAN-RX can0 140C0201#0000
CAN-RX can0 792#4081000000000000
CAN-RX can0 780#428F000000000000
CAN-RX can0 792#208F000009670000
CAN-RX can0 780#428A000000000000
CAN-RX can0 792#208A000030000000
CAN-RX can0 780#2281000019000100
CAN-RX can0 00E#6E4621DF00000000
CAN-RX can0 03C30F0F#87878787878787
CAN-RX can0 00E#6E4621DF00000000
CAN-RX can0 792#4081000000000000
CAN-RX can0 780#428F000000000000
CAN-RX can0 792#208F00008C0E0000
CAN-RX can0 780#228100000C000100
CAN-RX can0 00E#6E4621DF00000000
CAN-RX can0 03C30F0F#87878787878787
CAN-RX can0 792#4081000000000000
CAN-RX can0 780#428F000000000000
CAN-RX can0 792#208F0000D8C90000
CAN-RX can0 780#428A000000000000
CAN-RX can0 792#208A000030000000
CAN-RX can0 780#228100000D000100
CAN-RX can0 00E#6E4621DF00000000
CAN-RX can0 792#4081000000000000
CAN-RX can0 780#428F000000000000
CAN-RX can0 792#208F00009C080000
CAN-RX can0 780#2281000013000100
CAN-RX can0 00E#6E4621DF00000000
CAN-RX can0 792#4081000000000000
CAN-RX can0 780#428F000000000000
CAN-RX can0 792#208F00001A070000
CAN-RX can0 780#228100000E000100
CAN-RX can0 792#4081000000000000
CAN-RX can0 780#428F000000000000
CAN-RX can0 792#208F00003B6E0000
CAN-RX can0 780#2281000014000100
CAN-RX can0 03C30F0F#87878787878787
CAN-RX can0 792#4081000000000000
CAN-RX can0 780#428F000000000000
CAN-RX can0 792#208F00000BA30000
CAN-RX can0 780#2281000011000100
CAN-RX can0 00E#6E4621DF00000000
CAN-RX can0 792#4081000000000000
CAN-RX can0 780#428F000000000000
CAN-RX can0 792#208F000081E90000
CAN-RX can0 780#2280000000000000
CAN-RX can0 792#4080000000000000
CAN-RX can0 780#4240000000000000
CAN-RX can0 792#204000000000037F
CAN-RX can0 780#4250000000000000
CAN-RX can0 792#2050000003000000
CAN-RX can0 040#00000000
CAN-RX can0 781#2280000011000000
CAN-RX can0 792#4180000000000000
CAN-RX can0 781#4280000000000000
CAN-RX can0 792#2180000011000000
CAN-RX can0 781#2281000012000100
CAN-RX can0 792#4181000000000000
CAN-RX can0 00E#6E4621DF00000000
CAN-RX can0 781#428F000000000000
CAN-RX can0 792#218F00002EF40000
CAN-RX can0 781#2280000000000000
CAN-RX can0 792#4180000000000000
CAN-RX can0 041#00000000
CAN-RX can0 052#C000FF00
CAN-RX can0 052#D200FF02
CAN-RX can0 052#F000FF01
CAN-RX can0 0C280200#00
CAN-RX can0 0C140200#C0
CAN-RX can0 0C140200#C1
CAN-RX can0 03C30F0F#87878787878787
CAN-RX can0 042#00000000
CAN-RX can0 783#2280000013000000
CAN-RX can0 792#4380000000000000
CAN-RX can0 783#2281000008000100
CAN-RX can0 792#4381000000000000
CAN-RX can0 783#528B000002000001
CAN-RX can0 00E#6E4621DF00000000
CAN-RX can0 792#238B000011DA0000
CAN-RX can0 783#2280000000000000
CAN-RX can0 792#4380000000000000
CAN-RX can0 783#2280000013000000
CAN-RX can0 792#4380000000000000
CAN-RX can0 783#2281000003500201
CAN-RX can0 792#4381000000000000
CAN-RX can0 783#528B000002000001
CAN-RX can0 792#238B0000EF680000
CAN-RX can0 00E#6E4621DF00000000
CAN-RX can0 783#2280000000000000
CAN-RX can0 792#4380000000000000
CAN-RX can0 03C30F0F#87878787878787
CAN-RX can0 043#00000000
CAN-RX can0 042#80000000
CAN-RX can0 040#80000000
CAN-RX can0 041#80000000
CAN-RX can0 043#80000000
CAN-RX can0 052#00000000
CAN-RX can0 052#12000002
CAN-RX can0 052#90000000
CAN-RX can0 052#80000001
CAN-RX can0 060#00000000
CAN-RX can0 062#10000002
CAN-RX can0 062#20000000
CAN-RX can0 0C180002#0003
CAN-RX can0 062#30000001
CAN-RX can0 062#80000080
CAN-RX can0 0C140200#C0
CAN-RX can0 0A040000#00
CAN-RX can0 0C180200#0101
CAN-RX can0 14300200#0000
CAN-RX can0 1C300204#9AE505009AE50500
CAN-RX can0 00E#6E4621DF00000000
CAN-RX can0 08300103#0700
CAN-RX can0 08300103#0500
CAN-RX can0 00E#6E4621DF00000000
CAN-RX can0 08300103#0700
CAN-RX can0 03C30F0F#87878787878787
CAN-RX can0 08300103#0200
CAN-RX can0 0C140200#C1
CAN-RX can0 00E#6E4621DF00000000
CAN-RX can0 08300103#0A00
CAN-RX can0 140C0201#0000
CAN-RX can0 08300103#0300
CAN-RX can0 00E#6E4621DF00000000
CAN-RX can0 08300103#0600
CAN-RX can0 03C30F0F#87878787878787
CAN-RX can0 08300103#0C00
CAN-RX can0 00E#6E4621DF00000000
CAN-RX can0 08300103#1400
CAN-RX can0 08300103#0700
CAN-RX can0 14300200#0000
CAN-RX can0 00E#6E4621DF00000000
CAN-RX can0 0C140300#02
CAN-RX can0 08300103#0500
CAN-RX can0 0C180201#200001
CAN-RX can0 14300201#00
CAN-RX can0 03C30F0F#87878787878787
CAN-RX can0 1C0C0200#1E
CAN-RX can0 0C180200#0101
CAN-RX can0 08300103#0C00
CAN-RX can0 00E#6E4621DF00000000
CAN-RX can0 1C2C0000#090017880A1A
CAN-RX can0 08300103#0E00
CAN-RX can0 08300103#0B00
CAN-RX can0 00E#6E4621DF00000000
CAN-RX can0 08300103#0800
CAN-RX can0 03C30F0F#87878787878787
CAN-RX can0 140C0201#0000
CAN-RX can0 08300103#0300
CAN-RX can0 00E#6E4621DF00000000
CAN-RX can0 08300103#0C00
CAN-RX can0 08300103#0000
CAN-RX can0 00E#6E4621DF00000000
CAN-RX can0 08300103#1100
CAN-RX can0 03C30F0F#87878787878787
CAN-RX can0 08300103#0900
CAN-RX can0 14300200#0000
CAN-RX can0 00E#6E4621DF00000000
CAN-RX can0 08300103#1300
CAN-RX can0 08300103#0400
CAN-RX can0 00E#6E4621DF00000000
CAN-RX can0 08300103#0200
CAN-RX can0 03C30F0F#87878787878787
CAN-RX can0 08300103#FFFF
CAN-RX can0 00E#6E4621DF00000000
CAN-RX can0 08300103#0500
CAN-RX can0 140C0201#0000
CAN-RX can0 08300103#0500
CAN-RX can0 00E#6E4621DF00000000
CAN-RX can0 08300103#0000
CAN-RX can0 03C30F0F#87878787878787
CAN-RX can0 08300103#0700
CAN-RX can0 00E#6E4621DF00000000
CAN-RX can0 08300103#0C00
CAN-RX can0 08300103#0500
CAN-RX can0 14300200#0000
CAN-RX can0 00E#6E4621DF00000000
CAN-RX can0 08300103#0900
CAN-RX can0 03C30F0F#87878787878787
CAN-RX can0 08300103#0600
CAN-RX can0 00E#6E4621DF00000000
CAN-RX can0 08300103#0700
CAN-RX can0 08300103#0A00
CAN-RX can0 00E#6E4621DF00000000
CAN-RX can0 08300103#1700
CAN-RX can0 03C30F0F#87878787878787
CAN-RX can0 140C0201#0000
CAN-RX can0 08300103#0B00
CAN-RX can0 00E#6E4621DF00000000
CAN-RX can0 08300103#0500
CAN-RX can0 08300103#1D00
CAN-RX can0 0C140200#C0
CAN-RX can0 00E#6E4621DF00000000
CAN-RX can0 08300103#1400
CAN-RX can0 03C30F0F#87878787878787
CAN-RX can0 08300103#1800
CAN-RX can0 14300200#0000
CAN-RX can0 1C300204#9AE505009AE50500
CAN-RX can0 00E#6E4621DF00000000
CAN-RX can0 0C180001#060201
CAN-RX can0 0C140200#C1
CAN-RX can0 00E#6E4621DF00000000
CAN-RX can0 03C30F0F#87878787878787
CAN-RX can0 08300103#0E00
CAN-RX can0 00E#6E4621DF00000000
CAN-RX can0 08300103#0D00
CAN-RX can0 140C0201#0000
CAN-RX can0 08300103#0D00
CAN-RX can0 00E#6E4621DF00000000
CAN-RX can0 08300103#0100
CAN-RX can0 03C30F0F#87878787878787
CAN-RX can0 08300103#0000
CAN-RX can0 00E#6E4621DF00000000
CAN-RX can0 08300103#1000
CAN-RX can0 0C140300#42
CAN-RX can0 0C180201#210001
CAN-RX can0 14300201#14
CAN-RX can0 08300103#0C00
CAN-RX can0 0C180200#0101
CAN-RX can0 14300200#0000
CAN-RX can0 00E#6E4621DF00000000
CAN-RX can0 08300103#0100
CAN-RX can0 03C30F0F#87878787878787
CAN-RX can0 1C0C0200#1E
CAN-RX can0 08300103#0800
CAN-RX can0 00E#6E4621DF00000000
CAN-RX can0 08300103#1E00
CAN-RX can0 1C2C0000#0A0017880A1A
CAN-RX can0 08300103#0B00
CAN-RX can0 00E#6E4621DF00000000
CAN-RX can0 08300103#0200
CAN-RX can0 03C30F0F#87878787878787
CAN-RX can0 140C0201#0000
CAN-RX can0 08300103#0000
CAN-RX can0 00E#6E4621DF00000000
CAN-RX can0 08300103#1300
CAN-RX can0 08300103#0400
CAN-RX can0 00E#6E4621DF00000000
CAN-RX can0 08300103#0300
CAN-RX can0 03C30F0F#87878787878787
CAN-RX can0 08300103#F8FF
CAN-RX can0 14300200#0000
CAN-RX can0 00E#6E4621DF00000000
CAN-RX can0 08300103#0000
CAN-RX can0 08300103#0D00
CAN-RX can0 00E#6E4621DF00000000
CAN-RX can0 08300103#1900
CAN-RX can0 03C30F0F#87878787878787
CAN-RX can0 08300103#0900
CAN-RX can0 00E#6E4621DF00000000
CAN-RX can0 08300103#0B00
CAN-RX can0 140C0201#0000
CAN-RX can0 08300103#1C00
CAN-RX can0 00E#6E4621DF00000000
CAN-RX can0 08300103#FAFF
CAN-RX can0 03C30F0F#87878787878787
CAN-RX can0 08300103#0700
CAN-RX can0 00E#6E4621DF00000000
CAN-RX can0 08300103#0000
CAN-RX can0 08300103#0800
CAN-RX can0 14300200#0000
CAN-RX can0 00E#6E4621DF00000000
CAN-RX can0 08300103#1D00
CAN-RX can0 03C30F0F#87878787878787
CAN-RX can0 08300103#1000
CAN-RX can0 00E#6E4621DF00000000
CAN-RX can0 08300103#0A00
CAN-RX can0 0C140300#C2
CAN-RX can0 0C180201#210000
CAN-RX can0 14300201#64
CAN-RX can0 08300103#0F00
CAN-RX can0 0C180200#0101
CAN-RX can0 00E#6E4621DF00000000
CAN-RX can0 08300103#0500
CAN-RX can0 03C30F0F#87878787878787
CAN-RX can0 140C0201#0000
CAN-RX can0 08300103#0700
CAN-RX can0 00E#6E4621DF00000000
CAN-RX can0 08300103#0800
CAN-RX can0 08300103#0100
CAN-RX can0 0C140200#C0
CAN-RX can0 00E#6E4621DF00000000
CAN-RX can0 08300103#0500
CAN-RX can0 03C30F0F#87878787878787
CAN-RX can0 08300103#0000
CAN-RX can0 14300200#0000
CAN-RX can0 00E#6E4621DF00000000
CAN-RX can0 1C300204#9AE505009AE50500
CAN-RX can0 0C140200#C1
CAN-RX can0 00E#6E4621DF00000000
CAN-RX can0 03C30F0F#87878787878787
CAN-RX can0 08300103#0700
CAN-RX can0 00E#6E4621DF00000000
CAN-RX can0 08300103#1400
CAN-RX can0 140C0201#0000
CAN-RX can0 08300103#0800
CAN-RX can0 00E#6E4621DF00000000
CAN-RX can0 08300103#0800
CAN-RX can0 03C30F0F#87878787878787
CAN-RX can0 08300103#0400
CAN-RX can0 00E#6E4621DF00000000
CAN-RX can0 08300103#0C00
CAN-RX can0 08300103#0400
CAN-RX can0 14300200#0000
CAN-RX can0 00E#6E4621DF00000000
CAN-RX can0 08300103#FDFF
CAN-RX can0 03C30F0F#87878787878787
CAN-RX can0 1C0C0200#1E
CAN-RX can0 08300103#0000
CAN-RX can0 00E#6E4621DF00000000
CAN-RX can0 08300103#0F00
CAN-RX can0 1C2C0000#0B0017880A1A
CAN-RX can0 08300103#FFFF
CAN-RX can0 00E#6E4621DF00000000
CAN-RX can0 08300103#0600
CAN-RX can0 03C30F0F#87878787878787
CAN-RX can0 140C0201#0000
CAN-RX can0 08300103#0900
CAN-RX can0 00E#6E4621DF00000000
CAN-RX can0 08300103#FAFF
CAN-RX can0 08300103#ECFF
CAN-RX can0 00E#6E4621DF00000000
CAN-RX can0 08300103#0000
CAN-RX can0 03C30F0F#87878787878787
CAN-RX can0 08300103#0800
CAN-RX can0 14300200#0000
CAN-RX can0 00E#6E4621DF00000000
CAN-RX can0 08300103#F6FF
CAN-RX can0 08300103#F8FF
CAN-RX can0 00E#6E4621DF00000000
CAN-RX can0 08300103#FFFF
CAN-RX can0 03C30F0F#87878787878787
CAN-RX can0 08300103#0A00
CAN-RX can0 00E#6E4621DF00000000
CAN-RX can0 08300103#1400
CAN-RX can0 140C0201#0000
CAN-RX can0 08300103#1300
CAN-RX can0 00E#6E4621DF00000000
CAN-RX can0 08300103#0000
CAN-RX can0 03C30F0F#87878787878787
CAN-RX can0 08300103#0200
CAN-RX can0 00E#6E4621DF00000000
CAN-RX can0 08300103#0000
CAN-RX can0 08300103#0A00
CAN-RX can0 14300200#0000
CAN-RX can0 00E#6E4621DF00000000
CAN-RX can0 08300103#0800
CAN-RX can0 03C30F0F#87878787878787
CAN-RX can0 08300103#0E00
CAN-RX can0 00E#6E4621DF00000000
CAN-RX can0 08300103#0A00
CAN-RX can0 0C140300#C2
CAN-RX can0 08300103#0300
CAN-RX can0 00E#6E4621DF00000000
CAN-RX can0 08300103#0500
CAN-RX can0 03C30F0F#87878787878787
CAN-RX can0 0C000300#D5D5
CAN-RX can0 140C0201#0000
CAN-RX can0 08300103#0600
CAN-RX can0 00E#6E4621DF00000000
CAN-RX can0 08300103#0A00
CAN-RX can0 08300103#0800
CAN-RX can0 0C140200#C0
CAN-RX can0 00E#6E4621DF00000000
CAN-RX can0 08300103#0800
CAN-RX can0 03C30F0F#87878787878787
CAN-RX can0 08300103#0200
CAN-RX can0 14300200#0000
CAN-RX can0 00E#6E4621DF00000000
CAN-RX can0 1C300204#9AE505009AE50500
CAN-RX can0 0C140200#C1
CAN-RX can0 00E#6E4621DF00000000
CAN-RX can0 03C30F0F#87878787878787
CAN-RX can0 08300103#1300
CAN-RX can0 00E#6E4621DF00000000
CAN-RX can0 08300103#1300
CAN-RX can0 140C0201#0000
CAN-RX can0 08300103#0000
CAN-RX can0 00E#6E4621DF00000000
CAN-RX can0 08300103#0F00
CAN-RX can0 03C30F0F#87878787878787
CAN-RX can0 08300103#0700
CAN-RX can0 00E#6E4621DF00000000
CAN-RX can0 08300103#0F00
CAN-RX can0 08300103#1000
CAN-RX can0 14300200#0000
CAN-RX can0 00E#6E4621DF00000000
CAN-RX can0 08300103#0600
CAN-RX can0 03C30F0F#87878787878787
CAN-RX can0 1C0C0200#1E
CAN-RX can0 08300103#0700
CAN-RX can0 00E#6E4621DF00000000
CAN-RX can0 08300103#0800
CAN-RX can0 1C2C0000#0C0017880A1A
CAN-RX can0 08300103#0500
CAN-RX can0 00E#6E4621DF00000000
CAN-RX can0 08300103#0000
CAN-RX can0 03C30F0F#87878787878787
CAN-RX can0 140C0201#0000
CAN-RX can0 08300103#1000
CAN-RX can0 0C000300#0000
CAN-RX can0 00E#6E4621DF00000000
CAN-RX can0 08300103#0900
CAN-RX can0 08300103#0900
CAN-RX can0 00E#6E4621DF00000000
CAN-RX can0 08300103#1200
CAN-RX can0 03C30F0F#87878787878787
CAN-RX can0 08300103#1100
CAN-RX can0 14300200#0000
CAN-RX can0 00E#6E4621DF00000000
CAN-RX can0 08300103#0A00
CAN-RX can0 08300103#0C00
CAN-RX can0 00E#6E4621DF00000000
CAN-RX can0 08300103#0900
CAN-RX can0 03C30F0F#87878787878787
CAN-RX can0 08300103#2000
CAN-RX can0 00E#6E4621DF00000000
CAN-RX can0 08300103#0700
CAN-RX can0 08300103#1000
CAN-RX can0 140C0201#0000
CAN-RX can0 00E#6E4621DF00000000
CAN-RX can0 08300103#0D00
CAN-RX can0 03C30F0F#87878787878787
CAN-RX can0 08300103#FBFF
CAN-RX can0 00E#6E4621DF00000000
CAN-RX can0 08300103#0800
CAN-RX can0 08300103#0400
CAN-RX can0 14300200#0000
CAN-RX can0 00E#6E4621DF00000000
CAN-RX can0 08300103#0D00
CAN-RX can0 03C30F0F#87878787878787
CAN-RX can0 08300103#0A00
CAN-RX can0 00E#6E4621DF00000000
CAN-RX can0 08300103#0200
CAN-RX can0 0C140300#C2
CAN-RX can0 08300103#0600
CAN-RX can0 00E#6E4621DF00000000
CAN-RX can0 08300103#0500
CAN-RX can0 1C240001#
CAN-RX can0 03C30F0F#87878787878787
CAN-RX can0 08300103#0600
CAN-RX can0 140C0201#0000
CAN-RX can0 00E#6E4621DF00000000
CAN-RX can0 08300103#0400
CAN-RX can0 08300103#0A00
CAN-RX can0 0C140200#C0
CAN-RX can0 00E#6E4621DF00000000
CAN-RX can0 08300103#0200
CAN-RX can0 03C30F0F#87878787878787
CAN-RX can0 08300103#F6FF
CAN-RX can0 14300200#0000
CAN-RX can0 00E#6E4621DF00000000
CAN-RX can0 1C300204#9AE505009AE50500
CAN-RX can0 0C140200#C1
CAN-RX can0 00E#6E4621DF00000000
CAN-RX can0 03C30F0F#87878787878787
CAN-RX can0 08300103#0B00
CAN-RX can0 02000000#0000
CAN-RX can0 00E#6E4621DF00000000
CAN-RX can0 08300103#0100
CAN-RX can0 02000000#0000
CAN-RX can0 02000000#0000
CAN-RX can0 02000000#0000
CAN-RX can0 08300103#0000
CAN-RX can0 140C0201#0000
CAN-RX can0 02000000#0000
CAN-RX can0 02000000#0000
CAN-RX can0 00E#6E4621DF00000000
CAN-RX can0 08300103#0C00
CAN-RX can0 02000000#0000
CAN-RX can0 02000000#0000
CAN-RX can0 02000000#0000
CAN-RX can0 03C30F0F#87878787878787
CAN-RX can0 08300103#0300
CAN-RX can0 02000000#0000
CAN-RX can0 02000000#0000
CAN-RX can0 00E#6E4621DF00000000
CAN-RX can0 08300103#0200
CAN-RX can0 02000000#0000
CAN-RX can0 02000000#0000
CAN-RX can0 02000000#0000
CAN-RX can0 08300103#1D00
CAN-RX can0 02000000#0000
CAN-RX can0 14300200#0000
CAN-RX can0 02000000#0000
CAN-RX can0 00E#6E4621DF00000000
CAN-RX can0 08300103#0E00
CAN-RX can0 02000000#0000
CAN-RX can0 02000000#0000
CAN-RX can0 02000000#0000
CAN-RX can0 03C30F0F#87878787878787
CAN-RX can0 08300103#0A00
CAN-RX can0 1C0C0200#1E
CAN-RX can0 02000000#0000
CAN-RX can0 02000000#0000
CAN-RX can0 00E#6E4621DF00000000
CAN-RX can0 08300103#1000
CAN-RX can0 02000000#0000
CAN-RX can0 1C2C0000#0D0017880A1A
CAN-RX can0 02000000#0000
CAN-RX can0 02000000#0000
CAN-RX can0 08300103#0000
CAN-RX can0 02000000#0000
CAN-RX can0 02000000#0000
CAN-RX can0 00E#6E4621DF00000000
CAN-RX can0 08300103#0100
CAN-RX can0 02000000#0000
CAN-RX can0 02000000#0000
CAN-RX can0 02000000#0000
CAN-RX can0 03C30F0F#87878787878787
CAN-RX can0 08300103#0700
CAN-RX can0 140C0201#0000
CAN-RX can0 02000000#0000
CAN-RX can0 02000000#0000
CAN-RX can0 00E#6E4621DF00000000
CAN-RX can0 08300103#0400
CAN-RX can0 02000000#0000
CAN-RX can0 02000000#0000
CAN-RX can0 02000000#0000
CAN-RX can0 08300103#0A00
CAN-RX can0 02000000#0000
CAN-RX can0 02000000#0000
CAN-RX can0 00E#6E4621DF00000000
CAN-RX can0 08300103#0100
CAN-RX can0 02000000#0000
CAN-RX can0 02000000#0000
CAN-RX can0 02000000#0000
CAN-RX can0 03C30F0F#87878787878787
CAN-RX can0 08300103#1200
CAN-RX can0 02000000#0000
CAN-RX can0 14300200#0000
CAN-RX can0 02000000#0000
CAN-RX can0 00E#6E4621DF00000000
CAN-RX can0 08300103#0700
CAN-RX can0 02000000#0000
CAN-RX can0 02000000#0000
CAN-RX can0 02000000#0000
CAN-RX can0 08300103#0900
CAN-RX can0 02000000#0000
CAN-RX can0 02000000#0000
CAN-RX can0 00E#6E4621DF00000000
CAN-RX can0 08300103#1600
CAN-RX can0 02000000#0000
CAN-RX can0 02000000#0000
CAN-RX can0 02000000#0000
CAN-RX can0 03C30F0F#87878787878787
CAN-RX can0 08300103#0D00
CAN-RX can0 02000000#0000
CAN-RX can0 02000000#0000
CAN-RX can0 00E#6E4621DF00000000
CAN-RX can0 08300103#0900
CAN-RX can0 02000000#0000
CAN-RX can0 02000000#0000
CAN-RX can0 02000000#0000
CAN-RX can0 08300103#0200
CAN-RX can0 140C0201#0000
CAN-RX can0 02000000#0000
CAN-RX can0 02000000#0000
CAN-RX can0 00E#6E4621DF00000000
CAN-RX can0 08300103#FAFF
CAN-RX can0 02000000#0000
CAN-RX can0 02000000#0000
CAN-RX can0 02000000#0000
CAN-RX can0 03C30F0F#87878787878787
CAN-RX can0 08300103#0A00
CAN-RX can0 02000000#0000
CAN-RX can0 02000000#0000
CAN-RX can0 00E#6E4621DF00000000
CAN-RX can0 08300103#0900
CAN-RX can0 02000000#0000
CAN-RX can0 02000000#0000
CAN-RX can0 02000000#0000
CAN-RX can0 08300103#0B00
CAN-RX can0 02000000#0000
CAN-RX can0 14300200#0000
CAN-RX can0 02000000#0000
CAN-RX can0 00E#6E4621DF00000000
CAN-RX can0 08300103#FFFF
CAN-RX can0 02000000#0000
CAN-RX can0 02000000#0000
CAN-RX can0 02000000#0000
CAN-RX can0 03C30F0F#87878787878787
CAN-RX can0 08300103#0200
CAN-RX can0 02000000#0000
CAN-RX can0 02000000#0000
CAN-RX can0 00E#6E4621DF00000000
CAN-RX can0 08300103#0C00
CAN-RX can0 02000000#0000
CAN-RX can0 02000000#0000
CAN-RX can0 0C140300#C2
CAN-RX can0 02000000#0000
CAN-RX can0 08300103#FCFF
CAN-RX can0 02000000#0000
CAN-RX can0 02000000#0000
CAN-RX can0 00E#6E4621DF00000000
CAN-RX can0 08300103#0000
CAN-RX can0 02000000#0000
CAN-RX can0 02000000#0000
CAN-RX can0 02000000#0000
CAN-RX can0 03C30F0F#87878787878787
CAN-RX can0 08300103#0F00
CAN-RX can0 140C0201#0000
CAN-RX can0 02000000#0000
CAN-RX can0 02000000#0000
CAN-RX can0 00E#6E4621DF00000000
CAN-RX can0 08300103#0D00
CAN-RX can0 02000000#0000
CAN-RX can0 02000000#0000
CAN-RX can0 08300103#1100
CAN-RX can0 02000000#0000
CAN-RX can0 02000000#0000
CAN-RX can0 02000000#0000
CAN-RX can0 0C140200#C0
CAN-RX can0 00E#6E4621DF00000000
CAN-RX can0 08300103#0900
CAN-RX can0 02000000#0000
CAN-RX can0 02000000#0000
CAN-RX can0 08300103#0A00
CAN-RX can0 02000000#0000
CAN-RX can0 03C30F0F#87878787878787
CAN-RX can0 02000000#0000
CAN-RX can0 14300200#0000
CAN-RX can0 02000000#0000
CAN-RX can0 00E#6E4621DF00000000
CAN-RX can0 02000000#0000
CAN-RX can0 02000000#0000
CAN-RX can0 02000000#0000
CAN-RX can0 02000000#0000
CAN-RX can0 1C300204#9AE505009AE50500
CAN-RX can0 02000000#0000
CAN-RX can0 0C140200#C1
CAN-RX can0 00E#6E4621DF00000000
CAN-RX can0 02000000#0000
CAN-RX can0 02000000#0000
CAN-RX can0 08300103#0A00
CAN-RX can0 02000000#0000
CAN-RX can0 03C30F0F#87878787878787
CAN-RX can0 02000000#0000
CAN-RX can0 02000000#0000
CAN-RX can0 00E#6E4621DF00000000
CAN-RX can0 08300103#FAFF
CAN-RX can0 02000000#0000
CAN-RX can0 02000000#0000
CAN-RX can0 08300103#0400
CAN-RX can0 02000000#0000
CAN-RX can0 140C0201#0000
CAN-RX can0 02000000#0000
CAN-RX can0 02000000#0000
CAN-RX can0 00E#6E4621DF00000000
CAN-RX can0 08300103#0A00
CAN-RX can0 02000000#0000
CAN-RX can0 02000000#0000
CAN-RX can0 08300103#F7FF
CAN-RX can0 02000000#0000
CAN-RX can0 03C30F0F#87878787878787
CAN-RX can0 02000000#0000
CAN-RX can0 02000000#0000
CAN-RX can0 00E#6E4621DF00000000
CAN-RX can0 08300103#0F00
CAN-RX can0 02000000#0000
CAN-RX can0 02000000#0000
CAN-RX can0 08300103#1200
CAN-RX can0 02000000#0000
CAN-RX can0 02000000#0000
CAN-RX can0 14300200#0000
CAN-RX can0 02000000#0000
CAN-RX can0 00E#6E4621DF00000000
CAN-RX can0 08300103#0100
CAN-RX can0 02000000#0000
CAN-RX can0 02000000#0000
CAN-RX can0 08300103#FEFF
CAN-RX can0 02000000#0000
CAN-RX can0 03C30F0F#87878787878787
CAN-RX can0 1C0C0200#1E
CAN-RX can0 02000000#0000
CAN-RX can0 02000000#0000
CAN-RX can0 00E#6E4621DF00000000
CAN-RX can0 08300103#0800
CAN-RX can0 02000000#0000
CAN-RX can0 1C2C0000#0E0017880A1A
CAN-RX can0 02000000#0000
CAN-RX can0 08300103#0500
CAN-RX can0 02000000#0000
CAN-RX can0 02000000#0000
CAN-RX can0 02000000#0000
CAN-RX can0 08300103#0600
CAN-RX can0 00E#6E4621DF00000000
CAN-RX can0 02000000#0000
CAN-RX can0 02000000#0000
CAN-RX can0 08300103#0500
CAN-RX can0 02000000#0000
CAN-RX can0 03C30F0F#87878787878787
CAN-RX can0 140C0201#0000
CAN-RX can0 02000000#0000
CAN-RX can0 02000000#0000
CAN-RX can0 08300103#0D00
CAN-RX can0 00E#6E4621DF00000000
CAN-RX can0 02000000#0000
CAN-RX can0 02000000#0000
CAN-RX can0 08300103#0500
CAN-RX can0 02000000#0000
CAN-RX can0 02000000#0000
CAN-RX can0 02000000#0000
CAN-RX can0 08300103#0900
CAN-RX can0 00E#6E4621DF00000000
CAN-RX can0 02000000#0000
CAN-RX can0 02000000#0000
CAN-RX can0 08300103#1000
CAN-RX can0 02000000#0000
CAN-RX can0 03C30F0F#87878787878787
CAN-RX can0 02000000#0000
CAN-RX can0 14300200#0000
CAN-RX can0 02000000#0000
CAN-RX can0 08300103#0400
CAN-RX can0 00E#6E4621DF00000000
CAN-RX can0 02000000#0000
CAN-RX can0 02000000#0000
CAN-RX can0 08300103#0D00
CAN-RX can0 02000000#0000
CAN-RX can0 02000000#0000
CAN-RX can0 02000000#0000
CAN-RX can0 08300103#F4FF
CAN-RX can0 00E#6E4621DF00000000
CAN-RX can0 02000000#0000
CAN-RX can0 02000000#0000
CAN-RX can0 08300103#0900
CAN-RX can0 02000000#0000
CAN-RX can0 03C30F0F#87878787878787
CAN-RX can0 02000000#0000
CAN-RX can0 02000000#0000
CAN-RX can0 08300103#0800
CAN-RX can0 00E#6E4621DF00000000
CAN-RX can0 02000000#0000
CAN-RX can0 02000000#0000
CAN-RX can0 08300103#0100
CAN-RX can0 02000000#0000
CAN-RX can0 140C0201#0000
CAN-RX can0 02000000#0000
CAN-RX can0 02000000#0000
CAN-RX can0 08300103#FFFF
CAN-RX can0 00E#6E4621DF00000000
CAN-RX can0 02000000#0000
CAN-RX can0 02000000#0000
CAN-RX can0 08300103#0D00
CAN-RX can0 02000000#0000
CAN-RX can0 03C30F0F#87878787878787
CAN-RX can0 02000000#0000
CAN-RX can0 02000000#0000
CAN-RX can0 08300103#0B00
CAN-RX can0 00E#6E4621DF00000000
CAN-RX can0 02000000#0000
CAN-RX can0 02000000#0000
CAN-RX can0 08300103#F8FF
CAN-RX can0 02000000#0000
CAN-RX can0 02000000#0000
CAN-RX can0 14300200#0000
CAN-RX can0 02000000#0000
CAN-RX can0 08300103#0900
CAN-RX can0 00E#6E4621DF00000000
CAN-RX can0 02000000#0000
CAN-RX can0 02000000#0000
CAN-RX can0 08300103#0100
CAN-RX can0 02000000#0000
CAN-RX can0 03C30F0F#87878787878787
CAN-RX can0 02000000#0000
CAN-RX can0 02000000#0000
CAN-RX can0 08300103#0500
CAN-RX can0 00E#6E4621DF00000000
CAN-RX can0 02000000#0000
CAN-RX can0 02000000#0000
CAN-RX can0 0C140300#C2
CAN-RX can0 08300103#1000
CAN-RX can0 02000000#0000
CAN-RX can0 02000000#0000
CAN-RX can0 02000000#0000
CAN-RX can0 08300103#0100
CAN-RX can0 00E#6E4621DF00000000
CAN-RX can0 02000000#0000
CAN-RX can0 02000000#0000
CAN-RX can0 08300103#1300
CAN-RX can0 02000000#0000
CAN-RX can0 03C30F0F#87878787878787
CAN-RX can0 140C0201#0000
CAN-RX can0 02000000#0000
CAN-RX can0 02000000#0000
CAN-RX can0 08300103#0B00
CAN-RX can0 00E#6E4621DF00000000
CAN-RX can0 02000000#0000
CAN-RX can0 02000000#0000
CAN-RX can0 08300103#FBFF
CAN-RX can0 02000000#0000
CAN-RX can0 02000000#0000
CAN-RX can0 02000000#0000
CAN-RX can0 08300103#FFFF
CAN-RX can0 0C140200#C0
CAN-RX can0 00E#6E4621DF00000000
CAN-RX can0 02000000#0000
CAN-RX can0 02000000#0000
CAN-RX can0 08300103#0100
CAN-RX can0 02000000#0000
CAN-RX can0 03C30F0F#87878787878787
CAN-RX can0 02000000#0000
CAN-RX can0 14300200#0000
CAN-RX can0 02000000#0000
CAN-RX can0 00E#6E4621DF00000000
CAN-RX can0 02000000#0000
CAN-RX can0 02000000#0000
CAN-RX can0 02000000#0000
CAN-RX can0 02000000#0000
CAN-RX can0 02000000#0000
CAN-RX can0 0C140200#C1
CAN-RX can0 00E#6E4621DF00000000
CAN-RX can0 1C300204#9AE505009AE50500
CAN-RX can0 02000000#0000
CAN-RX can0 02000000#0000
CAN-RX can0 08300103#0600
CAN-RX can0 02000000#0000
CAN-RX can0 03C30F0F#87878787878787
CAN-RX can0 02000000#0000
CAN-RX can0 02000000#0000
CAN-RX can0 08300103#0300
CAN-RX can0 00E#6E4621DF00000000
CAN-RX can0 02000000#0000
CAN-RX can0 02000000#0000
CAN-RX can0 08300103#0900
CAN-RX can0 02000000#0000
CAN-RX can0 140C0201#0000
CAN-RX can0 02000000#0000
CAN-RX can0 02000000#0000
CAN-RX can0 08300103#0700
CAN-RX can0 00E#6E4621DF00000000
CAN-RX can0 02000000#0000
CAN-RX can0 02000000#0000
CAN-RX can0 08300103#0900
CAN-RX can0 02000000#0000
CAN-RX can0 03C30F0F#87878787878787
CAN-RX can0 02000000#0000
CAN-RX can0 02000000#0000
CAN-RX can0 08300103#0200
CAN-RX can0 00E#6E4621DF00000000
CAN-RX can0 02000000#0000
CAN-RX can0 02000000#0000
CAN-RX can0 08300103#0200
CAN-RX can0 02000000#0000
CAN-RX can0 02000000#0000
CAN-RX can0 14300200#0000
CAN-RX can0 02000000#0000
CAN-RX can0 08300103#FDFF
CAN-RX can0 00E#6E4621DF00000000
CAN-RX can0 02000000#0000
CAN-RX can0 02000000#0000
CAN-RX can0 08300103#0000
CAN-RX can0 02000000#0000
CAN-RX can0 03C30F0F#87878787878787
CAN-RX can0 1C0C0200#1E
CAN-RX can0 02000000#0000
CAN-RX can0 02000000#0000
CAN-RX can0 08300103#0E00
CAN-RX can0 00E#6E4621DF00000000
CAN-RX can0 02000000#0000
CAN-RX can0 1C2C0000#0F0017880A1A
CAN-RX can0 02000000#0000
CAN-RX can0 08300103#0F00
CAN-RX can0 02000000#0000
CAN-RX can0 02000000#0000
CAN-RX can0 02000000#0000
CAN-RX can0 08300103#0900
CAN-RX can0 00E#6E4621DF00000000
CAN-RX can0 02000000#0000
CAN-RX can0 02000000#0000
CAN-RX can0 08300103#0B00
CAN-RX can0 02000000#0000
CAN-RX can0 03C30F0F#87878787878787
CAN-RX can0 140C0201#0000
CAN-RX can0 02000000#0000
CAN-RX can0 02000000#0000
CAN-RX can0 08300103#0800
CAN-RX can0 00E#6E4621DF00000000
CAN-RX can0 02000000#0000
CAN-RX can0 02000000#0000
CAN-RX can0 08300103#0200
CAN-RX can0 02000000#0000
CAN-RX can0 02000000#0000
CAN-RX can0 02000000#0000
CAN-RX can0 08300103#0500
CAN-RX can0 00E#6E4621DF00000000
CAN-RX can0 02000000#0000
CAN-RX can0 02000000#0000
CAN-RX can0 08300103#FDFF
CAN-RX can0 02000000#0000
CAN-RX can0 03C30F0F#87878787878787
CAN-RX can0 02000000#0000
CAN-RX can0 14300200#0000
CAN-RX can0 02000000#0000
CAN-RX can0 08300103#0400
CAN-RX can0 00E#6E4621DF00000000
CAN-RX can0 02000000#0000
CAN-RX can0 02000000#0000
CAN-RX can0 08300103#0600
CAN-RX can0 02000000#0000
CAN-RX can0 02000000#0000
CAN-RX can0 02000000#0000
CAN-RX can0 08300103#0900
CAN-RX can0 00E#6E4621DF00000000
CAN-RX can0 02000000#0000
CAN-RX can0 02000000#0000
CAN-RX can0 08300103#0E00
CAN-RX can0 02000000#0000
CAN-RX can0 03C30F0F#87878787878787
CAN-RX can0 02000000#0000
CAN-RX can0 02000000#0000
CAN-RX can0 08300103#0800
CAN-RX can0 00E#6E4621DF00000000
CAN-RX can0 02000000#0000
CAN-RX can0 02000000#0000
CAN-RX can0 08300103#1200
CAN-RX can0 02000000#0000
CAN-RX can0 140C0201#0000
CAN-RX can0 02000000#0000
CAN-RX can0 02000000#0000
CAN-RX can0 08300103#1000
CAN-RX can0 00E#6E4621DF00000000
CAN-RX can0 02000000#0000
CAN-RX can0 02000000#0000
CAN-RX can0 08300103#0900
CAN-RX can0 02000000#0000
CAN-RX can0 03C30F0F#87878787878787
CAN-RX can0 02000000#0000
CAN-RX can0 02000000#0000
CAN-RX can0 08300103#1100
CAN-RX can0 00E#6E4621DF00000000
CAN-RX can0 02000000#0000
CAN-RX can0 02000000#0000
CAN-RX can0 08300103#0400
CAN-RX can0 02000000#0000
CAN-RX can0 02000000#0000
CAN-RX can0 14300200#0000
CAN-RX can0 02000000#0000
CAN-RX can0 08300103#0A00
CAN-RX can0 00E#6E4621DF00000000
CAN-RX can0 02000000#0000
CAN-RX can0 02000000#0000
CAN-RX can0 08300103#0700
CAN-RX can0 02000000#0000
CAN-RX can0 03C30F0F#87878787878787
CAN-RX can0 02000000#0000
CAN-RX can0 02000000#0000
CAN-RX can0 08300103#0700
CAN-RX can0 00E#6E4621DF00000000
CAN-RX can0 02000000#0000
CAN-RX can0 02000000#0000
CAN-RX can0 08300103#0D00
CAN-RX can0 0C140300#C2
CAN-RX can0 02000000#0000
CAN-RX can0 02000000#0000
CAN-RX can0 02000000#0000
CAN-RX can0 08300103#0800
CAN-RX can0 00E#6E4621DF00000000
CAN-RX can0 02000000#0000
CAN-RX can0 02000000#0000
CAN-RX can0 08300103#0000
CAN-RX can0 02000000#0000
CAN-RX can0 03C30F0F#87878787878787
CAN-RX can0 140C0201#0000
CAN-RX can0 02000000#0000
CAN-RX can0 02000000#0000
CAN-RX can0 08300103#FCFF
CAN-RX can0 00E#6E4621DF00000000
CAN-RX can0 02000000#0000
CAN-RX can0 02000000#0000
CAN-RX can0 08300103#0A00
CAN-RX can0 02000000#0000
CAN-RX can0 02000000#0000
CAN-RX can0 02000000#0000
CAN-RX can0 08300103#0A00
CAN-RX can0 0C140200#C0
CAN-RX can0 00E#6E4621DF00000000
CAN-RX can0 02000000#0000
CAN-RX can0 02000000#0000
CAN-RX can0 08300103#0900
CAN-RX can0 02000000#0000
CAN-RX can0 03C30F0F#87878787878787
CAN-RX can0 02000000#0000
CAN-RX can0 14300200#0000
CAN-RX can0 02000000#0000
CAN-RX can0 00E#6E4621DF00000000
CAN-RX can0 02000000#0000
CAN-RX can0 02000000#0000
CAN-RX can0 02000000#0000
CAN-RX can0 02000000#0000
CAN-RX can0 02000000#0000
CAN-RX can0 0C140200#C1
CAN-RX can0 00E#6E4621DF00000000
CAN-RX can0 02000000#0000
CAN-RX can0 1C300204#9AE505009AE50500
CAN-RX can0 02000000#0000
CAN-RX can0 08300103#0B00
CAN-RX can0 02000000#0000
CAN-RX can0 03C30F0F#87878787878787
CAN-RX can0 02000000#0000
CAN-RX can0 08300103#0200
CAN-RX can0 02000000#0000
CAN-RX can0 00E#6E4621DF00000000
CAN-RX can0 02000000#0000
CAN-RX can0 02000000#0000
CAN-RX can0 08300103#0B00
CAN-RX can0 02000000#0000
CAN-RX can0 140C0201#0000
CAN-RX can0 02000000#0000
CAN-RX can0 08300103#0900
CAN-RX can0 02000000#0000
CAN-RX can0 00E#6E4621DF00000000
CAN-RX can0 02000000#0000
CAN-RX can0 02000000#0000
CAN-RX can0 08300103#0300
CAN-RX can0 02000000#0000
CAN-RX can0 03C30F0F#87878787878787
CAN-RX can0 02000000#0000
CAN-RX can0 08300103#0A00
CAN-RX can0 02000000#0000
CAN-RX can0 00E#6E4621DF00000000
CAN-RX can0 02000000#0000
CAN-RX can0 02000000#0000
CAN-RX can0 08300103#0000
CAN-RX can0 02000000#0000
CAN-RX can0 02000000#0000
CAN-RX can0 14300200#0000
CAN-RX can0 08300103#FFFF
CAN-RX can0 02000000#0000
CAN-RX can0 00E#6E4621DF00000000
CAN-RX can0 02000000#0000
CAN-RX can0 02000000#0000
CAN-RX can0 08300103#0200
CAN-RX can0 02000000#0000
CAN-RX can0 03C30F0F#87878787878787
CAN-RX can0 1C0C0200#1E
CAN-RX can0 02000000#0000
CAN-RX can0 08300103#0700
CAN-RX can0 02000000#0000
CAN-RX can0 00E#6E4621DF00000000
CAN-RX can0 02000000#0000
CAN-RX can0 1C2C0000#100017880A1A
CAN-RX can0 02000000#0000
CAN-RX can0 08300103#0B00
CAN-RX can0 02000000#0000
CAN-RX can0 02000000#0000
CAN-RX can0 08300103#F6FF
CAN-RX can0 02000000#0000
CAN-RX can0 00E#6E4621DF00000000
CAN-RX can0 02000000#0000
CAN-RX can0 02000000#0000
CAN-RX can0 08300103#1800
CAN-RX can0 02000000#0000
CAN-RX can0 03C30F0F#87878787878787
CAN-RX can0 140C0201#0000
CAN-RX can0 02000000#0000
CAN-RX can0 08300103#1300
CAN-RX can0 02000000#0000
CAN-RX can0 00E#6E4621DF00000000
CAN-RX can0 02000000#0000
CAN-RX can0 02000000#0000
CAN-RX can0 08300103#0F00
CAN-RX can0 02000000#0000
CAN-RX can0 02000000#0000
CAN-RX can0 08300103#0D00
CAN-RX can0 02000000#0000
CAN-RX can0 00E#6E4621DF00000000
CAN-RX can0 02000000#0000
CAN-RX can0 02000000#0000
CAN-RX can0 08300103#0D00
CAN-RX can0 02000000#0000
CAN-RX can0 03C30F0F#87878787878787
CAN-RX can0 02000000#0000
CAN-RX can0 14300200#0000
CAN-RX can0 08300103#0E00
CAN-RX can0 02000000#0000
CAN-RX can0 00E#6E4621DF00000000
CAN-RX can0 02000000#0000
CAN-RX can0 02000000#0000
CAN-RX can0 08300103#0700
CAN-RX can0 02000000#0000
CAN-RX can0 02000000#0000
CAN-RX can0 08300103#0800
CAN-RX can0 02000000#0000
CAN-RX can0 00E#6E4621DF00000000
CAN-RX can0 02000000#0000
CAN-RX can0 02000000#0000
CAN-RX can0 08300103#0800
CAN-RX can0 02000000#0000
CAN-RX can0 03C30F0F#87878787878787
CAN-RX can0 02000000#0000
CAN-RX can0 08300103#0400
CAN-RX can0 02000000#0000
CAN-RX can0 00E#6E4621DF00000000
CAN-RX can0 02000000#0000
CAN-RX can0 02000000#0000
CAN-RX can0 08300103#1800
CAN-RX can0 02000000#0000
CAN-RX can0 140C0201#0000
CAN-RX can0 02000000#0000
CAN-RX can0 08300103#1300
CAN-RX can0 02000000#0000
CAN-RX can0 00E#6E4621DF00000000
CAN-RX can0 02000000#0000
CAN-RX can0 02000000#0000
CAN-RX can0 08300103#0000
CAN-RX can0 02000000#0000
CAN-RX can0 03C30F0F#87878787878787
CAN-RX can0 02000000#0000
CAN-RX can0 08300103#0800
CAN-RX can0 02000000#0000
CAN-RX can0 00E#6E4621DF00000000
CAN-RX can0 02000000#0000
CAN-RX can0 02000000#0000
CAN-RX can0 08300103#0700
CAN-RX can0 02000000#0000
CAN-RX can0 02000000#0000
CAN-RX can0 14300200#0000
CAN-RX can0 08300103#0E00
CAN-RX can0 02000000#0000
CAN-RX can0 00E#6E4621DF00000000
CAN-RX can0 02000000#0000
CAN-RX can0 02000000#0000
CAN-RX can0 08300103#0800
CAN-RX can0 02000000#0000
CAN-RX can0 03C30F0F#87878787878787
CAN-RX can0 02000000#0000
CAN-RX can0 08300103#0600
CAN-RX can0 02000000#0000
CAN-RX can0 00E#6E4621DF00000000
CAN-RX can0 02000000#0000
CAN-RX can0 02000000#0000
CAN-RX can0 08300103#0600
CAN-RX can0 0C140300#C2
CAN-RX can0 02000000#0000
CAN-RX can0 02000000#0000
CAN-RX can0 08300103#1800
CAN-RX can0 02000000#0000
CAN-RX can0 00E#6E4621DF00000000
CAN-RX can0 02000000#0000
CAN-RX can0 02000000#0000
CAN-RX can0 08300103#1000
CAN-RX can0 02000000#0000
CAN-RX can0 03C30F0F#87878787878787
CAN-RX can0 140C0201#0000
CAN-RX can0 02000000#0000
CAN-RX can0 08300103#0E00
CAN-RX can0 02000000#0000
CAN-RX can0 00E#6E4621DF00000000
CAN-RX can0 02000000#0000
CAN-RX can0 02000000#0000
CAN-RX can0 08300103#0500
CAN-RX can0 02000000#0000
CAN-RX can0 02000000#0000
CAN-RX can0 08300103#0800
CAN-RX can0 02000000#0000
CAN-RX can0 0C140200#C0
CAN-RX can0 00E#6E4621DF00000000
CAN-RX can0 02000000#0000
CAN-RX can0 02000000#0000
CAN-RX can0 08300103#1100
CAN-RX can0 02000000#0000
CAN-RX can0 03C30F0F#87878787878787
CAN-RX can0 02000000#0000
CAN-RX can0 14300200#0000
CAN-RX can0 02000000#0000
CAN-RX can0 00E#6E4621DF00000000
CAN-RX can0 02000000#0000
CAN-RX can0 02000000#0000
CAN-RX can0 02000000#0000
CAN-RX can0 02000000#0000
CAN-RX can0 02000000#0000
CAN-RX can0 0C140200#C1
CAN-RX can0 00E#6E4621DF00000000
CAN-RX can0 02000000#0000
CAN-RX can0 02000000#0000
CAN-RX can0 08300103#0700
CAN-RX can0 1C300204#9AE505009AE50500
CAN-RX can0 02000000#0000
CAN-RX can0 03C30F0F#87878787878787
CAN-RX can0 02000000#0000
CAN-RX can0 08300103#0100
CAN-RX can0 02000000#0000
CAN-RX can0 00E#6E4621DF00000000
CAN-RX can0 02000000#0000
CAN-RX can0 02000000#0000
CAN-RX can0 08300103#0300
CAN-RX can0 02000000#0000
CAN-RX can0 140C0201#0000
CAN-RX can0 02000000#0000
CAN-RX can0 08300103#0B00
CAN-RX can0 02000000#0000
CAN-RX can0 00E#6E4621DF00000000
CAN-RX can0 02000000#0000
CAN-RX can0 02000000#0000
CAN-RX can0 08300103#FAFF
CAN-RX can0 02000000#0000
CAN-RX can0 03C30F0F#87878787878787
CAN-RX can0 02000000#0000
CAN-RX can0 08300103#0C00
CAN-RX can0 02000000#0000
CAN-RX can0 00E#6E4621DF00000000
CAN-RX can0 02000000#0000
CAN-RX can0 02000000#0000
CAN-RX can0 08300103#0F00
CAN-RX can0 02000000#0000
CAN-RX can0 02000000#0000
CAN-RX can0 14300200#0000
CAN-RX can0 08300103#0500
CAN-RX can0 02000000#0000
CAN-RX can0 00E#6E4621DF00000000
CAN-RX can0 02000000#0000
CAN-RX can0 02000000#0000
CAN-RX can0 08300103#0400
CAN-RX can0 02000000#0000
CAN-RX can0 03C30F0F#87878787878787
CAN-RX can0 1C0C0200#1E
CAN-RX can0 02000000#0000
CAN-RX can0 08300103#FFFF
CAN-RX can0 02000000#0000
CAN-RX can0 00E#6E4621DF00000000
CAN-RX can0 02000000#0000
CAN-RX can0 1C2C0000#110017880A1A
CAN-RX can0 02000000#0000
CAN-RX can0 08300103#0900
CAN-RX can0 02000000#0000
CAN-RX can0 02000000#0000
CAN-RX can0 08300103#0E00
CAN-RX can0 02000000#0000
CAN-RX can0 00E#6E4621DF00000000
CAN-RX can0 02000000#0000
CAN-RX can0 02000000#0000
CAN-RX can0 08300103#1900
CAN-RX can0 02000000#0000
CAN-RX can0 03C30F0F#87878787878787
CAN-RX can0 140C0201#0000
CAN-RX can0 02000000#0000
CAN-RX can0 08300103#0800
CAN-RX can0 02000000#0000
CAN-RX can0 00E#6E4621DF00000000
CAN-RX can0 02000000#0000
CAN-RX can0 02000000#0000
CAN-RX can0 08300103#1A00
CAN-RX can0 02000000#0000
CAN-RX can0 02000000#0000
CAN-RX can0 08300103#1600
CAN-RX can0 02000000#0000
CAN-RX can0 00E#6E4621DF00000000
CAN-RX can0 02000000#0000
CAN-RX can0 02000000#0000
CAN-RX can0 08300103#0400
CAN-RX can0 02000000#0000
CAN-RX can0 03C30F0F#87878787878787
CAN-RX can0 02000000#0000
CAN-RX can0 14300200#0000
CAN-RX can0 08300103#F8FF
CAN-RX can0 02000000#0000
CAN-RX can0 00E#6E4621DF00000000
CAN-RX can0 02000000#0000
CAN-RX can0 02000000#0000
CAN-RX can0 08300103#0900
CAN-RX can0 02000000#0000
CAN-RX can0 02000000#0000
CAN-RX can0 08300103#0E00
CAN-RX can0 02000000#0000
CAN-RX can0 00E#6E4621DF00000000
CAN-RX can0 02000000#0000
CAN-RX can0 02000000#0000
CAN-RX can0 08300103#0900
CAN-RX can0 02000000#0000
CAN-RX can0 03C30F0F#87878787878787
CAN-RX can0 02000000#0000
CAN-RX can0 08300103#0500
CAN-RX can0 02000000#0000
CAN-RX can0 00E#6E4621DF00000000
CAN-RX can0 02000000#0000
CAN-RX can0 02000000#0000
CAN-RX can0 08300103#FDFF
CAN-RX can0 02000000#0000
CAN-RX can0 140C0201#0000
CAN-RX can0 02000000#0000
CAN-RX can0 08300103#0300
CAN-RX can0 02000000#0000
CAN-RX can0 00E#6E4621DF00000000
CAN-RX can0 02000000#0000
CAN-RX can0 02000000#0000
CAN-RX can0 08300103#0800
CAN-RX can0 02000000#0000
CAN-RX can0 03C30F0F#87878787878787
CAN-RX can0 02000000#0000
CAN-RX can0 08300103#0000
CAN-RX can0 02000000#0000
CAN-RX can0 00E#6E4621DF00000000
CAN-RX can0 02000000#0000
CAN-RX can0 02000000#0000
CAN-RX can0 08300103#0000
CAN-RX can0 02000000#0000
CAN-RX can0 02000000#0000
CAN-RX can0 14300200#0000
CAN-RX can0 08300103#0E00
CAN-RX can0 02000000#0000
CAN-RX can0 00E#6E4621DF00000000
CAN-RX can0 02000000#0000
CAN-RX can0 02000000#0000
CAN-RX can0 08300103#FDFF
CAN-RX can0 02000000#0000
CAN-RX can0 03C30F0F#87878787878787
CAN-RX can0 02000000#0000
CAN-RX can0 08300103#0600
CAN-RX can0 02000000#0000
CAN-RX can0 00E#6E4621DF00000000
CAN-RX can0 02000000#0000
CAN-RX can0 02000000#0000
CAN-RX can0 08300103#FEFF
CAN-RX can0 0C140300#C2
CAN-RX can0 02000000#0000
CAN-RX can0 02000000#0000
CAN-RX can0 08300103#0100
CAN-RX can0 02000000#0000
CAN-RX can0 00E#6E4621DF00000000
CAN-RX can0 02000000#0000
CAN-RX can0 02000000#0000
CAN-RX can0 08300103#0400
CAN-RX can0 02000000#0000
CAN-RX can0 03C30F0F#87878787878787
CAN-RX can0 140C0201#0000
CAN-RX can0 02000000#0000
CAN-RX can0 002#
CAN-RX can0 08300103#0600
CAN-RX can0 004#
CAN-RX can0 08300103#0700
CAN-RX can0 08300103#0F00
CAN-RX can0 004#
CAN-RX can0 08300103#0000
CAN-RX can0 14300200#0000
CAN-RX can0 002#
CAN-RX can0 060#40000000
CAN-RX can0 062#50000002
CAN-RX can0 062#60000000
CAN-RX can0 062#70000009
CAN-RX can0 062#80000010
CAN-RX can0 004#
CAN-RX can0 004#
CAN-RX can0 002#
CAN-RX can0 004#
CAN-RX can0 004#
CAN-RX can0 004#
CAN-RX can0 1C0C0200#1E
CAN-RX can0 004#
CAN-RX can0 004#
CAN-RX can0 1C2C0000#120017880A1A
CAN-RX can0 004#
CAN-RX can0 004#
CAN-RX can0 004#
CAN-RX can0 004#
CAN-RX can0 002#
CAN-RX can0 004#
CAN-RX can0 002#
CAN-RX can0 004#
CAN-RX can0 002#
CAN-RX can0 004#
CAN-RX can0 0C140300#C2
CAN-RX can0 002#
CAN-RX can0 004#
CAN-RX can0 181C0000#0170800000000000
CAN-RX can0 002#
CAN-RX can0 004#
CAN-RX can0 002#
CAN-RX can0 004#
CAN-RX can0 002#
CAN-RX can0 004#
CAN-RX can0 002#
CAN-RX can0 004#
CAN-RX can0 002#
CAN-RX can0 004#
CAN-RX can0 002#
CAN-RX can0 004#
CAN-RX can0 002#
CAN-RX can0 004#
CAN-RX can0 002#
CAN-RX can0 004#
CAN-RX can0 002#
CAN-RX can0 1C2C0000#130017880A1A
CAN-RX can0 004#
CAN-RX can0 002#
CAN-RX can0 004#
CAN-RX can0 002#
CAN-RX can0 004#
CAN-RX can0 002#
CAN-RX can0 004#
CAN-RX can0 002#
CAN-RX can0 004#
CAN-RX can0 002#
CAN-RX can0 004#
CAN-RX can0 002#
CAN-RX can0 004#
CAN-RX can0 002#
CAN-RX can0 004#
CAN-RX can0 0C140300#C2
CAN-RX can0 002#
CAN-RX can0 004#
CAN-RX can0 002#
CAN-RX can0 004#
CAN-RX can0 002#
CAN-RX can0 004#
CAN-RX can0 002#
CAN-RX can0 004#
CAN-RX can0 002#
CAN-RX can0 004#
CAN-RX can0 002#
CAN-RX can0 004#
CAN-RX can0 002#
CAN-RX can0 004#
CAN-RX can0 002#
CAN-RX can0 004#
CAN-RX can0 002#
CAN-RX can0 004#
CAN-RX can0 1C2C0000#140017880A1A
CAN-RX can0 002#
CAN-RX can0 004#
CAN-RX can0 002#
CAN-RX can0 004#
CAN-RX can0 002#
CAN-RX can0 004#
CAN-RX can0 002#
CAN-RX can0 004#
CAN-RX can0 002#
CAN-RX can0 004#
CAN-RX can0 002#
CAN-RX can0 004#
CAN-RX can0 002#
CAN-RX can0 004#
CAN-RX can0 002#
CAN-RX can0 004#
CAN-RX can0 0C140300#C2
CAN-RX can0 002#
CAN-RX can0 004#
CAN-RX can0 002#
CAN-RX can0 004#
CAN-RX can0 002#
CAN-RX can0 004#
CAN-RX can0 002#
CAN-RX can0 004#
CAN-RX can0 002#
CAN-RX can0 004#
CAN-RX can0 002#
CAN-RX can0 004#
CAN-RX can0 002#
CAN-RX can0 004#
CAN-RX can0 002#
CAN-RX can0 004#
CAN-RX can0 002#
CAN-RX can0 004#
CAN-RX can0 1C2C0000#150017880A1A
CAN-RX can0 002#
CAN-RX can0 004#
CAN-RX can0 002#
CAN-RX can0 004#
CAN-RX can0 002#
CAN-RX can0 004#
CAN-RX can0 002#
CAN-RX can0 004#
CAN-RX can0 002#
CAN-RX can0 004#
CAN-RX can0 002#
CAN-RX can0 004#
CAN-RX can0 002#
CAN-RX can0 004#
CAN-RX can0 002#
CAN-RX can0 0C140300#C2
CAN-RX can0 004#
CAN-RX can0 002#
CAN-RX can0 004#
CAN-RX can0 002#
CAN-RX can0 004#
CAN-RX can0 002#
CAN-RX can0 004#
CAN-RX can0 002#
CAN-RX can0 004#
CAN-RX can0 002#
CAN-RX can0 004#
CAN-RX can0 004#
CAN-RX can0 004#
CAN-RX can0 004#
CAN-RX can0 1C2C0000#160017880A1A
CAN-RX can0 004#
CAN-RX can0 004#
CAN-RX can0 004#
CAN-RX can0 004#
CAN-RX can0 004#
CAN-RX can0 004#
CAN-RX can0 004#
CAN-RX can0 002#
CAN-RX can0 004#
CAN-RX can0 0C140300#C2
CAN-RX can0 002#
CAN-RX can0 004#
CAN-RX can0 002#
CAN-RX can0 004#
CAN-RX can0 002#
CAN-RX can0 004#
CAN-RX can0 002#
CAN-RX can0 004#
CAN-RX can0 002#
CAN-RX can0 004#
CAN-RX can0 002#
CAN-RX can0 004#
CAN-RX can0 002#
CAN-RX can0 004#
CAN-RX can0 002#
CAN-RX can0 004#
CAN-RX can0 002#
CAN-RX can0 004#
CAN-RX can0 1C2C0000#170017880A1A
CAN-RX can0 002#
CAN-RX can0 004#
CAN-RX can0 002#
CAN-RX can0 004#
CAN-RX can0 002#
CAN-RX can0 004#
CAN-RX can0 002#
CAN-RX can0 004#
CAN-RX can0 002#
CAN-RX can0 004#
CAN-RX can0 002#
CAN-RX can0 004#
CAN-RX can0 002#
CAN-RX can0 004#
CAN-RX can0 002#
CAN-RX can0 004#
CAN-RX can0 0C140300#C2
CAN-RX can0 002#
CAN-RX can0 004#
CAN-RX can0 002#
CAN-RX can0 004#
CAN-RX can0 002#
CAN-RX can0 004#
CAN-RX can0 002#
CAN-RX can0 004#
CAN-RX can0 002#
CAN-RX can0 004#
CAN-RX can0 002#
CAN-RX can0 004#
CAN-RX can0 002#
CAN-RX can0 002#
CAN-RX can0 004#
CAN-RX can0 002#
CAN-RX can0 002#
CAN-RX can0 004#
CAN-RX can0 002#
CAN-RX can0 004#
CAN-RX can0 1C2C0000#180017880A1A
CAN-RX can0 002#
CAN-RX can0 004#
CAN-RX can0 002#
CAN-RX can0 004#
CAN-RX can0 002#
CAN-RX can0 004#
CAN-RX can0 002#
CAN-RX can0 004#
CAN-RX can0 002#
CAN-RX can0 004#
CAN-RX can0 002#
CAN-RX can0 004#
CAN-RX can0 002#
CAN-RX can0 004#
CAN-RX can0 0C140300#C2
CAN-RX can0 002#
CAN-RX can0 004#
CAN-RX can0 002#
CAN-RX can0 004#
CAN-RX can0 002#
CAN-RX can0 004#
CAN-RX can0 002#
CAN-RX can0 004#
CAN-RX can0 002#
CAN-RX can0 004#
CAN-RX can0 002#
CAN-RX can0 004#
CAN-RX can0 002#
CAN-RX can0 004#
CAN-RX can0 002#
CAN-RX can0 004#
CAN-RX can0 002#
CAN-RX can0 004#
CAN-RX can0 002#
CAN-RX can0 1C2C0000#190017880A1A
CAN-RX can0 004#
CAN-RX can0 002#
CAN-RX can0 004#
CAN-RX can0 002#
CAN-RX can0 004#
CAN-RX can0 002#
CAN-RX can0 004#
CAN-RX can0 002#
CAN-RX can0 004#
CAN-RX can0 002#
CAN-RX can0 004#
CAN-RX can0 002#
CAN-RX can0 004#
CAN-RX can0 002#
CAN-RX can0 004#
CAN-RX can0 0C140300#C2
CAN-RX can0 002#
CAN-RX can0 004#
CAN-RX can0 002#
CAN-RX can0 004#
CAN-RX can0 002#
CAN-RX can0 004#
CAN-RX can0 002#
CAN-RX can0 004#
CAN-RX can0 002#
CAN-RX can0 004#
CAN-RX can0 002#
CAN-RX can0 004#
CAN-RX can0 004#
CAN-RX can0 004#
CAN-RX can0 004#
CAN-RX can0 1C2C0000#1A0017880A1A
CAN-RX can0 004#
CAN-RX can0 004#
CAN-RX can0 004#
CAN-RX can0 004#
CAN-RX can0 004#
CAN-RX can0 004#
CAN-RX can0 004#
CAN-RX can0 0C140300#C2
CAN-RX can0 004#
CAN-RX can0 002#
CAN-RX can0 004#
CAN-RX can0 002#
CAN-RX can0 004#
CAN-RX can0 002#
CAN-RX can0 004#
CAN-RX can0 002#
CAN-RX can0 004#
CAN-RX can0 002#
CAN-RX can0 004#
CAN-RX can0 002#
CAN-RX can0 004#
CAN-RX can0 002#
CAN-RX can0 004#
CAN-RX can0 002#
CAN-RX can0 004#
CAN-RX can0 002#
CAN-RX can0 004#
CAN-RX can0 1C2C0000#1B0017880A1A
CAN-RX can0 002#
CAN-RX can0 004#
CAN-RX can0 002#
CAN-RX can0 004#
CAN-RX can0 002#
CAN-RX can0 004#
CAN-RX can0 002#
CAN-RX can0 004#
CAN-RX can0 002#
CAN-RX can0 004#
CAN-RX can0 002#
CAN-RX can0 004#
CAN-RX can0 002#
CAN-RX can0 004#
CAN-RX can0 0C140300#C2
CAN-RX can0 002#
CAN-RX can0 004#
CAN-RX can0 002#
CAN-RX can0 004#
CAN-RX can0 002#
CAN-RX can0 004#
CAN-RX can0 002#
CAN-RX can0 004#
CAN-RX can0 002#
CAN-RX can0 004#
CAN-RX can0 002#
CAN-RX can0 004#
CAN-RX can0 002#
CAN-RX can0 004#
CAN-RX can0 002#
CAN-RX can0 004#
CAN-RX can0 002#
CAN-RX can0 004#
CAN-RX can0 002#
CAN-RX can0 1C2C0000#1C0017880A1A
CAN-RX can0 004#
CAN-RX can0 002#
CAN-RX can0 004#
CAN-RX can0 002#
CAN-RX can0 004#
CAN-RX can0 002#
CAN-RX can0 004#
CAN-RX can0 002#
CAN-RX can0 004#
CAN-RX can0 002#
CAN-RX can0 004#
CAN-RX can0 002#
CAN-RX can0 004#
CAN-RX can0 002#
CAN-RX can0 004#
CAN-RX can0 0C140300#C2
CAN-RX can0 002#
CAN-RX can0 004#
CAN-RX can0 002#
CAN-RX can0 000#
CAN-RX can0 000#
CAN-RX can0 000#
CAN-RX can0 00C#
CAN-RX can0 00E#6E4621DF00000000
CAN-RX can0 7B3#
CAN-RX can0 1F00616E#
CAN-RX can0 1F100D46#
CAN-RX can0 1F200E21#
CAN-RX can0 1F3021DF#
CAN-RX can0 1F405000#
CAN-RX can0 1F50E200#
CAN-RX can0 1F603E00#
CAN-RX can0 1F70D300#
CAN-RX can0 00E#6E4621DF00000000
CAN-RX can0 7B3#
CAN-RX can0 7B3#
CAN-RX can0 1F00616E#
CAN-RX can0 1F100D46#
CAN-RX can0 1F200E21#
CAN-RX can0 1F3021DF#
CAN-RX can0 1F405000#
CAN-RX can0 1F50E200#
CAN-RX can0 1F603E00#
CAN-RX can0 1F70D300#
CAN-RX can0 1F016103#
CAN-RX can0 1F110D00#
CAN-RX can0 1F210E0E#
CAN-RX can0 1F3121E4#
CAN-RX can0 1F415000#
CAN-RX can0 1F51E200#
CAN-RX can0 1F613E00#
CAN-RX can0 1F71D300#
CAN-RX can0 00E#6E4621DF00000000
CAN-RX can0 1F00616E#
CAN-RX can0 1F100D46#
CAN-RX can0 1F200E21#
CAN-RX can0 1F3021DF#
CAN-RX can0 1F405000#
CAN-RX can0 1F50E200#
CAN-RX can0 1F603E00#
CAN-RX can0 1F70D300#
CAN-RX can0 1F016103#
CAN-RX can0 1F110D00#
CAN-RX can0 1F210E0E#
CAN-RX can0 1F3121E4#
CAN-RX can0 1F415000#
CAN-RX can0 1F51E200#
CAN-RX can0 1F613E00#
CAN-RX can0 1F71D300#
CAN-RX can0 1F03614A#
CAN-RX can0 1F130D68#
CAN-RX can0 1F230E01#
CAN-RX can0 1F332100#
CAN-RX can0 1F435003#
CAN-RX can0 1F53E250#
CAN-RX can0 1F633E02#
CAN-RX can0 1F73D301#
CAN-RX can0 00E#6E4621DF00000000
CAN-RX can0 00E#6E4621DF00000000
CAN-RX can0 00E#6E4621DF00000000
CAN-RX can0 00E#6E4621DF00000000
CAN-RX can0 7B1#
CAN-RX can0 00E#6E4621DF00000000
CAN-RX can0 7B0#
CAN-RX can0 1C0C0200#1E
CAN-RX can0 780#2280000010000000
CAN-RX can0 792#4080000000000000
CAN-RX can0 780#4280000000000000
CAN-RX can0 792#2080000010000000
CAN-RX can0 780#2281000006000100
CAN-RX can0 00E#6E4621DF00000000
CAN-RX can0 1C2C0000#212700A90A1A
CAN-RX can0 792#4081000000000000
CAN-RX can0 780#428F000000000000
CAN-RX can0 792#208F00000FC60000
CAN-RX can0 780#2281000002000000
CAN-RX can0 792#4081000000000000
CAN-RX can0 780#428F000000000000
CAN-RX can0 792#208F0000D82D0000
CAN-RX can0 780#2281000008000100
CAN-RX can0 792#4081000000000000
CAN-RX can0 780#428F000000000000
CAN-RX can0 792#208F000011DA0000
CAN-RX can0 780#228100000A000100
CAN-RX can0 00E#6E4621DF00000000
CAN-RX can0 03C30F0F#87878787878787
CAN-RX can0 00E#6E4621DF00000000
CAN-RX can0 792#4081000000000000
CAN-RX can0 780#428F000000000000
CAN-RX can0 792#208F0000F53B0000
CAN-RX can0 780#2281000003000000
CAN-RX can0 792#4081000000000000
CAN-RX can0 780#428C000004000000
CAN-RX can0 792#208C0000F6FF0100
CAN-RX can0 780#2285000008000000
CAN-RX can0 792#4085000000000000
CAN-RX can0 780#428C000004000000
CAN-RX can0 792#208C000009088140
CAN-RX can0 780#428C000001000000
CAN-RX can0 792#208C000003000000
CAN-RX can0 780#228100000A000100
CAN-RX can0 792#4081000000000000
CAN-RX can0 780#428A000000000000
CAN-RX can0 792#208A000030000000
CAN-RX can0 780#228100000B000100
CAN-RX can0 00E#6E4621DF00000000
CAN-RX can0 03C30F0F#87878787878787
CAN-RX can0 00E#6E4621DF00000000
CAN-RX can0 140C0201#0000
CAN-RX can0 792#4081000000000000
CAN-RX can0 780#428F000000000000
CAN-RX can0 792#208F000009670000
CAN-RX can0 780#428A000000000000
CAN-RX can0 792#208A000030000000
CAN-RX can0 780#2281000019000100
CAN-RX can0 00E#6E4621DF00000000
CAN-RX can0 03C30F0F#87878787878787
CAN-RX can0 00E#6E4621DF00000000
CAN-RX can0 792#4081000000000000
CAN-RX can0 780#428F000000000000
CAN-RX can0 792#208F00008C0E0000
CAN-RX can0 780#228100000C000100
CAN-RX can0 00E#6E4621DF00000000
CAN-RX can0 03C30F0F#87878787878787
CAN-RX can0 792#4081000000000000
CAN-RX can0 780#428F000000000000
CAN-RX can0 792#208F0000D8C90000
CAN-RX can0 780#428A000000000000
CAN-RX can0 792#208A000030000000
CAN-RX can0 780#228100000D000100
CAN-RX can0 00E#6E4621DF00000000
CAN-RX can0 792#4081000000000000
CAN-RX can0 780#428F000000000000
CAN-RX can0 792#208F00009C080000
CAN-RX can0 780#2281000013000100
CAN-RX can0 00E#6E4621DF00000000
CAN-RX can0 792#4081000000000000
CAN-RX can0 780#428F000000000000
CAN-RX can0 792#208F00001A070000
CAN-RX can0 780#228100000E000100
CAN-RX can0 792#4081000000000000
CAN-RX can0 780#428F000000000000
CAN-RX can0 792#208F00003B6E0000
CAN-RX can0 780#2281000014000100
CAN-RX can0 03C30F0F#87878787878787
CAN-RX can0 792#4081000000000000
CAN-RX can0 780#428F000000000000
CAN-RX can0 792#208F00000BA30000
CAN-RX can0 780#2281000011000100
CAN-RX can0 00E#6E4621DF00000000
CAN-RX can0 792#4081000000000000
CAN-RX can0 780#428F000000000000
CAN-RX can0 792#208F000081E90000
CAN-RX can0 780#2280000000000000
CAN-RX can0 792#4080000000000000
CAN-RX can0 780#4240000000000000
CAN-RX can0 792#204000000000037F
CAN-RX can0 780#4250000000000000
CAN-RX can0 792#2050000003000000
CAN-RX can0 040#00000000
CAN-RX can0 781#2280000011000000
CAN-RX can0 792#4180000000000000
CAN-RX can0 781#4280000000000000
CAN-RX can0 792#2180000011000000
CAN-RX can0 781#2281000012000100
CAN-RX can0 792#4181000000000000
CAN-RX can0 00E#6E4621DF00000000
CAN-RX can0 781#428F000000000000
CAN-RX can0 792#218F00002EF40000
CAN-RX can0 781#2280000000000000
CAN-RX can0 792#4180000000000000
CAN-RX can0 041#00000000
CAN-RX can0 052#C000FF00
CAN-RX can0 052#D200FF02
CAN-RX can0 052#F000FF01
CAN-RX can0 0C280200#00
CAN-RX can0 0C140200#C0
CAN-RX can0 0C140200#C1
CAN-RX can0 03C30F0F#87878787878787
CAN-RX can0 042#00000000
CAN-RX can0 783#2280000013000000
CAN-RX can0 792#4380000000000000
CAN-RX can0 783#2281000008000100
CAN-RX can0 792#4381000000000000
CAN-RX can0 783#528B000002000001
CAN-RX can0 00E#6E4621DF00000000
CAN-RX can0 792#238B000011DA0000
CAN-RX can0 783#2280000000000000
CAN-RX can0 792#4380000000000000
CAN-RX can0 783#2280000013000000
CAN-RX can0 792#4380000000000000
CAN-RX can0 783#2281000003500201
CAN-RX can0 792#4381000000000000
CAN-RX can0 783#528B000002000001
CAN-RX can0 792#238B0000EF680000
CAN-RX can0 00E#6E4621DF00000000
CAN-RX can0 783#2280000000000000
CAN-RX can0 792#4380000000000000
CAN-RX can0 03C30F0F#87878787878787
CAN-RX can0 043#00000000
CAN-RX can0 041#80000000
CAN-RX can0 040#80000000
CAN-RX can0 042#80000000
CAN-RX can0 043#80000000
CAN-RX can0 052#00000000
CAN-RX can0 052#12000002
CAN-RX can0 052#90000000
CAN-RX can0 052#80000001
CAN-RX can0 060#00000000
CAN-RX can0 062#10000002
CAN-RX can0 062#20000000
CAN-RX can0 0C180002#0003
CAN-RX can0 062#30000001
CAN-RX can0 062#80000080
CAN-RX can0 0C140200#C0
CAN-RX can0 0A040000#00
CAN-RX can0 0C180200#0101
CAN-RX can0 14300200#0000
CAN-RX can0 1C300204#9AE505009AE50500
CAN-RX can0 00E#6E4621DF00000000
CAN-RX can0 08300103#0300
CAN-RX can0 08300103#FCFF
CAN-RX can0 00E#6E4621DF00000000
CAN-RX can0 08300103#1000
CAN-RX can0 03C30F0F#87878787878787
CAN-RX can0 08300103#0000
CAN-RX can0 0C140200#C1
CAN-RX can0 00E#6E4621DF00000000
CAN-RX can0 08300103#0800
CAN-RX can0 140C0201#0000
CAN-RX can0 08300103#0300
CAN-RX can0 00E#6E4621DF00000000
CAN-RX can0 08300103#0600
CAN-RX can0 03C30F0F#87878787878787
CAN-RX can0 08300103#0200
CAN-RX can0 00E#6E4621DF00000000
CAN-RX can0 08300103#0A00
CAN-RX can0 08300103#FCFF
CAN-RX can0 14300200#0000
CAN-RX can0 00E#6E4621DF00000000
CAN-RX can0 0C140300#02
CAN-RX can0 08300103#0500
CAN-RX can0 0C180201#200001
CAN-RX can0 14300201#00
CAN-RX can0 03C30F0F#87878787878787
CAN-RX can0 1C0C0200#1E
CAN-RX can0 0C180200#0101
CAN-RX can0 08300103#FCFF
CAN-RX can0 00E#6E4621DF00000000
CAN-RX can0 1C2C0000#222700A90A1A
CAN-RX can0 08300103#0100
CAN-RX can0 08300103#0800
CAN-RX can0 00E#6E4621DF00000000
CAN-RX can0 08300103#0D00
CAN-RX can0 03C30F0F#87878787878787
CAN-RX can0 140C0201#0000
CAN-RX can0 08300103#0F00
CAN-RX can0 00E#6E4621DF00000000
CAN-RX can0 08300103#0900
CAN-RX can0 08300103#0400
CAN-RX can0 00E#6E4621DF00000000
CAN-RX can0 08300103#FAFF
CAN-RX can0 03C30F0F#87878787878787
CAN-RX can0 08300103#F3FF
CAN-RX can0 14300200#0000
CAN-RX can0 00E#6E4621DF00000000
CAN-RX can0 08300103#0C00
CAN-RX can0 08300103#0800
CAN-RX can0 00E#6E4621DF00000000
CAN-RX can0 08300103#0C00
CAN-RX can0 03C30F0F#87878787878787
CAN-RX can0 08300103#0700
CAN-RX can0 00E#6E4621DF00000000
CAN-RX can0 08300103#1700
CAN-RX can0 140C0201#0000
CAN-RX can0 08300103#0C00
CAN-RX can0 00E#6E4621DF00000000
CAN-RX can0 08300103#0800
CAN-RX can0 03C30F0F#87878787878787
CAN-RX can0 08300103#0C00
CAN-RX can0 00E#6E4621DF00000000
CAN-RX can0 08300103#0300
CAN-RX can0 08300103#F9FF
CAN-RX can0 14300200#0000
CAN-RX can0 00E#6E4621DF00000000
CAN-RX can0 08300103#0700
CAN-RX can0 03C30F0F#87878787878787
CAN-RX can0 08300103#FEFF
CAN-RX can0 00E#6E4621DF00000000
CAN-RX can0 08300103#F3FF
CAN-RX can0 08300103#0C00
CAN-RX can0 00E#6E4621DF00000000
CAN-RX can0 08300103#F1FF
CAN-RX can0 03C30F0F#87878787878787
CAN-RX can0 140C0201#0000
CAN-RX can0 08300103#0400
CAN-RX can0 00E#6E4621DF00000000
CAN-RX can0 08300103#F9FF
CAN-RX can0 08300103#0E00
CAN-RX can0 0C140200#C0
CAN-RX can0 00E#6E4621DF00000000
CAN-RX can0 08300103#FDFF
CAN-RX can0 03C30F0F#87878787878787
CAN-RX can0 08300103#F9FF
CAN-RX can0 14300200#0000
CAN-RX can0 1C300204#9AE505009AE50500
CAN-RX can0 00E#6E4621DF00000000
CAN-RX can0 0C180001#060201
CAN-RX can0 0C140200#C1
CAN-RX can0 00E#6E4621DF00000000
CAN-RX can0 03C30F0F#87878787878787
CAN-RX can0 08300103#0000
CAN-RX can0 00E#6E4621DF00000000
CAN-RX can0 08300103#F9FF
CAN-RX can0 140C0201#0000
CAN-RX can0 08300103#0400
CAN-RX can0 00E#6E4621DF00000000
CAN-RX can0 08300103#0100
CAN-RX can0 03C30F0F#87878787878787
CAN-RX can0 08300103#FCFF
CAN-RX can0 00E#6E4621DF00000000
CAN-RX can0 08300103#F9FF
CAN-RX can0 0C140300#42
CAN-RX can0 0C180201#210001
CAN-RX can0 14300201#14
CAN-RX can0 08300103#0000
CAN-RX can0 0C180200#0101
CAN-RX can0 14300200#0000
CAN-RX can0 00E#6E4621DF00000000
CAN-RX can0 08300103#FCFF
CAN-RX can0 03C30F0F#87878787878787
CAN-RX can0 1C0C0200#1E
CAN-RX can0 08300103#0C00
CAN-RX can0 00E#6E4621DF00000000
CAN-RX can0 08300103#FDFF
CAN-RX can0 1C2C0000#232700A90A1A
CAN-RX can0 08300103#0400
CAN-RX can0 00E#6E4621DF00000000
CAN-RX can0 08300103#0000
CAN-RX can0 03C30F0F#87878787878787
CAN-RX can0 140C0201#0000
CAN-RX can0 08300103#0D00
CAN-RX can0 00E#6E4621DF00000000
CAN-RX can0 08300103#FBFF
CAN-RX can0 08300103#0800
CAN-RX can0 00E#6E4621DF00000000
CAN-RX can0 08300103#FEFF
CAN-RX can0 03C30F0F#87878787878787
CAN-RX can0 08300103#1600
CAN-RX can0 14300200#0000
CAN-RX can0 00E#6E4621DF00000000
CAN-RX can0 08300103#FFFF
CAN-RX can0 08300103#1100
CAN-RX can0 00E#6E4621DF00000000
CAN-RX can0 08300103#0800
CAN-RX can0 03C30F0F#87878787878787
CAN-RX can0 08300103#FDFF
CAN-RX can0 00E#6E4621DF00000000
CAN-RX can0 08300103#0800
CAN-RX can0 140C0201#0000
CAN-RX can0 08300103#0000
CAN-RX can0 00E#6E4621DF00000000
CAN-RX can0 08300103#0000
CAN-RX can0 03C30F0F#87878787878787
CAN-RX can0 08300103#0000
CAN-RX can0 00E#6E4621DF00000000
CAN-RX can0 08300103#0000
CAN-RX can0 08300103#0C00
CAN-RX can0 14300200#0000
CAN-RX can0 00E#6E4621DF00000000
CAN-RX can0 08300103#1200
CAN-RX can0 03C30F0F#87878787878787
CAN-RX can0 08300103#0200
CAN-RX can0 00E#6E4621DF00000000
CAN-RX can0 08300103#0200
CAN-RX can0 0C140300#C2
CAN-RX can0 0C180201#210000
CAN-RX can0 14300201#64
CAN-RX can0 08300103#0000
CAN-RX can0 0C180200#0101
CAN-RX can0 00E#6E4621DF00000000
CAN-RX can0 08300103#0400
CAN-RX can0 03C30F0F#87878787878787
CAN-RX can0 140C0201#0000
CAN-RX can0 08300103#0300
CAN-RX can0 00E#6E4621DF00000000
CAN-RX can0 08300103#0000
CAN-RX can0 08300103#0600
CAN-RX can0 0C140200#C0
CAN-RX can0 00E#6E4621DF00000000
CAN-RX can0 08300103#0000
CAN-RX can0 03C30F0F#87878787878787
CAN-RX can0 08300103#F9FF
CAN-RX can0 14300200#0000
CAN-RX can0 00E#6E4621DF00000000
CAN-RX can0 1C300204#9AE505009AE50500
CAN-RX can0 0C140200#C1
CAN-RX can0 00E#6E4621DF00000000
CAN-RX can0 03C30F0F#87878787878787
CAN-RX can0 08300103#1400
CAN-RX can0 00E#6E4621DF00000000
CAN-RX can0 08300103#0D00
CAN-RX can0 140C0201#0000
CAN-RX can0 08300103#0900
CAN-RX can0 00E#6E4621DF00000000
CAN-RX can0 08300103#F3FF
CAN-RX can0 03C30F0F#87878787878787
CAN-RX can0 08300103#0B00
CAN-RX can0 00E#6E4621DF00000000
CAN-RX can0 08300103#FDFF
CAN-RX can0 08300103#0900
CAN-RX can0 14300200#0000
CAN-RX can0 00E#6E4621DF00000000
CAN-RX can0 08300103#FBFF
CAN-RX can0 03C30F0F#87878787878787
CAN-RX can0 1C0C0200#1E
CAN-RX can0 08300103#0700
CAN-RX can0 00E#6E4621DF00000000
CAN-RX can0 08300103#1200
CAN-RX can0 1C2C0000#242700A90A1A
CAN-RX can0 08300103#FFFF
CAN-RX can0 00E#6E4621DF00000000
CAN-RX can0 08300103#0C00
CAN-RX can0 03C30F0F#87878787878787
CAN-RX can0 140C0201#0000
CAN-RX can0 08300103#0100
CAN-RX can0 00E#6E4621DF00000000
CAN-RX can0 08300103#1300
CAN-RX can0 08300103#0600
CAN-RX can0 00E#6E4621DF00000000
CAN-RX can0 08300103#0600
CAN-RX can0 03C30F0F#87878787878787
CAN-RX can0 08300103#0700
CAN-RX can0 14300200#0000
CAN-RX can0 00E#6E4621DF00000000
CAN-RX can0 08300103#0100
CAN-RX can0 08300103#0600
CAN-RX can0 00E#6E4621DF00000000
CAN-RX can0 08300103#0A00
CAN-RX can0 03C30F0F#87878787878787
CAN-RX can0 08300103#0000
CAN-RX can0 00E#6E4621DF00000000
CAN-RX can0 08300103#0300
CAN-RX can0 140C0201#0000
CAN-RX can0 08300103#FFFF
CAN-RX can0 00E#6E4621DF00000000
CAN-RX can0 08300103#0600
CAN-RX can0 03C30F0F#87878787878787
CAN-RX can0 08300103#FEFF
CAN-RX can0 00E#6E4621DF00000000
CAN-RX can0 08300103#FEFF
CAN-RX can0 08300103#F9FF
CAN-RX can0 14300200#0000
CAN-RX can0 00E#6E4621DF00000000
CAN-RX can0 08300103#FFFF
CAN-RX can0 03C30F0F#87878787878787
CAN-RX can0 08300103#0000
CAN-RX can0 00E#6E4621DF00000000
CAN-RX can0 08300103#0900
CAN-RX can0 0C140300#C2
CAN-RX can0 08300103#0B00
CAN-RX can0 00E#6E4621DF00000000
CAN-RX can0 08300103#F5FF
CAN-RX can0 03C30F0F#87878787878787
CAN-RX can0 0C000300#D5D5
CAN-RX can0 140C0201#0000
CAN-RX can0 08300103#0000
CAN-RX can0 00E#6E4621DF00000000
CAN-RX can0 08300103#0A00
CAN-RX can0 08300103#0900
CAN-RX can0 0C140200#C0
CAN-RX can0 00E#6E4621DF00000000
CAN-RX can0 08300103#0200
CAN-RX can0 03C30F0F#87878787878787
CAN-RX can0 08300103#0700
CAN-RX can0 14300200#0000
CAN-RX can0 00E#6E4621DF00000000
CAN-RX can0 1C300204#9AE505009AE50500
CAN-RX can0 0C140200#C1
CAN-RX can0 00E#6E4621DF00000000
CAN-RX can0 03C30F0F#87878787878787
CAN-RX can0 08300103#FBFF
CAN-RX can0 00E#6E4621DF00000000
CAN-RX can0 08300103#FBFF
CAN-RX can0 140C0201#0000
CAN-RX can0 08300103#F5FF
CAN-RX can0 00E#6E4621DF00000000
CAN-RX can0 08300103#F5FF
CAN-RX can0 03C30F0F#87878787878787
CAN-RX can0 08300103#F8FF
CAN-RX can0 00E#6E4621DF00000000
CAN-RX can0 08300103#0700
CAN-RX can0 08300103#0400
CAN-RX can0 14300200#0000
CAN-RX can0 00E#6E4621DF00000000
CAN-RX can0 08300103#0A00
CAN-RX can0 03C30F0F#87878787878787
CAN-RX can0 1C0C0200#1E
CAN-RX can0 08300103#0600
CAN-RX can0 00E#6E4621DF00000000
CAN-RX can0 08300103#1200
CAN-RX can0 1C2C0000#252700A90A1A
CAN-RX can0 08300103#0100
CAN-RX can0 00E#6E4621DF00000000
CAN-RX can0 08300103#0300
CAN-RX can0 03C30F0F#87878787878787
CAN-RX can0 140C0201#0000
CAN-RX can0 08300103#0A00
CAN-RX can0 0C000300#0000
CAN-RX can0 00E#6E4621DF00000000
CAN-RX can0 08300103#0000
CAN-RX can0 08300103#F9FF
CAN-RX can0 00E#6E4621DF00000000
CAN-RX can0 08300103#FFFF
CAN-RX can0 03C30F0F#87878787878787
CAN-RX can0 08300103#0200
CAN-RX can0 14300200#0000
CAN-RX can0 00E#6E4621DF00000000
CAN-RX can0 08300103#0500
CAN-RX can0 08300103#0300
CAN-RX can0 00E#6E4621DF00000000
CAN-RX can0 08300103#0700
CAN-RX can0 03C30F0F#87878787878787
CAN-RX can0 08300103#1500
CAN-RX can0 00E#6E4621DF00000000
CAN-RX can0 08300103#0500
CAN-RX can0 08300103#0600
CAN-RX can0 140C0201#0000
CAN-RX can0 00E#6E4621DF00000000
CAN-RX can0 08300103#0200
CAN-RX can0 03C30F0F#87878787878787
CAN-RX can0 08300103#FDFF
CAN-RX can0 00E#6E4621DF00000000
CAN-RX can0 08300103#0000
CAN-RX can0 08300103#0000
CAN-RX can0 14300200#0000
CAN-RX can0 00E#6E4621DF00000000
CAN-RX can0 08300103#1000
CAN-RX can0 03C30F0F#87878787878787
CAN-RX can0 08300103#0700
CAN-RX can0 00E#6E4621DF00000000
CAN-RX can0 08300103#F8FF
CAN-RX can0 0C140300#C2
CAN-RX can0 08300103#FEFF
CAN-RX can0 00E#6E4621DF00000000
CAN-RX can0 08300103#F7FF
CAN-RX can0 03C30F0F#87878787878787
CAN-RX can0 08300103#FBFF
CAN-RX can0 140C0201#0000
CAN-RX can0 00E#6E4621DF00000000
CAN-RX can0 08300103#FAFF
CAN-RX can0 08300103#0000
CAN-RX can0 0C140200#C0
CAN-RX can0 00E#6E4621DF00000000
CAN-RX can0 08300103#0200
CAN-RX can0 03C30F0F#87878787878787
CAN-RX can0 08300103#0600
CAN-RX can0 14300200#0000
CAN-RX can0 00E#6E4621DF00000000
CAN-RX can0 1C300204#9AE505009AE50500
CAN-RX can0 0C140200#C1
CAN-RX can0 00E#6E4621DF00000000
CAN-RX can0 03C30F0F#87878787878787
CAN-RX can0 08300103#0900
CAN-RX can0 02000000#0000
CAN-RX can0 00E#6E4621DF00000000
CAN-RX can0 08300103#0E00
CAN-RX can0 02000000#0000
CAN-RX can0 02000000#0000
CAN-RX can0 02000000#0000
CAN-RX can0 08300103#F9FF
CAN-RX can0 140C0201#0000
CAN-RX can0 02000000#0000
CAN-RX can0 02000000#0000
CAN-RX can0 00E#6E4621DF00000000
CAN-RX can0 08300103#0B00
CAN-RX can0 02000000#0000
CAN-RX can0 02000000#0000
CAN-RX can0 02000000#0000
CAN-RX can0 03C30F0F#87878787878787
CAN-RX can0 08300103#0300
CAN-RX can0 02000000#0000
CAN-RX can0 02000000#0000
CAN-RX can0 00E#6E4621DF00000000
CAN-RX can0 08300103#0200
CAN-RX can0 02000000#0000
CAN-RX can0 02000000#0000
CAN-RX can0 02000000#0000
CAN-RX can0 08300103#0C00
CAN-RX can0 02000000#0000
CAN-RX can0 14300200#0000
CAN-RX can0 02000000#0000
CAN-RX can0 00E#6E4621DF00000000
CAN-RX can0 08300103#0100
CAN-RX can0 02000000#0000
CAN-RX can0 02000000#0000
CAN-RX can0 02000000#0000
CAN-RX can0 03C30F0F#87878787878787
CAN-RX can0 08300103#1200
CAN-RX can0 1C0C0200#1E
CAN-RX can0 02000000#0000
CAN-RX can0 02000000#0000
CAN-RX can0 00E#6E4621DF00000000
CAN-RX can0 08300103#FBFF
CAN-RX can0 02000000#0000
CAN-RX can0 1C2C0000#262700A90A1A
CAN-RX can0 02000000#0000
CAN-RX can0 02000000#0000
CAN-RX can0 08300103#0800
CAN-RX can0 02000000#0000
CAN-RX can0 02000000#0000
CAN-RX can0 00E#6E4621DF00000000
CAN-RX can0 08300103#0D00
CAN-RX can0 02000000#0000
CAN-RX can0 02000000#0000
CAN-RX can0 02000000#0000
CAN-RX can0 03C30F0F#87878787878787
CAN-RX can0 08300103#0500
CAN-RX can0 140C0201#0000
CAN-RX can0 02000000#0000
CAN-RX can0 02000000#0000
CAN-RX can0 00E#6E4621DF00000000
CAN-RX can0 08300103#0800
CAN-RX can0 02000000#0000
CAN-RX can0 02000000#0000
CAN-RX can0 02000000#0000
CAN-RX can0 08300103#0000
CAN-RX can0 02000000#0000
CAN-RX can0 02000000#0000
CAN-RX can0 00E#6E4621DF00000000
CAN-RX can0 08300103#FFFF
CAN-RX can0 02000000#0000
CAN-RX can0 02000000#0000
CAN-RX can0 02000000#0000
CAN-RX can0 03C30F0F#87878787878787
CAN-RX can0 08300103#0100
CAN-RX can0 02000000#0000
CAN-RX can0 14300200#0000
CAN-RX can0 02000000#0000
CAN-RX can0 00E#6E4621DF00000000
CAN-RX can0 08300103#0800
CAN-RX can0 02000000#0000
CAN-RX can0 02000000#0000
CAN-RX can0 02000000#0000
CAN-RX can0 08300103#FAFF
CAN-RX can0 02000000#0000
CAN-RX can0 02000000#0000
CAN-RX can0 00E#6E4621DF00000000
CAN-RX can0 08300103#0600
CAN-RX can0 02000000#0000
CAN-RX can0 02000000#0000
CAN-RX can0 02000000#0000
CAN-RX can0 03C30F0F#87878787878787
CAN-RX can0 08300103#F6FF
CAN-RX can0 02000000#0000
CAN-RX can0 02000000#0000
CAN-RX can0 00E#6E4621DF00000000
CAN-RX can0 08300103#FEFF
CAN-RX can0 02000000#0000
CAN-RX can0 02000000#0000
CAN-RX can0 02000000#0000
CAN-RX can0 08300103#0900
CAN-RX can0 140C0201#0000
CAN-RX can0 02000000#0000
CAN-RX can0 02000000#0000
CAN-RX can0 00E#6E4621DF00000000
CAN-RX can0 08300103#0D00
CAN-RX can0 02000000#0000
CAN-RX can0 02000000#0000
CAN-RX can0 02000000#0000
CAN-RX can0 03C30F0F#87878787878787
CAN-RX can0 08300103#FDFF
CAN-RX can0 02000000#0000
CAN-RX can0 02000000#0000
CAN-RX can0 00E#6E4621DF00000000
CAN-RX can0 08300103#0700
CAN-RX can0 02000000#0000
CAN-RX can0 02000000#0000
CAN-RX can0 02000000#0000
CAN-RX can0 08300103#1400
CAN-RX can0 02000000#0000
CAN-RX can0 14300200#0000
CAN-RX can0 02000000#0000
CAN-RX can0 00E#6E4621DF00000000
CAN-RX can0 08300103#0900
CAN-RX can0 02000000#0000
CAN-RX can0 02000000#0000
CAN-RX can0 02000000#0000
CAN-RX can0 03C30F0F#87878787878787
CAN-RX can0 08300103#F7FF
CAN-RX can0 02000000#0000
CAN-RX can0 02000000#0000
CAN-RX can0 00E#6E4621DF00000000
CAN-RX can0 08300103#0600
CAN-RX can0 02000000#0000
CAN-RX can0 02000000#0000
CAN-RX can0 0C140300#C2
CAN-RX can0 02000000#0000
CAN-RX can0 08300103#FBFF
CAN-RX can0 02000000#0000
CAN-RX can0 02000000#0000
CAN-RX can0 00E#6E4621DF00000000
CAN-RX can0 08300103#0700
CAN-RX can0 02000000#0000
CAN-RX can0 02000000#0000
CAN-RX can0 1C240001#
CAN-RX can0 02000000#0000
CAN-RX can0 03C30F0F#87878787878787
CAN-RX can0 08300103#0000
CAN-RX can0 140C0201#0000
CAN-RX can0 02000000#0000
CAN-RX can0 02000000#0000
CAN-RX can0 00E#6E4621DF00000000
CAN-RX can0 08300103#FDFF
CAN-RX can0 02000000#0000
CAN-RX can0 02000000#0000
CAN-RX can0 08300103#0700
CAN-RX can0 02000000#0000
CAN-RX can0 02000000#0000
CAN-RX can0 02000000#0000
CAN-RX can0 0C140200#C0
CAN-RX can0 00E#6E4621DF00000000
CAN-RX can0 08300103#0B00
CAN-RX can0 02000000#0000
CAN-RX can0 02000000#0000
CAN-RX can0 08300103#0A00
CAN-RX can0 02000000#0000
CAN-RX can0 03C30F0F#87878787878787
CAN-RX can0 02000000#0000
CAN-RX can0 14300200#0000
CAN-RX can0 02000000#0000
CAN-RX can0 00E#6E4621DF00000000
CAN-RX can0 02000000#0000
CAN-RX can0 02000000#0000
CAN-RX can0 02000000#0000
CAN-RX can0 02000000#0000
CAN-RX can0 1C300204#9AE505009AE50500
CAN-RX can0 02000000#0000
CAN-RX can0 0C140200#C1
CAN-RX can0 00E#6E4621DF00000000
CAN-RX can0 02000000#0000
CAN-RX can0 02000000#0000
CAN-RX can0 08300103#0500
CAN-RX can0 02000000#0000
CAN-RX can0 03C30F0F#87878787878787
CAN-RX can0 02000000#0000
CAN-RX can0 02000000#0000
CAN-RX can0 00E#6E4621DF00000000
CAN-RX can0 08300103#FFFF
CAN-RX can0 02000000#0000
CAN-RX can0 02000000#0000
CAN-RX can0 08300103#FAFF
CAN-RX can0 02000000#0000
CAN-RX can0 140C0201#0000
CAN-RX can0 02000000#0000
CAN-RX can0 02000000#0000
CAN-RX can0 00E#6E4621DF00000000
CAN-RX can0 08300103#FAFF
CAN-RX can0 02000000#0000
CAN-RX can0 02000000#0000
CAN-RX can0 08300103#0700
CAN-RX can0 02000000#0000
CAN-RX can0 03C30F0F#87878787878787
CAN-RX can0 02000000#0000
CAN-RX can0 02000000#0000
CAN-RX can0 00E#6E4621DF00000000
CAN-RX can0 08300103#FFFF
CAN-RX can0 02000000#0000
CAN-RX can0 02000000#0000
CAN-RX can0 08300103#FFFF
CAN-RX can0 02000000#0000
CAN-RX can0 02000000#0000
CAN-RX can0 14300200#0000
CAN-RX can0 02000000#0000
CAN-RX can0 00E#6E4621DF00000000
CAN-RX can0 08300103#F0FF
CAN-RX can0 02000000#0000
CAN-RX can0 02000000#0000
CAN-RX can0 08300103#0800
CAN-RX can0 02000000#0000
CAN-RX can0 03C30F0F#87878787878787
CAN-RX can0 1C0C0200#1E
CAN-RX can0 02000000#0000
CAN-RX can0 02000000#0000
CAN-RX can0 00E#6E4621DF00000000
CAN-RX can0 08300103#1300
CAN-RX can0 02000000#0000
CAN-RX can0 1C2C0000#272700A90A1A
CAN-RX can0 02000000#0000
CAN-RX can0 08300103#0C00
CAN-RX can0 02000000#0000
CAN-RX can0 02000000#0000
CAN-RX can0 02000000#0000
CAN-RX can0 00E#6E4621DF00000000
CAN-RX can0 08300103#0B00
CAN-RX can0 02000000#0000
CAN-RX can0 02000000#0000
CAN-RX can0 08300103#FDFF
CAN-RX can0 02000000#0000
CAN-RX can0 03C30F0F#87878787878787
CAN-RX can0 140C0201#0000
CAN-RX can0 02000000#0000
CAN-RX can0 02000000#0000
CAN-RX can0 08300103#F3FF
CAN-RX can0 00E#6E4621DF00000000
CAN-RX can0 02000000#0000
CAN-RX can0 02000000#0000
CAN-RX can0 08300103#FDFF
CAN-RX can0 02000000#0000
CAN-RX can0 02000000#0000
CAN-RX can0 02000000#0000
CAN-RX can0 08300103#1900
CAN-RX can0 00E#6E4621DF00000000
CAN-RX can0 02000000#0000
CAN-RX can0 02000000#0000
CAN-RX can0 08300103#FAFF
CAN-RX can0 02000000#0000
CAN-RX can0 03C30F0F#87878787878787
CAN-RX can0 02000000#0000
CAN-RX can0 14300200#0000
CAN-RX can0 02000000#0000
CAN-RX can0 08300103#FAFF
CAN-RX can0 00E#6E4621DF00000000
CAN-RX can0 02000000#0000
CAN-RX can0 02000000#0000
CAN-RX can0 08300103#0500
CAN-RX can0 02000000#0000
CAN-RX can0 02000000#0000
CAN-RX can0 02000000#0000
CAN-RX can0 08300103#FFFF
CAN-RX can0 00E#6E4621DF00000000
CAN-RX can0 02000000#0000
CAN-RX can0 02000000#0000
CAN-RX can0 08300103#0D00
CAN-RX can0 02000000#0000
CAN-RX can0 03C30F0F#87878787878787
CAN-RX can0 02000000#0000
CAN-RX can0 02000000#0000
CAN-RX can0 08300103#FAFF
CAN-RX can0 00E#6E4621DF00000000
CAN-RX can0 02000000#0000
CAN-RX can0 02000000#0000
CAN-RX can0 08300103#0900
CAN-RX can0 02000000#0000
CAN-RX can0 140C0201#0000
CAN-RX can0 02000000#0000
CAN-RX can0 02000000#0000
CAN-RX can0 08300103#0200
CAN-RX can0 00E#6E4621DF00000000
CAN-RX can0 02000000#0000
CAN-RX can0 02000000#0000
CAN-RX can0 08300103#0300
CAN-RX can0 02000000#0000
CAN-RX can0 03C30F0F#87878787878787
CAN-RX can0 02000000#0000
CAN-RX can0 02000000#0000
CAN-RX can0 08300103#0300
CAN-RX can0 00E#6E4621DF00000000
CAN-RX can0 02000000#0000
CAN-RX can0 02000000#0000
CAN-RX can0 08300103#1800
CAN-RX can0 02000000#0000
CAN-RX can0 02000000#0000
CAN-RX can0 14300200#0000
CAN-RX can0 02000000#0000
CAN-RX can0 08300103#FBFF
CAN-RX can0 00E#6E4621DF00000000
CAN-RX can0 02000000#0000
CAN-RX can0 02000000#0000
CAN-RX can0 08300103#1100
CAN-RX can0 02000000#0000
CAN-RX can0 03C30F0F#87878787878787
CAN-RX can0 02000000#0000
CAN-RX can0 02000000#0000
CAN-RX can0 08300103#0D00
CAN-RX can0 00E#6E4621DF00000000
CAN-RX can0 02000000#0000
CAN-RX can0 02000000#0000
CAN-RX can0 0C140300#C2
CAN-RX can0 08300103#F8FF
CAN-RX can0 02000000#0000
CAN-RX can0 02000000#0000
CAN-RX can0 02000000#0000
CAN-RX can0 08300103#0B00
CAN-RX can0 00E#6E4621DF00000000
CAN-RX can0 02000000#0000
CAN-RX can0 02000000#0000
CAN-RX can0 08300103#F7FF
CAN-RX can0 02000000#0000
CAN-RX can0 03C30F0F#87878787878787
CAN-RX can0 140C0201#0000
CAN-RX can0 02000000#0000
CAN-RX can0 02000000#0000
CAN-RX can0 08300103#0000
CAN-RX can0 00E#6E4621DF00000000
CAN-RX can0 02000000#0000
CAN-RX can0 02000000#0000
CAN-RX can0 08300103#0700
CAN-RX can0 02000000#0000
CAN-RX can0 02000000#0000
CAN-RX can0 02000000#0000
CAN-RX can0 08300103#0100
CAN-RX can0 0C140200#C0
CAN-RX can0 00E#6E4621DF00000000
CAN-RX can0 02000000#0000
CAN-RX can0 02000000#0000
CAN-RX can0 08300103#0600
CAN-RX can0 02000000#0000
CAN-RX can0 03C30F0F#87878787878787
CAN-RX can0 02000000#0000
CAN-RX can0 14300200#0000
CAN-RX can0 02000000#0000
CAN-RX can0 00E#6E4621DF00000000
CAN-RX can0 02000000#0000
CAN-RX can0 02000000#0000
CAN-RX can0 02000000#0000
CAN-RX can0 02000000#0000
CAN-RX can0 02000000#0000
CAN-RX can0 0C140200#C1
CAN-RX can0 00E#6E4621DF00000000
CAN-RX can0 1C300204#9AE505009AE50500
CAN-RX can0 02000000#0000
CAN-RX can0 02000000#0000
CAN-RX can0 08300103#0000
CAN-RX can0 02000000#0000
CAN-RX can0 03C30F0F#87878787878787
CAN-RX can0 02000000#0000
CAN-RX can0 02000000#0000
CAN-RX can0 08300103#F9FF
CAN-RX can0 00E#6E4621DF00000000
CAN-RX can0 02000000#0000
CAN-RX can0 02000000#0000
CAN-RX can0 08300103#0A00
CAN-RX can0 02000000#0000
CAN-RX can0 140C0201#0000
CAN-RX can0 02000000#0000
CAN-RX can0 02000000#0000
CAN-RX can0 08300103#0E00
CAN-RX can0 00E#6E4621DF00000000
CAN-RX can0 02000000#0000
CAN-RX can0 02000000#0000
CAN-RX can0 08300103#0400
CAN-RX can0 02000000#0000
CAN-RX can0 03C30F0F#87878787878787
CAN-RX can0 02000000#0000
CAN-RX can0 02000000#0000
CAN-RX can0 08300103#0300
CAN-RX can0 00E#6E4621DF00000000
CAN-RX can0 02000000#0000
CAN-RX can0 02000000#0000
CAN-RX can0 08300103#FFFF
CAN-RX can0 02000000#0000
CAN-RX can0 02000000#0000
CAN-RX can0 14300200#0000
CAN-RX can0 02000000#0000
CAN-RX can0 08300103#0000
CAN-RX can0 00E#6E4621DF00000000
CAN-RX can0 02000000#0000
CAN-RX can0 02000000#0000
CAN-RX can0 08300103#FEFF
CAN-RX can0 02000000#0000
CAN-RX can0 03C30F0F#87878787878787
CAN-RX can0 1C0C0200#1E
CAN-RX can0 02000000#0000
CAN-RX can0 02000000#0000
CAN-RX can0 08300103#0300
CAN-RX can0 00E#6E4621DF00000000
CAN-RX can0 02000000#0000
CAN-RX can0 1C2C0000#282700A90A1A
CAN-RX can0 02000000#0000
CAN-RX can0 08300103#0800
CAN-RX can0 02000000#0000
CAN-RX can0 02000000#0000
CAN-RX can0 02000000#0000
CAN-RX can0 08300103#FAFF
CAN-RX can0 00E#6E4621DF00000000
CAN-RX can0 02000000#0000
CAN-RX can0 02000000#0000
CAN-RX can0 08300103#FAFF
CAN-RX can0 02000000#0000
CAN-RX can0 03C30F0F#87878787878787
CAN-RX can0 140C0201#0000
CAN-RX can0 02000000#0000
CAN-RX can0 02000000#0000
CAN-RX can0 08300103#0800
CAN-RX can0 00E#6E4621DF00000000
CAN-RX can0 02000000#0000
CAN-RX can0 02000000#0000
CAN-RX can0 08300103#0700
CAN-RX can0 02000000#0000
CAN-RX can0 02000000#0000
CAN-RX can0 02000000#0000
CAN-RX can0 08300103#0A00
CAN-RX can0 00E#6E4621DF00000000
CAN-RX can0 02000000#0000
CAN-RX can0 02000000#0000
CAN-RX can0 08300103#FFFF
CAN-RX can0 02000000#0000
CAN-RX can0 03C30F0F#87878787878787
CAN-RX can0 02000000#0000
CAN-RX can0 14300200#0000
CAN-RX can0 02000000#0000
CAN-RX can0 08300103#F9FF
CAN-RX can0 00E#6E4621DF00000000
CAN-RX can0 02000000#0000
CAN-RX can0 02000000#0000
CAN-RX can0 08300103#1900
CAN-RX can0 02000000#0000
CAN-RX can0 02000000#0000
CAN-RX can0 02000000#0000
CAN-RX can0 08300103#0A00
CAN-RX can0 00E#6E4621DF00000000
CAN-RX can0 02000000#0000
CAN-RX can0 02000000#0000
CAN-RX can0 08300103#1200
CAN-RX can0 02000000#0000
CAN-RX can0 03C30F0F#87878787878787
CAN-RX can0 02000000#0000
CAN-RX can0 02000000#0000
CAN-RX can0 08300103#FFFF
CAN-RX can0 00E#6E4621DF00000000
CAN-RX can0 02000000#0000
CAN-RX can0 02000000#0000
CAN-RX can0 08300103#0000
CAN-RX can0 02000000#0000
CAN-RX can0 140C0201#0000
CAN-RX can0 02000000#0000
CAN-RX can0 02000000#0000
CAN-RX can0 08300103#0000
CAN-RX can0 00E#6E4621DF00000000
CAN-RX can0 02000000#0000
CAN-RX can0 02000000#0000
CAN-RX can0 08300103#0B00
CAN-RX can0 02000000#0000
CAN-RX can0 03C30F0F#87878787878787
CAN-RX can0 02000000#0000
CAN-RX can0 02000000#0000
CAN-RX can0 08300103#FAFF
CAN-RX can0 00E#6E4621DF00000000
CAN-RX can0 02000000#0000
CAN-RX can0 02000000#0000
CAN-RX can0 08300103#0100
CAN-RX can0 02000000#0000
CAN-RX can0 02000000#0000
CAN-RX can0 14300200#0000
CAN-RX can0 02000000#0000
CAN-RX can0 08300103#0A00
CAN-RX can0 00E#6E4621DF00000000
CAN-RX can0 02000000#0000
CAN-RX can0 02000000#0000
CAN-RX can0 08300103#1000
CAN-RX can0 02000000#0000
CAN-RX can0 03C30F0F#87878787878787
CAN-RX can0 02000000#0000
CAN-RX can0 02000000#0000
CAN-RX can0 08300103#FCFF
CAN-RX can0 00E#6E4621DF00000000
CAN-RX can0 02000000#0000
CAN-RX can0 02000000#0000
CAN-RX can0 08300103#0100
CAN-RX can0 0C140300#C2
CAN-RX can0 02000000#0000
CAN-RX can0 02000000#0000
CAN-RX can0 02000000#0000
CAN-RX can0 08300103#0B00
CAN-RX can0 00E#6E4621DF00000000
CAN-RX can0 02000000#0000
CAN-RX can0 02000000#0000
CAN-RX can0 08300103#0800
CAN-RX can0 02000000#0000
CAN-RX can0 03C30F0F#87878787878787
CAN-RX can0 140C0201#0000
CAN-RX can0 02000000#0000
CAN-RX can0 02000000#0000
CAN-RX can0 08300103#0200
CAN-RX can0 00E#6E4621DF00000000
CAN-RX can0 02000000#0000
CAN-RX can0 02000000#0000
CAN-RX can0 08300103#FBFF
CAN-RX can0 02000000#0000
CAN-RX can0 02000000#0000
CAN-RX can0 08300103#0C00
CAN-RX can0 02000000#0000
CAN-RX can0 0C140200#C0
CAN-RX can0 00E#6E4621DF00000000
CAN-RX can0 02000000#0000
CAN-RX can0 02000000#0000
CAN-RX can0 08300103#0300
CAN-RX can0 02000000#0000
CAN-RX can0 03C30F0F#87878787878787
CAN-RX can0 02000000#0000
CAN-RX can0 14300200#0000
CAN-RX can0 02000000#0000
CAN-RX can0 00E#6E4621DF00000000
CAN-RX can0 02000000#0000
CAN-RX can0 02000000#0000
CAN-RX can0 02000000#0000
CAN-RX can0 02000000#0000
CAN-RX can0 02000000#0000
CAN-RX can0 0C140200#C1
CAN-RX can0 00E#6E4621DF00000000
CAN-RX can0 02000000#0000
CAN-RX can0 1C300204#9AE505009AE50500
CAN-RX can0 02000000#0000
CAN-RX can0 08300103#FFFF
CAN-RX can0 02000000#0000
CAN-RX can0 03C30F0F#87878787878787
CAN-RX can0 02000000#0000
CAN-RX can0 08300103#FFFF
CAN-RX can0 02000000#0000
CAN-RX can0 00E#6E4621DF00000000
CAN-RX can0 02000000#0000
CAN-RX can0 02000000#0000
CAN-RX can0 08300103#FAFF
CAN-RX can0 02000000#0000
CAN-RX can0 140C0201#0000
CAN-RX can0 02000000#0000
CAN-RX can0 08300103#0E00
CAN-RX can0 02000000#0000
CAN-RX can0 00E#6E4621DF00000000
CAN-RX can0 02000000#0000
CAN-RX can0 02000000#0000
CAN-RX can0 08300103#1300
CAN-RX can0 02000000#0000
CAN-RX can0 03C30F0F#87878787878787
CAN-RX can0 02000000#0000
CAN-RX can0 08300103#0B00
CAN-RX can0 02000000#0000
CAN-RX can0 00E#6E4621DF00000000
CAN-RX can0 02000000#0000
CAN-RX can0 02000000#0000
CAN-RX can0 08300103#0000
CAN-RX can0 02000000#0000
CAN-RX can0 02000000#0000
CAN-RX can0 14300200#0000
CAN-RX can0 08300103#0700
CAN-RX can0 02000000#0000
CAN-RX can0 00E#6E4621DF00000000
CAN-RX can0 02000000#0000
CAN-RX can0 02000000#0000
CAN-RX can0 08300103#0E00
CAN-RX can0 02000000#0000
CAN-RX can0 03C30F0F#87878787878787
CAN-RX can0 1C0C0200#1E
CAN-RX can0 02000000#0000
CAN-RX can0 08300103#FEFF
CAN-RX can0 02000000#0000
CAN-RX can0 00E#6E4621DF00000000
CAN-RX can0 02000000#0000
CAN-RX can0 1C2C0000#292700A90A1A
CAN-RX can0 02000000#0000
CAN-RX can0 08300103#FCFF
CAN-RX can0 02000000#0000
CAN-RX can0 02000000#0000
CAN-RX can0 08300103#0000
CAN-RX can0 02000000#0000
CAN-RX can0 00E#6E4621DF00000000
CAN-RX can0 02000000#0000
CAN-RX can0 02000000#0000
CAN-RX can0 08300103#0800
CAN-RX can0 02000000#0000
CAN-RX can0 03C30F0F#87878787878787
CAN-RX can0 140C0201#0000
CAN-RX can0 02000000#0000
CAN-RX can0 08300103#0000
CAN-RX can0 02000000#0000
CAN-RX can0 00E#6E4621DF00000000
CAN-RX can0 02000000#0000
CAN-RX can0 02000000#0000
CAN-RX can0 08300103#F7FF
CAN-RX can0 02000000#0000
CAN-RX can0 02000000#0000
CAN-RX can0 08300103#FFFF
CAN-RX can0 02000000#0000
CAN-RX can0 00E#6E4621DF00000000
CAN-RX can0 02000000#0000
CAN-RX can0 02000000#0000
CAN-RX can0 08300103#F5FF
CAN-RX can0 02000000#0000
CAN-RX can0 03C30F0F#87878787878787
CAN-RX can0 02000000#0000
CAN-RX can0 14300200#0000
CAN-RX can0 08300103#0C00
CAN-RX can0 02000000#0000
CAN-RX can0 00E#6E4621DF00000000
CAN-RX can0 02000000#0000
CAN-RX can0 02000000#0000
CAN-RX can0 08300103#0300
CAN-RX can0 02000000#0000
CAN-RX can0 02000000#0000
CAN-RX can0 08300103#0D00
CAN-RX can0 02000000#0000
CAN-RX can0 00E#6E4621DF00000000
CAN-RX can0 02000000#0000
CAN-RX can0 02000000#0000
CAN-RX can0 08300103#0000
CAN-RX can0 02000000#0000
CAN-RX can0 03C30F0F#87878787878787
CAN-RX can0 02000000#0000
CAN-RX can0 08300103#F3FF
CAN-RX can0 02000000#0000
CAN-RX can0 00E#6E4621DF00000000
CAN-RX can0 02000000#0000
CAN-RX can0 02000000#0000
CAN-RX can0 08300103#F5FF
CAN-RX can0 02000000#0000
CAN-RX can0 140C0201#0000
CAN-RX can0 02000000#0000
CAN-RX can0 08300103#FDFF
CAN-RX can0 02000000#0000
CAN-RX can0 00E#6E4621DF00000000
CAN-RX can0 02000000#0000
CAN-RX can0 02000000#0000
CAN-RX can0 08300103#0200
CAN-RX can0 02000000#0000
CAN-RX can0 03C30F0F#87878787878787
CAN-RX can0 02000000#0000
CAN-RX can0 08300103#FFFF
CAN-RX can0 02000000#0000
CAN-RX can0 00E#6E4621DF00000000
CAN-RX can0 02000000#0000
CAN-RX can0 02000000#0000
CAN-RX can0 08300103#0E00
CAN-RX can0 02000000#0000
CAN-RX can0 02000000#0000
CAN-RX can0 14300200#0000
CAN-RX can0 08300103#0200
CAN-RX can0 02000000#0000
CAN-RX can0 00E#6E4621DF00000000
CAN-RX can0 02000000#0000
CAN-RX can0 02000000#0000
CAN-RX can0 08300103#0400
CAN-RX can0 02000000#0000
CAN-RX can0 03C30F0F#87878787878787
CAN-RX can0 02000000#0000
CAN-RX can0 08300103#0100
CAN-RX can0 02000000#0000
CAN-RX can0 00E#6E4621DF00000000
CAN-RX can0 02000000#0000
CAN-RX can0 02000000#0000
CAN-RX can0 08300103#0400
CAN-RX can0 0C140300#C2
CAN-RX can0 02000000#0000
CAN-RX can0 02000000#0000
CAN-RX can0 08300103#F6FF
CAN-RX can0 02000000#0000
CAN-RX can0 00E#6E4621DF00000000
CAN-RX can0 02000000#0000
CAN-RX can0 02000000#0000
CAN-RX can0 08300103#1000
CAN-RX can0 02000000#0000
CAN-RX can0 03C30F0F#87878787878787
CAN-RX can0 140C0201#0000
CAN-RX can0 02000000#0000
CAN-RX can0 08300103#0000
CAN-RX can0 02000000#0000
CAN-RX can0 00E#6E4621DF00000000
CAN-RX can0 02000000#0000
CAN-RX can0 02000000#0000
CAN-RX can0 08300103#0C00
CAN-RX can0 02000000#0000
CAN-RX can0 02000000#0000
CAN-RX can0 08300103#0400
CAN-RX can0 02000000#0000
CAN-RX can0 0C140200#C0
CAN-RX can0 00E#6E4621DF00000000
CAN-RX can0 02000000#0000
CAN-RX can0 02000000#0000
CAN-RX can0 08300103#FFFF
CAN-RX can0 02000000#0000
CAN-RX can0 03C30F0F#87878787878787
CAN-RX can0 02000000#0000
CAN-RX can0 14300200#0000
CAN-RX can0 02000000#0000
CAN-RX can0 00E#6E4621DF00000000
CAN-RX can0 02000000#0000
CAN-RX can0 02000000#0000
CAN-RX can0 02000000#0000
CAN-RX can0 02000000#0000
CAN-RX can0 02000000#0000
CAN-RX can0 0C140200#C1
CAN-RX can0 00E#6E4621DF00000000
CAN-RX can0 02000000#0000
CAN-RX can0 02000000#0000
CAN-RX can0 08300103#F4FF
CAN-RX can0 1C300204#9AE505009AE50500
CAN-RX can0 02000000#0000
CAN-RX can0 03C30F0F#87878787878787
CAN-RX can0 02000000#0000
CAN-RX can0 08300103#0A00
CAN-RX can0 02000000#0000
CAN-RX can0 00E#6E4621DF00000000
CAN-RX can0 02000000#0000
CAN-RX can0 02000000#0000
CAN-RX can0 08300103#0200
CAN-RX can0 02000000#0000
CAN-RX can0 140C0201#0000
CAN-RX can0 02000000#0000
CAN-RX can0 08300103#0A00
CAN-RX can0 02000000#0000
CAN-RX can0 00E#6E4621DF00000000
CAN-RX can0 02000000#0000
CAN-RX can0 02000000#0000
CAN-RX can0 08300103#0600
CAN-RX can0 02000000#0000
CAN-RX can0 03C30F0F#87878787878787
CAN-RX can0 02000000#0000
CAN-RX can0 08300103#0C00
CAN-RX can0 02000000#0000
CAN-RX can0 00E#6E4621DF00000000
CAN-RX can0 02000000#0000
CAN-RX can0 02000000#0000
CAN-RX can0 08300103#0000
CAN-RX can0 02000000#0000
CAN-RX can0 02000000#0000
CAN-RX can0 14300200#0000
CAN-RX can0 08300103#0400
CAN-RX can0 02000000#0000
CAN-RX can0 00E#6E4621DF00000000
CAN-RX can0 02000000#0000
CAN-RX can0 02000000#0000
CAN-RX can0 08300103#0500
CAN-RX can0 02000000#0000
CAN-RX can0 03C30F0F#87878787878787
CAN-RX can0 1C0C0200#1E
CAN-RX can0 02000000#0000
CAN-RX can0 08300103#0100
CAN-RX can0 02000000#0000
CAN-RX can0 00E#6E4621DF00000000
CAN-RX can0 02000000#0000
CAN-RX can0 1C2C0000#2A2700A90A1A
CAN-RX can0 02000000#0000
CAN-RX can0 08300103#FBFF
CAN-RX can0 02000000#0000
CAN-RX can0 02000000#0000
CAN-RX can0 08300103#0500
CAN-RX can0 02000000#0000
CAN-RX can0 00E#6E4621DF00000000
CAN-RX can0 02000000#0000
CAN-RX can0 02000000#0000
CAN-RX can0 08300103#0500
CAN-RX can0 02000000#0000
CAN-RX can0 03C30F0F#87878787878787
CAN-RX can0 140C0201#0000
CAN-RX can0 02000000#0000
CAN-RX can0 08300103#0100
CAN-RX can0 02000000#0000
CAN-RX can0 00E#6E4621DF00000000
CAN-RX can0 02000000#0000
CAN-RX can0 02000000#0000
CAN-RX can0 08300103#0400
CAN-RX can0 02000000#0000
CAN-RX can0 02000000#0000
CAN-RX can0 08300103#0C00
CAN-RX can0 02000000#0000
CAN-RX can0 00E#6E4621DF00000000
CAN-RX can0 02000000#0000
CAN-RX can0 02000000#0000
CAN-RX can0 08300103#0000
CAN-RX can0 02000000#0000
CAN-RX can0 03C30F0F#87878787878787
CAN-RX can0 02000000#0000
CAN-RX can0 14300200#0000
CAN-RX can0 08300103#0D00
CAN-RX can0 02000000#0000
CAN-RX can0 00E#6E4621DF00000000
CAN-RX can0 02000000#0000
CAN-RX can0 02000000#0000
CAN-RX can0 08300103#F7FF
CAN-RX can0 02000000#0000
CAN-RX can0 02000000#0000
CAN-RX can0 08300103#0200
CAN-RX can0 02000000#0000
CAN-RX can0 00E#6E4621DF00000000
CAN-RX can0 02000000#0000
CAN-RX can0 02000000#0000
CAN-RX can0 08300103#0600
CAN-RX can0 02000000#0000
CAN-RX can0 03C30F0F#87878787878787
CAN-RX can0 02000000#0000
CAN-RX can0 08300103#1200
CAN-RX can0 02000000#0000
CAN-RX can0 00E#6E4621DF00000000
CAN-RX can0 02000000#0000
CAN-RX can0 02000000#0000
CAN-RX can0 08300103#0900
CAN-RX can0 02000000#0000
CAN-RX can0 140C0201#0000
CAN-RX can0 02000000#0000
CAN-RX can0 08300103#0600
CAN-RX can0 02000000#0000
CAN-RX can0 00E#6E4621DF00000000
CAN-RX can0 02000000#0000
CAN-RX can0 02000000#0000
CAN-RX can0 08300103#0700
CAN-RX can0 02000000#0000
CAN-RX can0 03C30F0F#87878787878787
CAN-RX can0 02000000#0000
CAN-RX can0 08300103#FBFF
CAN-RX can0 02000000#0000
CAN-RX can0 00E#6E4621DF00000000
CAN-RX can0 02000000#0000
CAN-RX can0 02000000#0000
CAN-RX can0 08300103#FBFF
CAN-RX can0 02000000#0000
CAN-RX can0 02000000#0000
CAN-RX can0 14300200#0000
CAN-RX can0 08300103#1000
CAN-RX can0 02000000#0000
CAN-RX can0 00E#6E4621DF00000000
CAN-RX can0 02000000#0000
CAN-RX can0 02000000#0000
CAN-RX can0 08300103#FDFF
CAN-RX can0 02000000#0000
CAN-RX can0 03C30F0F#87878787878787
CAN-RX can0 02000000#0000
CAN-RX can0 08300103#0200
CAN-RX can0 02000000#0000
CAN-RX can0 00E#6E4621DF00000000
CAN-RX can0 02000000#0000
CAN-RX can0 02000000#0000
CAN-RX can0 08300103#0E00
CAN-RX can0 0C140300#C2
CAN-RX can0 02000000#0000
CAN-RX can0 02000000#0000
CAN-RX can0 08300103#0F00
CAN-RX can0 02000000#0000
CAN-RX can0 00E#6E4621DF00000000
CAN-RX can0 02000000#0000
CAN-RX can0 02000000#0000
CAN-RX can0 08300103#0300
CAN-RX can0 02000000#0000
CAN-RX can0 03C30F0F#87878787878787
CAN-RX can0 140C0201#0000
CAN-RX can0 02000000#0000
CAN-RX can0 08300103#1000
CAN-RX can0 02000000#0000
CAN-RX can0 00E#6E4621DF00000000
CAN-RX can0 02000000#0000
CAN-RX can0 02000000#0000
CAN-RX can0 08300103#0B00
CAN-RX can0 02000000#0000
CAN-RX can0 02000000#0000
CAN-RX can0 08300103#0700
CAN-RX can0 02000000#0000
CAN-RX can0 0C140200#C0
CAN-RX can0 00E#6E4621DF00000000
CAN-RX can0 02000000#0000
CAN-RX can0 08300103#FDFF
CAN-RX can0 02000000#0000
CAN-RX can0 02000000#0000
CAN-RX can0 03C30F0F#87878787878787
CAN-RX can0 02000000#0000
CAN-RX can0 14300200#0000
CAN-RX can0 02000000#0000
CAN-RX can0 00E#6E4621DF00000000
CAN-RX can0 02000000#0000
CAN-RX can0 02000000#0000
CAN-RX can0 02000000#0000
CAN-RX can0 02000000#0000
CAN-RX can0 02000000#0000
CAN-RX can0 0C140200#C1
CAN-RX can0 00E#6E4621DF00000000
CAN-RX can0 02000000#0000
CAN-RX can0 08300103#0100
CAN-RX can0 02000000#0000
CAN-RX can0 02000000#0000
CAN-RX can0 03C30F0F#87878787878787
CAN-RX can0 1C300204#9AE505009AE50500
CAN-RX can0 02000000#0000
CAN-RX can0 08300103#0600
CAN-RX can0 02000000#0000
CAN-RX can0 00E#6E4621DF00000000
CAN-RX can0 02000000#0000
CAN-RX can0 08300103#FFFF
CAN-RX can0 02000000#0000
CAN-RX can0 02000000#0000
CAN-RX can0 140C0201#0000
CAN-RX can0 02000000#0000
CAN-RX can0 08300103#F6FF
CAN-RX can0 02000000#0000
CAN-RX can0 00E#6E4621DF00000000
CAN-RX can0 02000000#0000
CAN-RX can0 08300103#FEFF
CAN-RX can0 02000000#0000
CAN-RX can0 02000000#0000
CAN-RX can0 03C30F0F#87878787878787
CAN-RX can0 02000000#0000
CAN-RX can0 08300103#0B00
CAN-RX can0 02000000#0000
CAN-RX can0 00E#6E4621DF00000000
CAN-RX can0 02000000#0000
CAN-RX can0 08300103#0000
CAN-RX can0 02000000#0000
CAN-RX can0 02000000#0000
CAN-RX can0 02000000#0000
CAN-RX can0 14300200#0000
CAN-RX can0 08300103#0100
CAN-RX can0 02000000#0000
CAN-RX can0 00E#6E4621DF00000000
CAN-RX can0 02000000#0000
CAN-RX can0 08300103#1000
CAN-RX can0 02000000#0000
CAN-RX can0 02000000#0000
CAN-RX can0 03C30F0F#87878787878787
CAN-RX can0 1C0C0200#1E
CAN-RX can0 02000000#0000
CAN-RX can0 08300103#0500
CAN-RX can0 02000000#0000
CAN-RX can0 00E#6E4621DF00000000
CAN-RX can0 02000000#0000
CAN-RX can0 1C2C0000#2B2700A90A1A
CAN-RX can0 08300103#F8FF
CAN-RX can0 02000000#0000
CAN-RX can0 02000000#0000
CAN-RX can0 02000000#0000
CAN-RX can0 08300103#0000
CAN-RX can0 02000000#0000
CAN-RX can0 00E#6E4621DF00000000
CAN-RX can0 02000000#0000
CAN-RX can0 08300103#FEFF
CAN-RX can0 02000000#0000
CAN-RX can0 02000000#0000
CAN-RX can0 03C30F0F#87878787878787
CAN-RX can0 140C0201#0000
CAN-RX can0 02000000#0000
CAN-RX can0 08300103#0100
CAN-RX can0 02000000#0000
CAN-RX can0 00E#6E4621DF00000000
CAN-RX can0 02000000#0000
CAN-RX can0 08300103#0F00
CAN-RX can0 02000000#0000
CAN-RX can0 02000000#0000
CAN-RX can0 02000000#0000
CAN-RX can0 08300103#0300
CAN-RX can0 02000000#0000
CAN-RX can0 00E#6E4621DF00000000
CAN-RX can0 02000000#0000
CAN-RX can0 08300103#0000
CAN-RX can0 02000000#0000
CAN-RX can0 02000000#0000
CAN-RX can0 03C30F0F#87878787878787
CAN-RX can0 02000000#0000
CAN-RX can0 14300200#0000
CAN-RX can0 08300103#FFFF
CAN-RX can0 02000000#0000
CAN-RX can0 00E#6E4621DF00000000
CAN-RX can0 02000000#0000
CAN-RX can0 08300103#0D00
CAN-RX can0 02000000#0000
CAN-RX can0 02000000#0000
CAN-RX can0 02000000#0000
CAN-RX can0 08300103#0300
CAN-RX can0 02000000#0000
CAN-RX can0 00E#6E4621DF00000000
CAN-RX can0 02000000#0000
CAN-RX can0 08300103#1200
CAN-RX can0 02000000#0000
CAN-RX can0 02000000#0000
CAN-RX can0 03C30F0F#87878787878787
CAN-RX can0 02000000#0000
CAN-RX can0 08300103#0300
CAN-RX can0 02000000#0000
CAN-RX can0 00E#6E4621DF00000000
CAN-RX can0 02000000#0000
CAN-RX can0 08300103#0400
CAN-RX can0 02000000#0000
CAN-RX can0 02000000#0000
CAN-RX can0 140C0201#0000
CAN-RX can0 02000000#0000
CAN-RX can0 08300103#0900
CAN-RX can0 02000000#0000
CAN-RX can0 00E#6E4621DF00000000
CAN-RX can0 02000000#0000
CAN-RX can0 08300103#FAFF
CAN-RX can0 02000000#0000
CAN-RX can0 02000000#0000
CAN-RX can0 03C30F0F#87878787878787
CAN-RX can0 02000000#0000
CAN-RX can0 08300103#FAFF
CAN-RX can0 02000000#0000
CAN-RX can0 00E#6E4621DF00000000
CAN-RX can0 02000000#0000
CAN-RX can0 08300103#FBFF
CAN-RX can0 02000000#0000
CAN-RX can0 02000000#0000
CAN-RX can0 02000000#0000
CAN-RX can0 08300103#FDFF
CAN-RX can0 14300200#0000
CAN-RX can0 02000000#0000
CAN-RX can0 00E#6E4621DF00000000
CAN-RX can0 02000000#0000
CAN-RX can0 08300103#1400
CAN-RX can0 02000000#0000
CAN-RX can0 02000000#0000
CAN-RX can0 03C30F0F#87878787878787
CAN-RX can0 02000000#0000
CAN-RX can0 08300103#0600
CAN-RX can0 02000000#0000
CAN-RX can0 00E#6E4621DF00000000
CAN-RX can0 02000000#0000
CAN-RX can0 08300103#0B00
CAN-RX can0 02000000#0000
CAN-RX can0 0C140300#C2
CAN-RX can0 02000000#0000
CAN-RX can0 02000000#0000
CAN-RX can0 08300103#0200
CAN-RX can0 02000000#0000
CAN-RX can0 00E#6E4621DF00000000
CAN-RX can0 02000000#0000
CAN-RX can0 08300103#F9FF
CAN-RX can0 02000000#0000
CAN-RX can0 02000000#0000
CAN-RX can0 03C30F0F#87878787878787
CAN-RX can0 140C0201#0000
CAN-RX can0 02000000#0000
CAN-RX can0 08300103#FEFF
CAN-RX can0 02000000#0000
CAN-RX can0 00E#6E4621DF00000000
CAN-RX can0 02000000#0000
CAN-RX can0 08300103#FEFF
CAN-RX can0 02000000#0000
CAN-RX can0 02000000#0000
CAN-RX can0 02000000#0000
CAN-RX can0 08300103#F8FF
CAN-RX can0 02000000#0000
CAN-RX can0 0C140200#C0
CAN-RX can0 00E#6E4621DF00000000
CAN-RX can0 02000000#0000
CAN-RX can0 08300103#0B00
CAN-RX can0 02000000#0000
CAN-RX can0 02000000#0000
CAN-RX can0 03C30F0F#87878787878787
CAN-RX can0 02000000#0000
CAN-RX can0 14300200#0000
CAN-RX can0 02000000#0000
CAN-RX can0 00E#6E4621DF00000000
CAN-RX can0 02000000#0000
CAN-RX can0 02000000#0000
CAN-RX can0 02000000#0000
CAN-RX can0 02000000#0000
CAN-RX can0 02000000#0000
CAN-RX can0 0C140200#C1
CAN-RX can0 00E#6E4621DF00000000
CAN-RX can0 02000000#0000
CAN-RX can0 08300103#0E00
CAN-RX can0 02000000#0000
CAN-RX can0 02000000#0000
CAN-RX can0 03C30F0F#87878787878787
CAN-RX can0 02000000#0000
CAN-RX can0 08300103#FEFF
CAN-RX can0 1C300204#9AE505009AE50500
CAN-RX can0 02000000#0000
CAN-RX can0 00E#6E4621DF00000000
CAN-RX can0 02000000#0000
CAN-RX can0 08300103#0100
CAN-RX can0 02000000#0000
CAN-RX can0 02000000#0000
CAN-RX can0 140C0201#0000
CAN-RX can0 02000000#0000
CAN-RX can0 08300103#0400
CAN-RX can0 02000000#0000
CAN-RX can0 00E#6E4621DF00000000
CAN-RX can0 02000000#0000
CAN-RX can0 08300103#F9FF
CAN-RX can0 02000000#0000
CAN-RX can0 02000000#0000
CAN-RX can0 03C30F0F#87878787878787
CAN-RX can0 02000000#0000
CAN-RX can0 08300103#F9FF
CAN-RX can0 02000000#0000
CAN-RX can0 00E#6E4621DF00000000
CAN-RX can0 02000000#0000
CAN-RX can0 08300103#0000
CAN-RX can0 02000000#0000
CAN-RX can0 02000000#0000
CAN-RX can0 02000000#0000
CAN-RX can0 08300103#0100
CAN-RX can0 14300200#0000
CAN-RX can0 02000000#0000
CAN-RX can0 00E#6E4621DF00000000
CAN-RX can0 02000000#0000
CAN-RX can0 08300103#0300
CAN-RX can0 02000000#0000
CAN-RX can0 02000000#0000
CAN-RX can0 03C30F0F#87878787878787
CAN-RX can0 1C0C0200#1E
CAN-RX can0 02000000#0000
CAN-RX can0 08300103#EFFF
CAN-RX can0 02000000#0000
CAN-RX can0 00E#6E4621DF00000000
CAN-RX can0 02000000#0000
CAN-RX can0 1C2C0000#2C2700A90A1A
CAN-RX can0 08300103#0A00
CAN-RX can0 02000000#0000
CAN-RX can0 02000000#0000
CAN-RX can0 02000000#0000
CAN-RX can0 08300103#0000
CAN-RX can0 02000000#0000
CAN-RX can0 00E#6E4621DF00000000
CAN-RX can0 02000000#0000
CAN-RX can0 08300103#0E00
CAN-RX can0 02000000#0000
CAN-RX can0 02000000#0000
CAN-RX can0 03C30F0F#87878787878787
CAN-RX can0 140C0201#0000
CAN-RX can0 02000000#0000
CAN-RX can0 08300103#0300
CAN-RX can0 02000000#0000
CAN-RX can0 00E#6E4621DF00000000
CAN-RX can0 02000000#0000
CAN-RX can0 08300103#0000
CAN-RX can0 02000000#0000
CAN-RX can0 02000000#0000
CAN-RX can0 02000000#0000
CAN-RX can0 08300103#0500
CAN-RX can0 02000000#0000
CAN-RX can0 00E#6E4621DF00000000
CAN-RX can0 02000000#0000
CAN-RX can0 08300103#0A00
CAN-RX can0 02000000#0000
CAN-RX can0 02000000#0000
CAN-RX can0 03C30F0F#87878787878787
CAN-RX can0 02000000#0000
CAN-RX can0 08300103#0300
CAN-RX can0 14300200#0000
CAN-RX can0 02000000#0000
CAN-RX can0 00E#6E4621DF00000000
CAN-RX can0 02000000#0000
CAN-RX can0 08300103#F7FF
CAN-RX can0 02000000#0000
CAN-RX can0 02000000#0000
CAN-RX can0 02000000#0000
CAN-RX can0 08300103#0500
CAN-RX can0 02000000#0000
CAN-RX can0 00E#6E4621DF00000000
CAN-RX can0 02000000#0000
CAN-RX can0 08300103#1200
CAN-RX can0 02000000#0000
CAN-RX can0 02000000#0000
CAN-RX can0 03C30F0F#87878787878787
CAN-RX can0 02000000#0000
CAN-RX can0 08300103#0500
CAN-RX can0 02000000#0000
CAN-RX can0 00E#6E4621DF00000000
CAN-RX can0 02000000#0000
CAN-RX can0 08300103#0800
CAN-RX can0 02000000#0000
CAN-RX can0 02000000#0000
CAN-RX can0 140C0201#0000
CAN-RX can0 02000000#0000
CAN-RX can0 08300103#0500
CAN-RX can0 02000000#0000
CAN-RX can0 00E#6E4621DF00000000
CAN-RX can0 02000000#0000
CAN-RX can0 08300103#0700
CAN-RX can0 02000000#0000
CAN-RX can0 02000000#0000
CAN-RX can0 03C30F0F#87878787878787
CAN-RX can0 02000000#0000
CAN-RX can0 08300103#0E00
CAN-RX can0 02000000#0000
CAN-RX can0 00E#6E4621DF00000000
CAN-RX can0 02000000#0000
CAN-RX can0 08300103#0E00
CAN-RX can0 02000000#0000
CAN-RX can0 02000000#0000
CAN-RX can0 02000000#0000
CAN-RX can0 08300103#F7FF
CAN-RX can0 14300200#0000
CAN-RX can0 02000000#0000
CAN-RX can0 00E#6E4621DF00000000
CAN-RX can0 02000000#0000
CAN-RX can0 08300103#0000
CAN-RX can0 02000000#0000
CAN-RX can0 02000000#0000
CAN-RX can0 03C30F0F#87878787878787
CAN-RX can0 02000000#0000
CAN-RX can0 08300103#ECFF
CAN-RX can0 02000000#0000
CAN-RX can0 00E#6E4621DF00000000
CAN-RX can0 02000000#0000
CAN-RX can0 08300103#FEFF
CAN-RX can0 02000000#0000
CAN-RX can0 0C140300#C2
CAN-RX can0 02000000#0000
CAN-RX can0 02000000#0000
CAN-RX can0 08300103#0100
CAN-RX can0 02000000#0000
CAN-RX can0 00E#6E4621DF00000000
CAN-RX can0 02000000#0000
CAN-RX can0 08300103#0400
CAN-RX can0 02000000#0000
CAN-RX can0 02000000#0000
CAN-RX can0 03C30F0F#87878787878787
CAN-RX can0 140C0201#0000
CAN-RX can0 02000000#0000
CAN-RX can0 08300103#0200
CAN-RX can0 02000000#0000
CAN-RX can0 00E#6E4621DF00000000
CAN-RX can0 02000000#0000
CAN-RX can0 08300103#0A00
CAN-RX can0 02000000#0000
CAN-RX can0 02000000#0000
CAN-RX can0 02000000#0000
CAN-RX can0 08300103#0000
CAN-RX can0 02000000#0000
CAN-RX can0 0C140200#C0
CAN-RX can0 00E#6E4621DF00000000
CAN-RX can0 02000000#0000
CAN-RX can0 08300103#0E00
CAN-RX can0 02000000#0000
CAN-RX can0 02000000#0000
CAN-RX can0 03C30F0F#87878787878787
CAN-RX can0 02000000#0000
CAN-RX can0 14300200#0000
CAN-RX can0 02000000#0000
CAN-RX can0 00E#6E4621DF00000000
CAN-RX can0 02000000#0000
CAN-RX can0 02000000#0000
CAN-RX can0 02000000#0000
CAN-RX can0 02000000#0000
CAN-RX can0 02000000#0000
CAN-RX can0 0C140200#C1
CAN-RX can0 00E#6E4621DF00000000
CAN-RX can0 02000000#0000
CAN-RX can0 08300103#FAFF
CAN-RX can0 02000000#0000
CAN-RX can0 02000000#0000
CAN-RX can0 03C30F0F#87878787878787
CAN-RX can0 08300103#0700
CAN-RX can0 02000000#0000
CAN-RX can0 02000000#0000
CAN-RX can0 1C300204#9AE505009AE50500
CAN-RX can0 00E#6E4621DF00000000
CAN-RX can0 02000000#0000
CAN-RX can0 08300103#F5FF
CAN-RX can0 02000000#0000
CAN-RX can0 02000000#0000
CAN-RX can0 140C0201#0000
CAN-RX can0 08300103#0300
CAN-RX can0 02000000#0000
CAN-RX can0 02000000#0000
CAN-RX can0 00E#6E4621DF00000000
CAN-RX can0 02000000#0000
CAN-RX can0 08300103#0D00
CAN-RX can0 02000000#0000
CAN-RX can0 02000000#0000
CAN-RX can0 03C30F0F#87878787878787
CAN-RX can0 08300103#FCFF
CAN-RX can0 02000000#0000
CAN-RX can0 02000000#0000
CAN-RX can0 00E#6E4621DF00000000
CAN-RX can0 02000000#0000
CAN-RX can0 08300103#0900
CAN-RX can0 02000000#0000
CAN-RX can0 02000000#0000
CAN-RX can0 08300103#FDFF
CAN-RX can0 02000000#0000
CAN-RX can0 14300200#0000
CAN-RX can0 02000000#0000
CAN-RX can0 00E#6E4621DF00000000
CAN-RX can0 02000000#0000
CAN-RX can0 08300103#F0FF
CAN-RX can0 02000000#0000
CAN-RX can0 02000000#0000
CAN-RX can0 03C30F0F#87878787878787
CAN-RX can0 1C0C0200#1E
CAN-RX can0 08300103#F8FF
CAN-RX can0 02000000#0000
CAN-RX can0 02000000#0000
CAN-RX can0 00E#6E4621DF00000000
CAN-RX can0 02000000#0000
CAN-RX can0 08300103#0000
CAN-RX can0 1C2C0000#2D2700A90A1A
CAN-RX can0 02000000#0000
CAN-RX can0 02000000#0000
CAN-RX can0 08300103#FFFF
CAN-RX can0 02000000#0000
CAN-RX can0 02000000#0000
CAN-RX can0 00E#6E4621DF00000000
CAN-RX can0 02000000#0000
CAN-RX can0 08300103#F5FF
CAN-RX can0 02000000#0000
CAN-RX can0 02000000#0000
CAN-RX can0 03C30F0F#87878787878787
CAN-RX can0 140C0201#0000
CAN-RX can0 08300103#0100
CAN-RX can0 02000000#0000
CAN-RX can0 02000000#0000
CAN-RX can0 00E#6E4621DF00000000
CAN-RX can0 02000000#0000
CAN-RX can0 08300103#0100
CAN-RX can0 02000000#0000
CAN-RX can0 02000000#0000
CAN-RX can0 08300103#FEFF
CAN-RX can0 02000000#0000
CAN-RX can0 02000000#0000
CAN-RX can0 00E#6E4621DF00000000
CAN-RX can0 02000000#0000
CAN-RX can0 08300103#F7FF
CAN-RX can0 02000000#0000
CAN-RX can0 02000000#0000
CAN-RX can0 03C30F0F#87878787878787
CAN-RX can0 08300103#0800
CAN-RX can0 02000000#0000
CAN-RX can0 14300200#0000
CAN-RX can0 02000000#0000
CAN-RX can0 00E#6E4621DF00000000
CAN-RX can0 02000000#0000
CAN-RX can0 08300103#0300
CAN-RX can0 02000000#0000
CAN-RX can0 02000000#0000
CAN-RX can0 08300103#F9FF
CAN-RX can0 02000000#0000
CAN-RX can0 02000000#0000
CAN-RX can0 00E#6E4621DF00000000
CAN-RX can0 02000000#0000
CAN-RX can0 08300103#F2FF
CAN-RX can0 02000000#0000
CAN-RX can0 02000000#0000
CAN-RX can0 03C30F0F#87878787878787
CAN-RX can0 08300103#0A00
CAN-RX can0 02000000#0000
CAN-RX can0 02000000#0000
CAN-RX can0 00E#6E4621DF00000000
CAN-RX can0 02000000#0000
CAN-RX can0 08300103#0B00
CAN-RX can0 02000000#0000
CAN-RX can0 02000000#0000
CAN-RX can0 140C0201#0000
CAN-RX can0 08300103#FDFF
CAN-RX can0 02000000#0000
CAN-RX can0 02000000#0000
CAN-RX can0 00E#6E4621DF00000000
CAN-RX can0 02000000#0000
CAN-RX can0 08300103#0A00
CAN-RX can0 02000000#0000
CAN-RX can0 02000000#0000
CAN-RX can0 03C30F0F#87878787878787
CAN-RX can0 08300103#0500
CAN-RX can0 02000000#0000
CAN-RX can0 02000000#0000
CAN-RX can0 00E#6E4621DF00000000
CAN-RX can0 02000000#0000
CAN-RX can0 08300103#F6FF
CAN-RX can0 02000000#0000
CAN-RX can0 02000000#0000
CAN-RX can0 08300103#FFFF
CAN-RX can0 02000000#0000
CAN-RX can0 14300200#0000
CAN-RX can0 02000000#0000
CAN-RX can0 00E#6E4621DF00000000
CAN-RX can0 02000000#0000
CAN-RX can0 08300103#F6FF
CAN-RX can0 02000000#0000
CAN-RX can0 02000000#0000
CAN-RX can0 03C30F0F#87878787878787
CAN-RX can0 08300103#0700
CAN-RX can0 02000000#0000
CAN-RX can0 02000000#0000
CAN-RX can0 00E#6E4621DF00000000
CAN-RX can0 02000000#0000
CAN-RX can0 08300103#0500
CAN-RX can0 02000000#0000
CAN-RX can0 0C140300#C2
CAN-RX can0 02000000#0000
CAN-RX can0 08300103#0D00
CAN-RX can0 02000000#0000
CAN-RX can0 02000000#0000
CAN-RX can0 00E#6E4621DF00000000
CAN-RX can0 02000000#0000
CAN-RX can0 08300103#0F00
CAN-RX can0 02000000#0000
CAN-RX can0 02000000#0000
CAN-RX can0 03C30F0F#87878787878787
CAN-RX can0 140C0201#0000
CAN-RX can0 08300103#0100
CAN-RX can0 02000000#0000
CAN-RX can0 02000000#0000
CAN-RX can0 00E#6E4621DF00000000
CAN-RX can0 02000000#0000
CAN-RX can0 08300103#0000
CAN-RX can0 02000000#0000
CAN-RX can0 02000000#0000
CAN-RX can0 08300103#F8FF
CAN-RX can0 02000000#0000
CAN-RX can0 02000000#0000
CAN-RX can0 0C140200#C0
CAN-RX can0 00E#6E4621DF00000000
CAN-RX can0 02000000#0000
CAN-RX can0 08300103#0700
CAN-RX can0 02000000#0000
CAN-RX can0 02000000#0000
CAN-RX can0 03C30F0F#87878787878787
CAN-RX can0 02000000#0000
CAN-RX can0 14300200#0000
CAN-RX can0 02000000#0000
CAN-RX can0 00E#6E4621DF00000000
CAN-RX can0 02000000#0000
CAN-RX can0 02000000#0000
CAN-RX can0 02000000#0000
CAN-RX can0 02000000#0000
CAN-RX can0 02000000#0000
CAN-RX can0 0C140200#C1
CAN-RX can0 00E#6E4621DF00000000
CAN-RX can0 02000000#0000
CAN-RX can0 08300103#F9FF
CAN-RX can0 02000000#0000
CAN-RX can0 02000000#0000
CAN-RX can0 03C30F0F#87878787878787
CAN-RX can0 08300103#0200
CAN-RX can0 02000000#0000
CAN-RX can0 02000000#0000
CAN-RX can0 00E#6E4621DF00000000
CAN-RX can0 02000000#0000
CAN-RX can0 08300103#0800
CAN-RX can0 1C300204#9AE505009AE50500
CAN-RX can0 02000000#0000
CAN-RX can0 02000000#0000
CAN-RX can0 140C0201#0000
CAN-RX can0 08300103#0400
CAN-RX can0 02000000#0000
CAN-RX can0 02000000#0000
CAN-RX can0 00E#6E4621DF00000000
CAN-RX can0 02000000#0000
CAN-RX can0 08300103#0C00
CAN-RX can0 02000000#0000
CAN-RX can0 02000000#0000
CAN-RX can0 03C30F0F#87878787878787
CAN-RX can0 08300103#0300
CAN-RX can0 02000000#0000
CAN-RX can0 02000000#0000
CAN-RX can0 00E#6E4621DF00000000
CAN-RX can0 02000000#0000
CAN-RX can0 08300103#0300
CAN-RX can0 02000000#0000
CAN-RX can0 02000000#0000
CAN-RX can0 08300103#1100
CAN-RX can0 02000000#0000
CAN-RX can0 14300200#0000
CAN-RX can0 02000000#0000
CAN-RX can0 00E#6E4621DF00000000
CAN-RX can0 02000000#0000
CAN-RX can0 08300103#FDFF
CAN-RX can0 02000000#0000
CAN-RX can0 02000000#0000
CAN-RX can0 03C30F0F#87878787878787
CAN-RX can0 1C0C0200#1E
CAN-RX can0 08300103#0F00
CAN-RX can0 02000000#0000
CAN-RX can0 02000000#0000
CAN-RX can0 00E#6E4621DF00000000
CAN-RX can0 02000000#0000
CAN-RX can0 08300103#1400
CAN-RX can0 1C2C0000#2E2700A90A1A
CAN-RX can0 02000000#0000
CAN-RX can0 02000000#0000
CAN-RX can0 08300103#0E00
CAN-RX can0 02000000#0000
CAN-RX can0 02000000#0000
CAN-RX can0 00E#6E4621DF00000000
CAN-RX can0 02000000#0000
CAN-RX can0 08300103#0000
CAN-RX can0 02000000#0000
CAN-RX can0 02000000#0000
CAN-RX can0 03C30F0F#87878787878787
CAN-RX can0 140C0201#0000
CAN-RX can0 08300103#0500
CAN-RX can0 02000000#0000
CAN-RX can0 02000000#0000
CAN-RX can0 00E#6E4621DF00000000
CAN-RX can0 02000000#0000
CAN-RX can0 08300103#FFFF
CAN-RX can0 02000000#0000
CAN-RX can0 02000000#0000
CAN-RX can0 08300103#FAFF
CAN-RX can0 02000000#0000
CAN-RX can0 02000000#0000
CAN-RX can0 00E#6E4621DF00000000
CAN-RX can0 02000000#0000
CAN-RX can0 08300103#0200
CAN-RX can0 02000000#0000
CAN-RX can0 02000000#0000
CAN-RX can0 03C30F0F#87878787878787
CAN-RX can0 08300103#0B00
CAN-RX can0 02000000#0000
CAN-RX can0 14300200#0000
CAN-RX can0 02000000#0000
CAN-RX can0 00E#6E4621DF00000000
CAN-RX can0 02000000#0000
CAN-RX can0 08300103#0200
CAN-RX can0 02000000#0000
CAN-RX can0 02000000#0000
CAN-RX can0 08300103#F9FF
CAN-RX can0 02000000#0000
CAN-RX can0 02000000#0000
CAN-RX can0 00E#6E4621DF00000000
CAN-RX can0 02000000#0000
CAN-RX can0 08300103#FFFF
CAN-RX can0 02000000#0000
CAN-RX can0 02000000#0000
CAN-RX can0 03C30F0F#87878787878787
CAN-RX can0 08300103#0C00
CAN-RX can0 02000000#0000
CAN-RX can0 02000000#0000
CAN-RX can0 00E#6E4621DF00000000
CAN-RX can0 02000000#0000
CAN-RX can0 08300103#FEFF
CAN-RX can0 02000000#0000
CAN-RX can0 02000000#0000
CAN-RX can0 140C0201#0000
CAN-RX can0 08300103#0A00
CAN-RX can0 02000000#0000
CAN-RX can0 02000000#0000
CAN-RX can0 00E#6E4621DF00000000
CAN-RX can0 02000000#0000
CAN-RX can0 08300103#0300
CAN-RX can0 02000000#0000
CAN-RX can0 02000000#0000
CAN-RX can0 03C30F0F#87878787878787
CAN-RX can0 08300103#0300
CAN-RX can0 02000000#0000
CAN-RX can0 02000000#0000
CAN-RX can0 00E#6E4621DF00000000
CAN-RX can0 02000000#0000
CAN-RX can0 08300103#0400
CAN-RX can0 02000000#0000
CAN-RX can0 02000000#0000
CAN-RX can0 08300103#0900
CAN-RX can0 02000000#0000
CAN-RX can0 14300200#0000
CAN-RX can0 02000000#0000
CAN-RX can0 00E#6E4621DF00000000
CAN-RX can0 02000000#0000
CAN-RX can0 08300103#0B00
CAN-RX can0 02000000#0000
CAN-RX can0 02000000#0000
CAN-RX can0 03C30F0F#87878787878787
CAN-RX can0 08300103#0000
CAN-RX can0 02000000#0000
CAN-RX can0 02000000#0000
CAN-RX can0 00E#6E4621DF00000000
CAN-RX can0 02000000#0000
CAN-RX can0 08300103#FEFF
CAN-RX can0 02000000#0000
CAN-RX can0 0C140300#C2
CAN-RX can0 02000000#0000
CAN-RX can0 08300103#0200
CAN-RX can0 02000000#0000
CAN-RX can0 02000000#0000
CAN-RX can0 00E#6E4621DF00000000
CAN-RX can0 02000000#0000
CAN-RX can0 08300103#0600
CAN-RX can0 02000000#0000
CAN-RX can0 02000000#0000
CAN-RX can0 03C30F0F#87878787878787
CAN-RX can0 140C0201#0000
CAN-RX can0 08300103#0500
CAN-RX can0 02000000#0000
CAN-RX can0 02000000#0000
CAN-RX can0 00E#6E4621DF00000000
CAN-RX can0 02000000#0000
CAN-RX can0 08300103#1000
CAN-RX can0 02000000#0000
CAN-RX can0 02000000#0000
CAN-RX can0 08300103#0600
CAN-RX can0 02000000#0000
CAN-RX can0 02000000#0000
CAN-RX can0 0C140200#C0
CAN-RX can0 00E#6E4621DF00000000
CAN-RX can0 02000000#0000
CAN-RX can0 08300103#FDFF
CAN-RX can0 02000000#0000
CAN-RX can0 02000000#0000
CAN-RX can0 03C30F0F#87878787878787
CAN-RX can0 02000000#0000
CAN-RX can0 14300200#0000
CAN-RX can0 02000000#0000
CAN-RX can0 00E#6E4621DF00000000
CAN-RX can0 02000000#0000
CAN-RX can0 02000000#0000
CAN-RX can0 02000000#0000
CAN-RX can0 02000000#0000
CAN-RX can0 02000000#0000
CAN-RX can0 0C140200#C1
CAN-RX can0 00E#6E4621DF00000000
CAN-RX can0 08300103#0200
CAN-RX can0 02000000#0000
CAN-RX can0 02000000#0000
CAN-RX can0 02000000#0000
CAN-RX can0 03C30F0F#87878787878787
CAN-RX can0 08300103#0500
CAN-RX can0 02000000#0000
CAN-RX can0 02000000#0000
CAN-RX can0 00E#6E4621DF00000000
CAN-RX can0 08300103#0900
CAN-RX can0 02000000#0000
CAN-RX can0 02000000#0000
CAN-RX can0 1C300204#9AE505009AE50500
CAN-RX can0 02000000#0000
CAN-RX can0 140C0201#0000
CAN-RX can0 08300103#FBFF
CAN-RX can0 02000000#0000
CAN-RX can0 02000000#0000
CAN-RX can0 00E#6E4621DF00000000
CAN-RX can0 08300103#0100
CAN-RX can0 02000000#0000
CAN-RX can0 02000000#0000
CAN-RX can0 02000000#0000
CAN-RX can0 03C30F0F#87878787878787
CAN-RX can0 08300103#F7FF
CAN-RX can0 02000000#0000
CAN-RX can0 02000000#0000
CAN-RX can0 00E#6E4621DF00000000
CAN-RX can0 08300103#0F00
CAN-RX can0 02000000#0000
CAN-RX can0 02000000#0000
CAN-RX can0 02000000#0000
CAN-RX can0 08300103#0A00
CAN-RX can0 02000000#0000
CAN-RX can0 14300200#0000
CAN-RX can0 02000000#0000
CAN-RX can0 00E#6E4621DF00000000
CAN-RX can0 08300103#0700
CAN-RX can0 02000000#0000
CAN-RX can0 02000000#0000
CAN-RX can0 02000000#0000
CAN-RX can0 03C30F0F#87878787878787
CAN-RX can0 1C0C0200#1E
CAN-RX can0 08300103#1500
CAN-RX can0 02000000#0000
CAN-RX can0 02000000#0000
CAN-RX can0 00E#6E4621DF00000000
CAN-RX can0 08300103#1100
CAN-RX can0 02000000#0000
CAN-RX can0 1C2C0000#2F2700A90A1A
CAN-RX can0 02000000#0000
CAN-RX can0 02000000#0000
CAN-RX can0 08300103#0000
CAN-RX can0 02000000#0000
CAN-RX can0 02000000#0000
CAN-RX can0 00E#6E4621DF00000000
CAN-RX can0 08300103#0700
CAN-RX can0 02000000#0000
CAN-RX can0 02000000#0000
CAN-RX can0 02000000#0000
CAN-RX can0 03C30F0F#87878787878787
CAN-RX can0 140C0201#0000
CAN-RX can0 08300103#F5FF
CAN-RX can0 02000000#0000
CAN-RX can0 02000000#0000
CAN-RX can0 00E#6E4621DF00000000
CAN-RX can0 08300103#0700
CAN-RX can0 02000000#0000
CAN-RX can0 02000000#0000
CAN-RX can0 02000000#0000
CAN-RX can0 08300103#FDFF
CAN-RX can0 02000000#0000
CAN-RX can0 02000000#0000
CAN-RX can0 00E#6E4621DF00000000
CAN-RX can0 08300103#F3FF
CAN-RX can0 02000000#0000
CAN-RX can0 02000000#0000
CAN-RX can0 02000000#0000
CAN-RX can0 03C30F0F#87878787878787
CAN-RX can0 08300103#FEFF
CAN-RX can0 02000000#0000
CAN-RX can0 14300200#0000
CAN-RX can0 02000000#0000
CAN-RX can0 00E#6E4621DF00000000
CAN-RX can0 08300103#1000
CAN-RX can0 02000000#0000
CAN-RX can0 02000000#0000
CAN-RX can0 02000000#0000
CAN-RX can0 08300103#F5FF
CAN-RX can0 02000000#0000
CAN-RX can0 02000000#0000
CAN-RX can0 00E#6E4621DF00000000
CAN-RX can0 08300103#FFFF
CAN-RX can0 02000000#0000
CAN-RX can0 02000000#0000
CAN-RX can0 02000000#0000
CAN-RX can0 03C30F0F#87878787878787
CAN-RX can0 08300103#FBFF
CAN-RX can0 02000000#0000
CAN-RX can0 02000000#0000
CAN-RX can0 00E#6E4621DF00000000
CAN-RX can0 08300103#FDFF
CAN-RX can0 02000000#0000
CAN-RX can0 02000000#0000
CAN-RX can0 02000000#0000
CAN-RX can0 140C0201#0000
CAN-RX can0 08300103#0300
CAN-RX can0 02000000#0000
CAN-RX can0 02000000#0000
CAN-RX can0 00E#6E4621DF00000000
CAN-RX can0 08300103#0C00
CAN-RX can0 02000000#0000
CAN-RX can0 02000000#0000
CAN-RX can0 02000000#0000
CAN-RX can0 03C30F0F#87878787878787
CAN-RX can0 08300103#0600
CAN-RX can0 02000000#0000
CAN-RX can0 02000000#0000
CAN-RX can0 00E#6E4621DF00000000
CAN-RX can0 08300103#0400
CAN-RX can0 02000000#0000
CAN-RX can0 02000000#0000
CAN-RX can0 02000000#0000
CAN-RX can0 08300103#1000
CAN-RX can0 02000000#0000
CAN-RX can0 14300200#0000
CAN-RX can0 02000000#0000
CAN-RX can0 00E#6E4621DF00000000
CAN-RX can0 08300103#FDFF
CAN-RX can0 02000000#0000
CAN-RX can0 02000000#0000
CAN-RX can0 02000000#0000
CAN-RX can0 03C30F0F#87878787878787
CAN-RX can0 08300103#F5FF
CAN-RX can0 02000000#0000
CAN-RX can0 02000000#0000
CAN-RX can0 00E#6E4621DF00000000
CAN-RX can0 08300103#0300
CAN-RX can0 02000000#0000
CAN-RX can0 02000000#0000
CAN-RX can0 0C140300#C2
CAN-RX can0 02000000#0000
CAN-RX can0 08300103#0700
CAN-RX can0 02000000#0000
CAN-RX can0 02000000#0000
CAN-RX can0 00E#6E4621DF00000000
CAN-RX can0 08300103#FFFF
CAN-RX can0 02000000#0000
CAN-RX can0 02000000#0000
CAN-RX can0 02000000#0000
CAN-RX can0 03C30F0F#87878787878787
CAN-RX can0 08300103#F9FF
CAN-RX can0 140C0201#0000
CAN-RX can0 02000000#0000
CAN-RX can0 02000000#0000
CAN-RX can0 00E#6E4621DF00000000
CAN-RX can0 08300103#0800
CAN-RX can0 02000000#0000
CAN-RX can0 02000000#0000
CAN-RX can0 02000000#0000
CAN-RX can0 08300103#0200
CAN-RX can0 02000000#0000
CAN-RX can0 02000000#0000
CAN-RX can0 0C140200#C0
CAN-RX can0 00E#6E4621DF00000000
CAN-RX can0 08300103#0000
CAN-RX can0 02000000#0000
CAN-RX can0 02000000#0000
CAN-RX can0 02000000#0000
CAN-RX can0 03C30F0F#87878787878787
CAN-RX can0 02000000#0000
CAN-RX can0 14300200#0000
CAN-RX can0 02000000#0000
CAN-RX can0 00E#6E4621DF00000000
CAN-RX can0 02000000#0000
CAN-RX can0 02000000#0000
CAN-RX can0 02000000#0000
CAN-RX can0 02000000#0000
CAN-RX can0 02000000#0000
CAN-RX can0 0C140200#C1
CAN-RX can0 00E#6E4621DF00000000
CAN-RX can0 08300103#F8FF
CAN-RX can0 02000000#0000
CAN-RX can0 02000000#0000
CAN-RX can0 02000000#0000
CAN-RX can0 03C30F0F#87878787878787
CAN-RX can0 08300103#0400
CAN-RX can0 02000000#0000
CAN-RX can0 02000000#0000
CAN-RX can0 00E#6E4621DF00000000
CAN-RX can0 08300103#0500
CAN-RX can0 02000000#0000
CAN-RX can0 02000000#0000
CAN-RX can0 02000000#0000
CAN-RX can0 08300103#0900
CAN-RX can0 140C0201#0000
CAN-RX can0 1C300204#9AE505009AE50500
CAN-RX can0 02000000#0000
CAN-RX can0 02000000#0000
CAN-RX can0 00E#6E4621DF00000000
CAN-RX can0 08300103#1C00
CAN-RX can0 02000000#0000
CAN-RX can0 02000000#0000
CAN-RX can0 02000000#0000
CAN-RX can0 03C30F0F#87878787878787
CAN-RX can0 08300103#0400
CAN-RX can0 02000000#0000
CAN-RX can0 02000000#0000
CAN-RX can0 00E#6E4621DF00000000
CAN-RX can0 08300103#0300
CAN-RX can0 02000000#0000
CAN-RX can0 02000000#0000
CAN-RX can0 02000000#0000
CAN-RX can0 08300103#FBFF
CAN-RX can0 02000000#0000
CAN-RX can0 14300200#0000
CAN-RX can0 02000000#0000
CAN-RX can0 00E#6E4621DF00000000
CAN-RX can0 08300103#1500
CAN-RX can0 02000000#0000
CAN-RX can0 02000000#0000
CAN-RX can0 02000000#0000
CAN-RX can0 03C30F0F#87878787878787
CAN-RX can0 08300103#0B00
CAN-RX can0 1C0C0200#1E
CAN-RX can0 02000000#0000
CAN-RX can0 02000000#0000
CAN-RX can0 00E#6E4621DF00000000
CAN-RX can0 08300103#FAFF
CAN-RX can0 02000000#0000
CAN-RX can0 1C2C0000#302700A90A1A
CAN-RX can0 02000000#0000
CAN-RX can0 02000000#0000
CAN-RX can0 08300103#0000
CAN-RX can0 02000000#0000
CAN-RX can0 02000000#0000
CAN-RX can0 00E#6E4621DF00000000
CAN-RX can0 08300103#0300
CAN-RX can0 02000000#0000
CAN-RX can0 02000000#0000
CAN-RX can0 02000000#0000
CAN-RX can0 03C30F0F#87878787878787
CAN-RX can0 08300103#0200
CAN-RX can0 140C0201#0000
CAN-RX can0 02000000#0000
CAN-RX can0 02000000#0000
CAN-RX can0 00E#6E4621DF00000000
CAN-RX can0 08300103#0800
CAN-RX can0 02000000#0000
CAN-RX can0 02000000#0000
CAN-RX can0 02000000#0000
CAN-RX can0 08300103#0800
CAN-RX can0 02000000#0000
CAN-RX can0 02000000#0000
CAN-RX can0 00E#6E4621DF00000000
CAN-RX can0 08300103#0300
CAN-RX can0 02000000#0000
CAN-RX can0 02000000#0000
CAN-RX can0 02000000#0000
CAN-RX can0 03C30F0F#87878787878787
CAN-RX can0 08300103#0E00
CAN-RX can0 02000000#0000
CAN-RX can0 14300200#0000
CAN-RX can0 02000000#0000
CAN-RX can0 00E#6E4621DF00000000
CAN-RX can0 08300103#1900
CAN-RX can0 02000000#0000
CAN-RX can0 02000000#0000
CAN-RX can0 02000000#0000
CAN-RX can0 08300103#F9FF
CAN-RX can0 02000000#0000
CAN-RX can0 02000000#0000
CAN-RX can0 00E#6E4621DF00000000
CAN-RX can0 08300103#0B00
CAN-RX can0 02000000#0000
CAN-RX can0 02000000#0000
CAN-RX can0 02000000#0000
CAN-RX can0 03C30F0F#87878787878787
CAN-RX can0 08300103#0500
CAN-RX can0 02000000#0000
CAN-RX can0 02000000#0000
CAN-RX can0 00E#6E4621DF00000000
CAN-RX can0 08300103#F9FF
CAN-RX can0 02000000#0000
CAN-RX can0 02000000#0000
CAN-RX can0 02000000#0000
CAN-RX can0 08300103#0E00
CAN-RX can0 140C0201#0000
CAN-RX can0 02000000#0000
CAN-RX can0 02000000#0000
CAN-RX can0 00E#6E4621DF00000000
CAN-RX can0 08300103#0300
CAN-RX can0 02000000#0000
CAN-RX can0 02000000#0000
CAN-RX can0 02000000#0000
CAN-RX can0 03C30F0F#87878787878787
CAN-RX can0 08300103#0C00
CAN-RX can0 02000000#0000
CAN-RX can0 02000000#0000
CAN-RX can0 00E#6E4621DF00000000
CAN-RX can0 08300103#0500
CAN-RX can0 02000000#0000
CAN-RX can0 02000000#0000
CAN-RX can0 02000000#0000
CAN-RX can0 08300103#0E00
CAN-RX can0 02000000#0000
CAN-RX can0 14300200#0000
CAN-RX can0 02000000#0000
CAN-RX can0 00E#6E4621DF00000000
CAN-RX can0 08300103#FBFF
CAN-RX can0 02000000#0000
CAN-RX can0 02000000#0000
CAN-RX can0 02000000#0000
CAN-RX can0 03C30F0F#87878787878787
CAN-RX can0 08300103#0600
CAN-RX can0 02000000#0000
CAN-RX can0 02000000#0000
CAN-RX can0 00E#6E4621DF00000000
CAN-RX can0 08300103#0900
CAN-RX can0 02000000#0000
CAN-RX can0 02000000#0000
CAN-RX can0 0C140300#C2
CAN-RX can0 02000000#0000
CAN-RX can0 08300103#0C00
CAN-RX can0 02000000#0000
CAN-RX can0 02000000#0000
CAN-RX can0 00E#6E4621DF00000000
CAN-RX can0 08300103#0200
CAN-RX can0 02000000#0000
CAN-RX can0 02000000#0000
CAN-RX can0 02000000#0000
CAN-RX can0 03C30F0F#87878787878787
CAN-RX can0 08300103#0000
CAN-RX can0 140C0201#0000
CAN-RX can0 02000000#0000
CAN-RX can0 02000000#0000
CAN-RX can0 00E#6E4621DF00000000
CAN-RX can0 08300103#0200
CAN-RX can0 02000000#0000
CAN-RX can0 02000000#0000
CAN-RX can0 02000000#0000
CAN-RX can0 08300103#0500
CAN-RX can0 02000000#0000
CAN-RX can0 02000000#0000
CAN-RX can0 0C140200#C0
CAN-RX can0 00E#6E4621DF00000000
CAN-RX can0 08300103#0600
CAN-RX can0 02000000#0000
CAN-RX can0 02000000#0000
CAN-RX can0 02000000#0000
CAN-RX can0 03C30F0F#87878787878787
CAN-RX can0 02000000#0000
CAN-RX can0 14300200#0000
CAN-RX can0 02000000#0000
CAN-RX can0 00E#6E4621DF00000000
CAN-RX can0 02000000#0000
CAN-RX can0 02000000#0000
CAN-RX can0 02000000#0000
CAN-RX can0 02000000#0000
CAN-RX can0 02000000#0000
CAN-RX can0 0C140200#C1
CAN-RX can0 00E#6E4621DF00000000
CAN-RX can0 08300103#0900
CAN-RX can0 02000000#0000
CAN-RX can0 02000000#0000
CAN-RX can0 08300103#1900
CAN-RX can0 02000000#0000
CAN-RX can0 03C30F0F#87878787878787
CAN-RX can0 02000000#0000
CAN-RX can0 02000000#0000
CAN-RX can0 00E#6E4621DF00000000
CAN-RX can0 08300103#0300
CAN-RX can0 02000000#0000
CAN-RX can0 02000000#0000
CAN-RX can0 08300103#0800
CAN-RX can0 02000000#0000
CAN-RX can0 140C0201#0000
CAN-RX can0 02000000#0000
CAN-RX can0 1C300204#9AE505009AE50500
CAN-RX can0 02000000#0000
CAN-RX can0 00E#6E4621DF00000000
CAN-RX can0 08300103#FBFF
CAN-RX can0 02000000#0000
CAN-RX can0 02000000#0000
CAN-RX can0 08300103#0000
CAN-RX can0 02000000#0000
CAN-RX can0 03C30F0F#87878787878787
CAN-RX can0 02000000#0000
CAN-RX can0 02000000#0000
CAN-RX can0 00E#6E4621DF00000000
CAN-RX can0 08300103#0700
CAN-RX can0 02000000#0000
CAN-RX can0 02000000#0000
CAN-RX can0 08300103#FBFF
CAN-RX can0 02000000#0000
CAN-RX can0 02000000#0000
CAN-RX can0 14300200#0000
CAN-RX can0 02000000#0000
CAN-RX can0 00E#6E4621DF00000000
CAN-RX can0 08300103#FBFF
CAN-RX can0 02000000#0000
CAN-RX can0 02000000#0000
CAN-RX can0 08300103#0500
CAN-RX can0 02000000#0000
CAN-RX can0 03C30F0F#87878787878787
CAN-RX can0 1C0C0200#1E
CAN-RX can0 02000000#0000
CAN-RX can0 02000000#0000
CAN-RX can0 00E#6E4621DF00000000
CAN-RX can0 08300103#0100
CAN-RX can0 02000000#0000
CAN-RX can0 1C2C0000#312700A90A1A
CAN-RX can0 02000000#0000
CAN-RX can0 08300103#0700
CAN-RX can0 02000000#0000
CAN-RX can0 02000000#0000
CAN-RX can0 02000000#0000
CAN-RX can0 00E#6E4621DF00000000
CAN-RX can0 08300103#0C00
CAN-RX can0 02000000#0000
CAN-RX can0 02000000#0000
CAN-RX can0 08300103#0100
CAN-RX can0 02000000#0000
CAN-RX can0 03C30F0F#87878787878787
CAN-RX can0 140C0201#0000
CAN-RX can0 02000000#0000
CAN-RX can0 02000000#0000
CAN-RX can0 00E#6E4621DF00000000
CAN-RX can0 08300103#0500
CAN-RX can0 02000000#0000
CAN-RX can0 02000000#0000
CAN-RX can0 08300103#FCFF
CAN-RX can0 02000000#0000
CAN-RX can0 02000000#0000
CAN-RX can0 02000000#0000
CAN-RX can0 08300103#0C00
CAN-RX can0 00E#6E4621DF00000000
CAN-RX can0 02000000#0000
CAN-RX can0 02000000#0000
CAN-RX can0 08300103#FFFF
CAN-RX can0 02000000#0000
CAN-RX can0 03C30F0F#87878787878787
CAN-RX can0 02000000#0000
CAN-RX can0 14300200#0000
CAN-RX can0 02000000#0000
CAN-RX can0 08300103#FFFF
CAN-RX can0 00E#6E4621DF00000000
CAN-RX can0 02000000#0000
CAN-RX can0 02000000#0000
CAN-RX can0 08300103#0100
CAN-RX can0 02000000#0000
CAN-RX can0 02000000#0000
CAN-RX can0 02000000#0000
CAN-RX can0 08300103#0700
CAN-RX can0 00E#6E4621DF00000000
CAN-RX can0 02000000#0000
CAN-RX can0 02000000#0000
CAN-RX can0 08300103#0500
CAN-RX can0 02000000#0000
CAN-RX can0 03C30F0F#87878787878787
CAN-RX can0 02000000#0000
CAN-RX can0 02000000#0000
CAN-RX can0 08300103#0F00
CAN-RX can0 00E#6E4621DF00000000
CAN-RX can0 02000000#0000
CAN-RX can0 02000000#0000
CAN-RX can0 08300103#0400
CAN-RX can0 02000000#0000
CAN-RX can0 140C0201#0000
CAN-RX can0 02000000#0000
CAN-RX can0 02000000#0000
CAN-RX can0 08300103#FFFF
CAN-RX can0 00E#6E4621DF00000000
CAN-RX can0 02000000#0000
CAN-RX can0 02000000#0000
CAN-RX can0 08300103#0800
CAN-RX can0 02000000#0000
CAN-RX can0 03C30F0F#87878787878787
CAN-RX can0 02000000#0000
CAN-RX can0 02000000#0000
CAN-RX can0 08300103#0600
CAN-RX can0 00E#6E4621DF00000000
CAN-RX can0 02000000#0000
CAN-RX can0 02000000#0000
CAN-RX can0 08300103#F7FF
CAN-RX can0 02000000#0000
CAN-RX can0 02000000#0000
CAN-RX can0 14300200#0000
CAN-RX can0 02000000#0000
CAN-RX can0 08300103#0000
CAN-RX can0 00E#6E4621DF00000000
CAN-RX can0 02000000#0000
CAN-RX can0 02000000#0000
CAN-RX can0 08300103#0800
CAN-RX can0 02000000#0000
CAN-RX can0 03C30F0F#87878787878787
CAN-RX can0 02000000#0000
CAN-RX can0 02000000#0000
CAN-RX can0 08300103#FDFF
CAN-RX can0 00E#6E4621DF00000000
CAN-RX can0 02000000#0000
CAN-RX can0 02000000#0000
CAN-RX can0 0C140300#C2
CAN-RX can0 08300103#0000
CAN-RX can0 02000000#0000
CAN-RX can0 02000000#0000
CAN-RX can0 02000000#0000
CAN-RX can0 08300103#FFFF
CAN-RX can0 00E#6E4621DF00000000
CAN-RX can0 02000000#0000
CAN-RX can0 02000000#0000
CAN-RX can0 08300103#F5FF
CAN-RX can0 02000000#0000
CAN-RX can0 03C30F0F#87878787878787
CAN-RX can0 140C0201#0000
CAN-RX can0 02000000#0000
CAN-RX can0 02000000#0000
CAN-RX can0 08300103#0000
CAN-RX can0 00E#6E4621DF00000000
CAN-RX can0 02000000#0000
CAN-RX can0 02000000#0000
CAN-RX can0 08300103#0300
CAN-RX can0 02000000#0000
CAN-RX can0 02000000#0000
CAN-RX can0 02000000#0000
CAN-RX can0 08300103#0000
CAN-RX can0 0C140200#C0
CAN-RX can0 00E#6E4621DF00000000
CAN-RX can0 02000000#0000
CAN-RX can0 02000000#0000
CAN-RX can0 02000000#0000
CAN-RX can0 03C30F0F#87878787878787
CAN-RX can0 02000000#0000
CAN-RX can0 14300200#0000
CAN-RX can0 02000000#0000
CAN-RX can0 00E#6E4621DF00000000
CAN-RX can0 02000000#0000
CAN-RX can0 02000000#0000
CAN-RX can0 02000000#0000
CAN-RX can0 02000000#0000
CAN-RX can0 02000000#0000
CAN-RX can0 08300103#F3FF
CAN-RX can0 0C140200#C1
CAN-RX can0 00E#6E4621DF00000000
CAN-RX can0 02000000#0000
CAN-RX can0 02000000#0000
CAN-RX can0 08300103#FDFF
CAN-RX can0 02000000#0000
CAN-RX can0 03C30F0F#87878787878787
CAN-RX can0 02000000#0000
CAN-RX can0 02000000#0000
CAN-RX can0 08300103#0200
CAN-RX can0 00E#6E4621DF00000000
CAN-RX can0 02000000#0000
CAN-RX can0 02000000#0000
CAN-RX can0 08300103#FEFF
CAN-RX can0 02000000#0000
CAN-RX can0 140C0201#0000
CAN-RX can0 02000000#0000
CAN-RX can0 02000000#0000
CAN-RX can0 08300103#0E00
CAN-RX can0 1C300204#9AE505009AE50500
CAN-RX can0 00E#6E4621DF00000000
CAN-RX can0 02000000#0000
CAN-RX can0 02000000#0000
CAN-RX can0 08300103#0600
CAN-RX can0 02000000#0000
CAN-RX can0 03C30F0F#87878787878787
CAN-RX can0 02000000#0000
CAN-RX can0 02000000#0000
CAN-RX can0 08300103#F4FF
CAN-RX can0 00E#6E4621DF00000000
CAN-RX can0 02000000#0000
CAN-RX can0 02000000#0000
CAN-RX can0 08300103#0200
CAN-RX can0 02000000#0000
CAN-RX can0 02000000#0000
CAN-RX can0 14300200#0000
CAN-RX can0 02000000#0000
CAN-RX can0 08300103#0200
CAN-RX can0 00E#6E4621DF00000000
CAN-RX can0 02000000#0000
CAN-RX can0 02000000#0000
CAN-RX can0 08300103#0300
CAN-RX can0 02000000#0000
CAN-RX can0 03C30F0F#87878787878787
CAN-RX can0 1C0C0200#1E
CAN-RX can0 02000000#0000
CAN-RX can0 02000000#0000
CAN-RX can0 08300103#0900
CAN-RX can0 00E#6E4621DF00000000
CAN-RX can0 02000000#0000
CAN-RX can0 1C2C0000#322700A90A1A
CAN-RX can0 02000000#0000
CAN-RX can0 08300103#FAFF
CAN-RX can0 02000000#0000
CAN-RX can0 02000000#0000
CAN-RX can0 02000000#0000
CAN-RX can0 08300103#0F00
CAN-RX can0 00E#6E4621DF00000000
CAN-RX can0 02000000#0000
CAN-RX can0 02000000#0000
CAN-RX can0 08300103#FCFF
CAN-RX can0 02000000#0000
CAN-RX can0 03C30F0F#87878787878787
CAN-RX can0 140C0201#0000
CAN-RX can0 02000000#0000
CAN-RX can0 02000000#0000
CAN-RX can0 08300103#1300
CAN-RX can0 00E#6E4621DF00000000
CAN-RX can0 02000000#0000
CAN-RX can0 02000000#0000
CAN-RX can0 08300103#1500
CAN-RX can0 02000000#0000
CAN-RX can0 02000000#0000
CAN-RX can0 02000000#0000
CAN-RX can0 08300103#0200
CAN-RX can0 00E#6E4621DF00000000
CAN-RX can0 02000000#0000
CAN-RX can0 02000000#0000
CAN-RX can0 08300103#0A00
CAN-RX can0 02000000#0000
CAN-RX can0 03C30F0F#87878787878787
CAN-RX can0 02000000#0000
CAN-RX can0 14300200#0000
CAN-RX can0 02000000#0000
CAN-RX can0 08300103#0000
CAN-RX can0 00E#6E4621DF00000000
CAN-RX can0 02000000#0000
CAN-RX can0 02000000#0000
CAN-RX can0 08300103#F0FF
CAN-RX can0 02000000#0000
CAN-RX can0 02000000#0000
CAN-RX can0 02000000#0000
CAN-RX can0 08300103#FDFF
CAN-RX can0 00E#6E4621DF00000000
CAN-RX can0 02000000#0000
CAN-RX can0 02000000#0000
CAN-RX can0 08300103#FDFF
CAN-RX can0 02000000#0000
CAN-RX can0 03C30F0F#87878787878787
CAN-RX can0 02000000#0000
CAN-RX can0 02000000#0000
CAN-RX can0 08300103#0100
CAN-RX can0 00E#6E4621DF00000000
CAN-RX can0 02000000#0000
CAN-RX can0 02000000#0000
CAN-RX can0 08300103#0400
CAN-RX can0 02000000#0000
CAN-RX can0 140C0201#0000
CAN-RX can0 02000000#0000
CAN-RX can0 02000000#0000
CAN-RX can0 08300103#0300
CAN-RX can0 00E#6E4621DF00000000
CAN-RX can0 02000000#0000
CAN-RX can0 02000000#0000
CAN-RX can0 08300103#0200
CAN-RX can0 02000000#0000
CAN-RX can0 03C30F0F#87878787878787
CAN-RX can0 02000000#0000
CAN-RX can0 02000000#0000
CAN-RX can0 08300103#0300
CAN-RX can0 00E#6E4621DF00000000
CAN-RX can0 02000000#0000
CAN-RX can0 02000000#0000
CAN-RX can0 08300103#F4FF
CAN-RX can0 02000000#0000
CAN-RX can0 02000000#0000
CAN-RX can0 14300200#0000
CAN-RX can0 02000000#0000
CAN-RX can0 08300103#0000
CAN-RX can0 00E#6E4621DF00000000
CAN-RX can0 02000000#0000
CAN-RX can0 02000000#0000
CAN-RX can0 08300103#0600
CAN-RX can0 02000000#0000
CAN-RX can0 03C30F0F#87878787878787
CAN-RX can0 02000000#0000
CAN-RX can0 02000000#0000
CAN-RX can0 08300103#0300
CAN-RX can0 00E#6E4621DF00000000
CAN-RX can0 02000000#0000
CAN-RX can0 02000000#0000
CAN-RX can0 0C140300#C2
CAN-RX can0 08300103#FBFF
CAN-RX can0 02000000#0000
CAN-RX can0 02000000#0000
CAN-RX can0 02000000#0000
CAN-RX can0 08300103#FBFF
CAN-RX can0 00E#6E4621DF00000000
CAN-RX can0 02000000#0000
CAN-RX can0 02000000#0000
CAN-RX can0 08300103#0300
CAN-RX can0 02000000#0000
CAN-RX can0 03C30F0F#87878787878787
CAN-RX can0 140C0201#0000
CAN-RX can0 02000000#0000
CAN-RX can0 02000000#0000
CAN-RX can0 08300103#0B00
CAN-RX can0 00E#6E4621DF00000000
CAN-RX can0 02000000#0000
CAN-RX can0 02000000#0000
CAN-RX can0 08300103#1400
CAN-RX can0 02000000#0000
CAN-RX can0 02000000#0000
CAN-RX can0 02000000#0000
CAN-RX can0 08300103#0500
CAN-RX can0 0C140200#C0
CAN-RX can0 00E#6E4621DF00000000
CAN-RX can0 02000000#0000
CAN-RX can0 02000000#0000
CAN-RX can0 02000000#0000
CAN-RX can0 03C30F0F#87878787878787
CAN-RX can0 02000000#0000
CAN-RX can0 14300200#0000
CAN-RX can0 02000000#0000
CAN-RX can0 00E#6E4621DF00000000
CAN-RX can0 02000000#0000
CAN-RX can0 02000000#0000
CAN-RX can0 02000000#0000
CAN-RX can0 02000000#0000
CAN-RX can0 08300103#0500
CAN-RX can0 02000000#0000
CAN-RX can0 0C140200#C1
CAN-RX can0 00E#6E4621DF00000000
CAN-RX can0 02000000#0000
CAN-RX can0 02000000#0000
CAN-RX can0 08300103#0A00
CAN-RX can0 02000000#0000
CAN-RX can0 03C30F0F#87878787878787
CAN-RX can0 02000000#0000
CAN-RX can0 08300103#0D00
CAN-RX can0 02000000#0000
CAN-RX can0 00E#6E4621DF00000000
CAN-RX can0 02000000#0000
CAN-RX can0 02000000#0000
CAN-RX can0 08300103#FDFF
CAN-RX can0 02000000#0000
CAN-RX can0 140C0201#0000
CAN-RX can0 02000000#0000
CAN-RX can0 08300103#FDFF
CAN-RX can0 02000000#0000
CAN-RX can0 00E#6E4621DF00000000
CAN-RX can0 02000000#0000
CAN-RX can0 1C300204#9AE505009AE50500
CAN-RX can0 02000000#0000
CAN-RX can0 08300103#0100
CAN-RX can0 02000000#0000
CAN-RX can0 03C30F0F#87878787878787
CAN-RX can0 02000000#0000
CAN-RX can0 08300103#FDFF
CAN-RX can0 02000000#0000
CAN-RX can0 00E#6E4621DF00000000
CAN-RX can0 02000000#0000
CAN-RX can0 02000000#0000
CAN-RX can0 08300103#FCFF
CAN-RX can0 02000000#0000
CAN-RX can0 02000000#0000
CAN-RX can0 14300200#0000
CAN-RX can0 08300103#0300
CAN-RX can0 02000000#0000
CAN-RX can0 00E#6E4621DF00000000
CAN-RX can0 02000000#0000
CAN-RX can0 02000000#0000
CAN-RX can0 08300103#1400
CAN-RX can0 02000000#0000
CAN-RX can0 03C30F0F#87878787878787
CAN-RX can0 1C0C0200#1E
CAN-RX can0 02000000#0000
CAN-RX can0 08300103#1600
CAN-RX can0 02000000#0000
CAN-RX can0 00E#6E4621DF00000000
CAN-RX can0 02000000#0000
CAN-RX can0 1C2C0000#332700A90A1A
CAN-RX can0 02000000#0000
CAN-RX can0 08300103#FDFF
CAN-RX can0 02000000#0000
CAN-RX can0 02000000#0000
CAN-RX can0 08300103#FFFF
CAN-RX can0 02000000#0000
CAN-RX can0 00E#6E4621DF00000000
CAN-RX can0 02000000#0000
CAN-RX can0 02000000#0000
CAN-RX can0 08300103#F6FF
CAN-RX can0 02000000#0000
CAN-RX can0 03C30F0F#87878787878787
CAN-RX can0 140C0201#0000
CAN-RX can0 02000000#0000
CAN-RX can0 08300103#FEFF
CAN-RX can0 02000000#0000
CAN-RX can0 00E#6E4621DF00000000
CAN-RX can0 02000000#0000
CAN-RX can0 02000000#0000
CAN-RX can0 08300103#F8FF
CAN-RX can0 02000000#0000
CAN-RX can0 02000000#0000
CAN-RX can0 08300103#0000
CAN-RX can0 02000000#0000
CAN-RX can0 00E#6E4621DF00000000
CAN-RX can0 02000000#0000
CAN-RX can0 02000000#0000
CAN-RX can0 08300103#FCFF
CAN-RX can0 02000000#0000
CAN-RX can0 03C30F0F#87878787878787
CAN-RX can0 02000000#0000
CAN-RX can0 14300200#0000
CAN-RX can0 08300103#F8FF
CAN-RX can0 02000000#0000
CAN-RX can0 00E#6E4621DF00000000
CAN-RX can0 02000000#0000
CAN-RX can0 02000000#0000
CAN-RX can0 08300103#0F00
CAN-RX can0 02000000#0000
CAN-RX can0 02000000#0000
CAN-RX can0 08300103#FBFF
CAN-RX can0 02000000#0000
CAN-RX can0 00E#6E4621DF00000000
CAN-RX can0 02000000#0000
CAN-RX can0 02000000#0000
CAN-RX can0 08300103#FEFF
CAN-RX can0 02000000#0000
CAN-RX can0 03C30F0F#87878787878787
CAN-RX can0 02000000#0000
CAN-RX can0 08300103#0400
CAN-RX can0 02000000#0000
CAN-RX can0 00E#6E4621DF00000000
CAN-RX can0 02000000#0000
CAN-RX can0 02000000#0000
CAN-RX can0 08300103#FCFF
CAN-RX can0 02000000#0000
CAN-RX can0 140C0201#0000
CAN-RX can0 02000000#0000
CAN-RX can0 08300103#0400
CAN-RX can0 02000000#0000
CAN-RX can0 00E#6E4621DF00000000
CAN-RX can0 02000000#0000
CAN-RX can0 02000000#0000
CAN-RX can0 08300103#0300
CAN-RX can0 02000000#0000
CAN-RX can0 03C30F0F#87878787878787
CAN-RX can0 02000000#0000
CAN-RX can0 08300103#0000
CAN-RX can0 02000000#0000
CAN-RX can0 00E#6E4621DF00000000
CAN-RX can0 02000000#0000
CAN-RX can0 02000000#0000
CAN-RX can0 08300103#EAFF
CAN-RX can0 02000000#0000
CAN-RX can0 02000000#0000
CAN-RX can0 14300200#0000
CAN-RX can0 08300103#0000
CAN-RX can0 02000000#0000
CAN-RX can0 00E#6E4621DF00000000
CAN-RX can0 02000000#0000
CAN-RX can0 02000000#0000
CAN-RX can0 08300103#0800
CAN-RX can0 02000000#0000
CAN-RX can0 03C30F0F#87878787878787
CAN-RX can0 02000000#0000
CAN-RX can0 08300103#F9FF
CAN-RX can0 02000000#0000
CAN-RX can0 00E#6E4621DF00000000
CAN-RX can0 02000000#0000
CAN-RX can0 02000000#0000
CAN-RX can0 08300103#0500
CAN-RX can0 0C140300#C2
CAN-RX can0 02000000#0000
CAN-RX can0 02000000#0000
CAN-RX can0 08300103#1100
CAN-RX can0 02000000#0000
CAN-RX can0 00E#6E4621DF00000000
CAN-RX can0 02000000#0000
CAN-RX can0 02000000#0000
CAN-RX can0 08300103#FCFF
CAN-RX can0 02000000#0000
CAN-RX can0 03C30F0F#87878787878787
CAN-RX can0 140C0201#0000
CAN-RX can0 02000000#0000
CAN-RX can0 08300103#0300
CAN-RX can0 02000000#0000
CAN-RX can0 00E#6E4621DF00000000
CAN-RX can0 02000000#0000
CAN-RX can0 02000000#0000
CAN-RX can0 08300103#0D00
CAN-RX can0 02000000#0000
CAN-RX can0 02000000#0000
CAN-RX can0 08300103#1400
CAN-RX can0 02000000#0000
CAN-RX can0 0C140200#C0
CAN-RX can0 00E#6E4621DF00000000
CAN-RX can0 02000000#0000
CAN-RX can0 02000000#0000
CAN-RX can0 02000000#0000
CAN-RX can0 03C30F0F#87878787878787
CAN-RX can0 02000000#0000
CAN-RX can0 14300200#0000
CAN-RX can0 02000000#0000
CAN-RX can0 00E#6E4621DF00000000
CAN-RX can0 02000000#0000
CAN-RX can0 02000000#0000
CAN-RX can0 02000000#0000
CAN-RX can0 02000000#0000
CAN-RX can0 08300103#F8FF
CAN-RX can0 02000000#0000
CAN-RX can0 0C140200#C1
CAN-RX can0 00E#6E4621DF00000000
CAN-RX can0 02000000#0000
CAN-RX can0 02000000#0000
CAN-RX can0 08300103#1700
CAN-RX can0 02000000#0000
CAN-RX can0 03C30F0F#87878787878787
CAN-RX can0 02000000#0000
CAN-RX can0 08300103#FDFF
CAN-RX can0 02000000#0000
CAN-RX can0 00E#6E4621DF00000000
CAN-RX can0 02000000#0000
CAN-RX can0 02000000#0000
CAN-RX can0 08300103#0700
CAN-RX can0 02000000#0000
CAN-RX can0 140C0201#0000
CAN-RX can0 02000000#0000
CAN-RX can0 08300103#0600
CAN-RX can0 02000000#0000
CAN-RX can0 00E#6E4621DF00000000
CAN-RX can0 02000000#0000
CAN-RX can0 02000000#0000
CAN-RX can0 08300103#F9FF
CAN-RX can0 1C300204#9AE505009AE50500
CAN-RX can0 02000000#0000
CAN-RX can0 03C30F0F#87878787878787
CAN-RX can0 02000000#0000
CAN-RX can0 08300103#FBFF
CAN-RX can0 02000000#0000
CAN-RX can0 00E#6E4621DF00000000
CAN-RX can0 02000000#0000
CAN-RX can0 02000000#0000
CAN-RX can0 08300103#0A00
CAN-RX can0 02000000#0000
CAN-RX can0 02000000#0000
CAN-RX can0 14300200#0000
CAN-RX can0 08300103#FCFF
CAN-RX can0 02000000#0000
CAN-RX can0 00E#6E4621DF00000000
CAN-RX can0 02000000#0000
CAN-RX can0 02000000#0000
CAN-RX can0 08300103#0A00
CAN-RX can0 02000000#0000
CAN-RX can0 03C30F0F#87878787878787
CAN-RX can0 1C0C0200#1E
CAN-RX can0 02000000#0000
CAN-RX can0 08300103#FEFF
CAN-RX can0 02000000#0000
CAN-RX can0 00E#6E4621DF00000000
CAN-RX can0 02000000#0000
CAN-RX can0 1C2C0000#342700A90A1A
CAN-RX can0 02000000#0000
CAN-RX can0 08300103#0900
CAN-RX can0 02000000#0000
CAN-RX can0 02000000#0000
CAN-RX can0 08300103#0B00
CAN-RX can0 02000000#0000
CAN-RX can0 00E#6E4621DF00000000
CAN-RX can0 02000000#0000
CAN-RX can0 02000000#0000
CAN-RX can0 08300103#0800
CAN-RX can0 02000000#0000
CAN-RX can0 03C30F0F#87878787878787
CAN-RX can0 140C0201#0000
CAN-RX can0 02000000#0000
CAN-RX can0 08300103#F8FF
CAN-RX can0 02000000#0000
CAN-RX can0 00E#6E4621DF00000000
CAN-RX can0 02000000#0000
CAN-RX can0 02000000#0000
CAN-RX can0 08300103#0B00
CAN-RX can0 02000000#0000
CAN-RX can0 02000000#0000
CAN-RX can0 08300103#0B00
CAN-RX can0 02000000#0000
CAN-RX can0 00E#6E4621DF00000000
CAN-RX can0 02000000#0000
CAN-RX can0 02000000#0000
CAN-RX can0 08300103#0200
CAN-RX can0 02000000#0000
CAN-RX can0 03C30F0F#87878787878787
CAN-RX can0 02000000#0000
CAN-RX can0 14300200#0000
CAN-RX can0 08300103#FCFF
CAN-RX can0 02000000#0000
CAN-RX can0 00E#6E4621DF00000000
CAN-RX can0 02000000#0000
CAN-RX can0 02000000#0000
CAN-RX can0 08300103#F8FF
CAN-RX can0 02000000#0000
CAN-RX can0 02000000#0000
CAN-RX can0 08300103#0F00
CAN-RX can0 02000000#0000
CAN-RX can0 00E#6E4621DF00000000
CAN-RX can0 02000000#0000
CAN-RX can0 02000000#0000
CAN-RX can0 08300103#0300
CAN-RX can0 02000000#0000
CAN-RX can0 03C30F0F#87878787878787
CAN-RX can0 02000000#0000
CAN-RX can0 08300103#0300
CAN-RX can0 02000000#0000
CAN-RX can0 00E#6E4621DF00000000
CAN-RX can0 02000000#0000
CAN-RX can0 02000000#0000
CAN-RX can0 08300103#FBFF
CAN-RX can0 02000000#0000
CAN-RX can0 140C0201#0000
CAN-RX can0 02000000#0000
CAN-RX can0 08300103#0400
CAN-RX can0 02000000#0000
CAN-RX can0 00E#6E4621DF00000000
CAN-RX can0 02000000#0000
CAN-RX can0 02000000#0000
CAN-RX can0 08300103#FFFF
CAN-RX can0 02000000#0000
CAN-RX can0 03C30F0F#87878787878787
CAN-RX can0 02000000#0000
CAN-RX can0 08300103#0700
CAN-RX can0 02000000#0000
CAN-RX can0 00E#6E4621DF00000000
CAN-RX can0 02000000#0000
CAN-RX can0 02000000#0000
CAN-RX can0 08300103#0A00
CAN-RX can0 02000000#0000
CAN-RX can0 02000000#0000
CAN-RX can0 14300200#0000
CAN-RX can0 08300103#F7FF
CAN-RX can0 02000000#0000
CAN-RX can0 00E#6E4621DF00000000
CAN-RX can0 02000000#0000
CAN-RX can0 02000000#0000
CAN-RX can0 08300103#F8FF
CAN-RX can0 02000000#0000
CAN-RX can0 03C30F0F#87878787878787
CAN-RX can0 02000000#0000
CAN-RX can0 08300103#F8FF
CAN-RX can0 02000000#0000
CAN-RX can0 00E#6E4621DF00000000
CAN-RX can0 02000000#0000
CAN-RX can0 02000000#0000
CAN-RX can0 08300103#0700
CAN-RX can0 0C140300#C2
CAN-RX can0 02000000#0000
CAN-RX can0 02000000#0000
CAN-RX can0 08300103#0000
CAN-RX can0 02000000#0000
CAN-RX can0 00E#6E4621DF00000000
CAN-RX can0 02000000#0000
CAN-RX can0 02000000#0000
CAN-RX can0 08300103#F9FF
CAN-RX can0 02000000#0000
CAN-RX can0 03C30F0F#87878787878787
CAN-RX can0 140C0201#0000
CAN-RX can0 02000000#0000
CAN-RX can0 08300103#1000
CAN-RX can0 02000000#0000
CAN-RX can0 00E#6E4621DF00000000
CAN-RX can0 02000000#0000
CAN-RX can0 02000000#0000
CAN-RX can0 08300103#FAFF
CAN-RX can0 02000000#0000
CAN-RX can0 02000000#0000
CAN-RX can0 08300103#0900
CAN-RX can0 02000000#0000
CAN-RX can0 0C140200#C0
CAN-RX can0 00E#6E4621DF00000000
CAN-RX can0 02000000#0000
CAN-RX can0 02000000#0000
CAN-RX can0 02000000#0000
CAN-RX can0 03C30F0F#87878787878787
CAN-RX can0 02000000#0000
CAN-RX can0 14300200#0000
CAN-RX can0 02000000#0000
CAN-RX can0 00E#6E4621DF00000000
CAN-RX can0 02000000#0000
CAN-RX can0 02000000#0000
CAN-RX can0 02000000#0000
CAN-RX can0 02000000#0000
CAN-RX can0 08300103#0700
CAN-RX can0 02000000#0000
CAN-RX can0 0C140200#C1
CAN-RX can0 00E#6E4621DF00000000
CAN-RX can0 02000000#0000
CAN-RX can0 02000000#0000
CAN-RX can0 08300103#F8FF
CAN-RX can0 02000000#0000
CAN-RX can0 03C30F0F#87878787878787
CAN-RX can0 02000000#0000
CAN-RX can0 08300103#0000
CAN-RX can0 02000000#0000
CAN-RX can0 00E#6E4621DF00000000
CAN-RX can0 02000000#0000
CAN-RX can0 08300103#0100
CAN-RX can0 02000000#0000
CAN-RX can0 02000000#0000
CAN-RX can0 140C0201#0000
CAN-RX can0 02000000#0000
CAN-RX can0 08300103#F3FF
CAN-RX can0 02000000#0000
CAN-RX can0 00E#6E4621DF00000000
CAN-RX can0 02000000#0000
CAN-RX can0 08300103#0000
CAN-RX can0 02000000#0000
CAN-RX can0 02000000#0000
CAN-RX can0 03C30F0F#87878787878787
CAN-RX can0 1C300204#9AE505009AE50500
CAN-RX can0 02000000#0000
CAN-RX can0 08300103#0C00
CAN-RX can0 02000000#0000
CAN-RX can0 00E#6E4621DF00000000
CAN-RX can0 02000000#0000
CAN-RX can0 08300103#0300
CAN-RX can0 02000000#0000
CAN-RX can0 02000000#0000
CAN-RX can0 02000000#0000
CAN-RX can0 14300200#0000
CAN-RX can0 08300103#0900
CAN-RX can0 02000000#0000
CAN-RX can0 00E#6E4621DF00000000
CAN-RX can0 02000000#0000
CAN-RX can0 08300103#0100
CAN-RX can0 02000000#0000
CAN-RX can0 02000000#0000
CAN-RX can0 03C30F0F#87878787878787
CAN-RX can0 1C0C0200#1E
CAN-RX can0 02000000#0000
CAN-RX can0 08300103#0100
CAN-RX can0 02000000#0000
CAN-RX can0 00E#6E4621DF00000000
CAN-RX can0 02000000#0000
CAN-RX can0 1C2C0000#352700A90A1A
CAN-RX can0 08300103#0500
CAN-RX can0 02000000#0000
CAN-RX can0 02000000#0000
CAN-RX can0 02000000#0000
CAN-RX can0 08300103#0400
CAN-RX can0 02000000#0000
CAN-RX can0 00E#6E4621DF00000000
CAN-RX can0 02000000#0000
CAN-RX can0 08300103#0300
CAN-RX can0 02000000#0000
CAN-RX can0 02000000#0000
CAN-RX can0 03C30F0F#87878787878787
CAN-RX can0 140C0201#0000
CAN-RX can0 02000000#0000
CAN-RX can0 08300103#0200
CAN-RX can0 02000000#0000
CAN-RX can0 00E#6E4621DF00000000
CAN-RX can0 02000000#0000
CAN-RX can0 08300103#0700
CAN-RX can0 02000000#0000
CAN-RX can0 02000000#0000
CAN-RX can0 02000000#0000
CAN-RX can0 08300103#F9FF
CAN-RX can0 02000000#0000
CAN-RX can0 00E#6E4621DF00000000
CAN-RX can0 02000000#0000
CAN-RX can0 08300103#0500
CAN-RX can0 02000000#0000
CAN-RX can0 02000000#0000
CAN-RX can0 03C30F0F#87878787878787
CAN-RX can0 02000000#0000
CAN-RX can0 14300200#0000
CAN-RX can0 08300103#0600
CAN-RX can0 02000000#0000
CAN-RX can0 00E#6E4621DF00000000
CAN-RX can0 02000000#0000
CAN-RX can0 08300103#F9FF
CAN-RX can0 02000000#0000
CAN-RX can0 02000000#0000
CAN-RX can0 02000000#0000
CAN-RX can0 08300103#0200
CAN-RX can0 02000000#0000
CAN-RX can0 00E#6E4621DF00000000
CAN-RX can0 02000000#0000
CAN-RX can0 08300103#0800
CAN-RX can0 02000000#0000
CAN-RX can0 02000000#0000
CAN-RX can0 03C30F0F#87878787878787
CAN-RX can0 02000000#0000
CAN-RX can0 08300103#0200
CAN-RX can0 02000000#0000
CAN-RX can0 00E#6E4621DF00000000
CAN-RX can0 02000000#0000
CAN-RX can0 08300103#0C00
CAN-RX can0 02000000#0000
CAN-RX can0 02000000#0000
CAN-RX can0 140C0201#0000
CAN-RX can0 02000000#0000
CAN-RX can0 08300103#0700
CAN-RX can0 02000000#0000
CAN-RX can0 00E#6E4621DF00000000
CAN-RX can0 02000000#0000
CAN-RX can0 08300103#0100
CAN-RX can0 02000000#0000
CAN-RX can0 02000000#0000
CAN-RX can0 03C30F0F#87878787878787
CAN-RX can0 02000000#0000
CAN-RX can0 08300103#0400
CAN-RX can0 02000000#0000
CAN-RX can0 00E#6E4621DF00000000
CAN-RX can0 02000000#0000
CAN-RX can0 08300103#0600
CAN-RX can0 02000000#0000
CAN-RX can0 02000000#0000
CAN-RX can0 02000000#0000
CAN-RX can0 14300200#0000
CAN-RX can0 08300103#0A00
CAN-RX can0 02000000#0000
CAN-RX can0 00E#6E4621DF00000000
CAN-RX can0 02000000#0000
CAN-RX can0 08300103#0000
CAN-RX can0 02000000#0000
CAN-RX can0 02000000#0000
CAN-RX can0 03C30F0F#87878787878787
CAN-RX can0 02000000#0000
CAN-RX can0 08300103#0D00
CAN-RX can0 02000000#0000
CAN-RX can0 00E#6E4621DF00000000
CAN-RX can0 02000000#0000
CAN-RX can0 08300103#0400
CAN-RX can0 02000000#0000
CAN-RX can0 0C140300#C2
CAN-RX can0 02000000#0000
CAN-RX can0 02000000#0000
CAN-RX can0 08300103#0300
CAN-RX can0 02000000#0000
CAN-RX can0 00E#6E4621DF00000000
CAN-RX can0 02000000#0000
CAN-RX can0 08300103#F4FF
CAN-RX can0 02000000#0000
CAN-RX can0 02000000#0000
CAN-RX can0 03C30F0F#87878787878787
CAN-RX can0 140C0201#0000
CAN-RX can0 02000000#0000
CAN-RX can0 08300103#0D00
CAN-RX can0 02000000#0000
CAN-RX can0 00E#6E4621DF00000000
CAN-RX can0 02000000#0000
CAN-RX can0 08300103#0600
CAN-RX can0 02000000#0000
CAN-RX can0 02000000#0000
CAN-RX can0 02000000#0000
CAN-RX can0 08300103#0300
CAN-RX can0 02000000#0000
CAN-RX can0 0C140200#C0
CAN-RX can0 00E#6E4621DF00000000
CAN-RX can0 02000000#0000
CAN-RX can0 02000000#0000
CAN-RX can0 02000000#0000
CAN-RX can0 03C30F0F#87878787878787
CAN-RX can0 02000000#0000
CAN-RX can0 14300200#0000
CAN-RX can0 02000000#0000
CAN-RX can0 00E#6E4621DF00000000
CAN-RX can0 02000000#0000
CAN-RX can0 02000000#0000
CAN-RX can0 02000000#0000
CAN-RX can0 02000000#0000
CAN-RX can0 08300103#0600
CAN-RX can0 02000000#0000
CAN-RX can0 0C140200#C1
CAN-RX can0 00E#6E4621DF00000000
CAN-RX can0 02000000#0000
CAN-RX can0 08300103#0400
CAN-RX can0 02000000#0000
CAN-RX can0 02000000#0000
CAN-RX can0 03C30F0F#87878787878787
CAN-RX can0 02000000#0000
CAN-RX can0 08300103#FEFF
CAN-RX can0 02000000#0000
CAN-RX can0 00E#6E4621DF00000000
CAN-RX can0 02000000#0000
CAN-RX can0 08300103#F1FF
CAN-RX can0 02000000#0000
CAN-RX can0 02000000#0000
CAN-RX can0 140C0201#0000
CAN-RX can0 02000000#0000
CAN-RX can0 08300103#0800
CAN-RX can0 02000000#0000
CAN-RX can0 00E#6E4621DF00000000
CAN-RX can0 02000000#0000
CAN-RX can0 08300103#0B00
CAN-RX can0 02000000#0000
CAN-RX can0 02000000#0000
CAN-RX can0 03C30F0F#87878787878787
CAN-RX can0 02000000#0000
CAN-RX can0 08300103#0000
CAN-RX can0 1C300204#9AE505009AE50500
CAN-RX can0 02000000#0000
CAN-RX can0 00E#6E4621DF00000000
CAN-RX can0 02000000#0000
CAN-RX can0 08300103#0A00
CAN-RX can0 02000000#0000
CAN-RX can0 02000000#0000
CAN-RX can0 02000000#0000
CAN-RX can0 08300103#FEFF
CAN-RX can0 14300200#0000
CAN-RX can0 02000000#0000
CAN-RX can0 00E#6E4621DF00000000
CAN-RX can0 02000000#0000
CAN-RX can0 08300103#F6FF
CAN-RX can0 02000000#0000
CAN-RX can0 02000000#0000
CAN-RX can0 03C30F0F#87878787878787
CAN-RX can0 1C0C0200#1E
CAN-RX can0 02000000#0000
CAN-RX can0 08300103#0600
CAN-RX can0 02000000#0000
CAN-RX can0 00E#6E4621DF00000000
CAN-RX can0 02000000#0000
CAN-RX can0 1C2C0000#362700A90A1A
CAN-RX can0 08300103#FFFF
CAN-RX can0 02000000#0000
CAN-RX can0 02000000#0000
CAN-RX can0 02000000#0000
CAN-RX can0 08300103#0300
CAN-RX can0 02000000#0000
CAN-RX can0 00E#6E4621DF00000000
CAN-RX can0 02000000#0000
CAN-RX can0 08300103#0800
CAN-RX can0 02000000#0000
CAN-RX can0 02000000#0000
CAN-RX can0 03C30F0F#87878787878787
CAN-RX can0 140C0201#0000
CAN-RX can0 02000000#0000
CAN-RX can0 08300103#F9FF
CAN-RX can0 02000000#0000
CAN-RX can0 00E#6E4621DF00000000
CAN-RX can0 02000000#0000
CAN-RX can0 08300103#FDFF
CAN-RX can0 02000000#0000
CAN-RX can0 02000000#0000
CAN-RX can0 02000000#0000
CAN-RX can0 08300103#F7FF
CAN-RX can0 02000000#0000
CAN-RX can0 00E#6E4621DF00000000
CAN-RX can0 02000000#0000
CAN-RX can0 08300103#F4FF
CAN-RX can0 02000000#0000
CAN-RX can0 02000000#0000
CAN-RX can0 03C30F0F#87878787878787
CAN-RX can0 02000000#0000
CAN-RX can0 08300103#F9FF
CAN-RX can0 14300200#0000
CAN-RX can0 02000000#0000
CAN-RX can0 00E#6E4621DF00000000
CAN-RX can0 02000000#0000
CAN-RX can0 08300103#F8FF
CAN-RX can0 02000000#0000
CAN-RX can0 02000000#0000
CAN-RX can0 02000000#0000
CAN-RX can0 08300103#0C00
CAN-RX can0 02000000#0000
CAN-RX can0 00E#6E4621DF00000000
CAN-RX can0 02000000#0000
CAN-RX can0 08300103#0900
CAN-RX can0 02000000#0000
CAN-RX can0 02000000#0000
CAN-RX can0 03C30F0F#87878787878787
CAN-RX can0 02000000#0000
CAN-RX can0 08300103#0400
CAN-RX can0 02000000#0000
CAN-RX can0 00E#6E4621DF00000000
CAN-RX can0 02000000#0000
CAN-RX can0 08300103#0500
CAN-RX can0 02000000#0000
CAN-RX can0 02000000#0000
CAN-RX can0 140C0201#0000
CAN-RX can0 02000000#0000
CAN-RX can0 08300103#FFFF
CAN-RX can0 02000000#0000
CAN-RX can0 00E#6E4621DF00000000
CAN-RX can0 02000000#0000
CAN-RX can0 08300103#0600
CAN-RX can0 02000000#0000
CAN-RX can0 02000000#0000
CAN-RX can0 03C30F0F#87878787878787
CAN-RX can0 02000000#0000
CAN-RX can0 08300103#0200
CAN-RX can0 02000000#0000
CAN-RX can0 00E#6E4621DF00000000
CAN-RX can0 02000000#0000
CAN-RX can0 08300103#F9FF
CAN-RX can0 02000000#0000
CAN-RX can0 02000000#0000
CAN-RX can0 02000000#0000
CAN-RX can0 08300103#0300
CAN-RX can0 14300200#0000
CAN-RX can0 02000000#0000
CAN-RX can0 00E#6E4621DF00000000
CAN-RX can0 02000000#0000
CAN-RX can0 08300103#F7FF
CAN-RX can0 02000000#0000
CAN-RX can0 02000000#0000
CAN-RX can0 03C30F0F#87878787878787
CAN-RX can0 02000000#0000
CAN-RX can0 08300103#FAFF
CAN-RX can0 02000000#0000
CAN-RX can0 00E#6E4621DF00000000
CAN-RX can0 02000000#0000
CAN-RX can0 08300103#FEFF
CAN-RX can0 02000000#0000
CAN-RX can0 0C140300#C2
CAN-RX can0 02000000#0000
CAN-RX can0 02000000#0000
CAN-RX can0 08300103#0700
CAN-RX can0 02000000#0000
CAN-RX can0 00E#6E4621DF00000000
CAN-RX can0 02000000#0000
CAN-RX can0 08300103#0A00
CAN-RX can0 02000000#0000
CAN-RX can0 02000000#0000
CAN-RX can0 03C30F0F#87878787878787
CAN-RX can0 140C0201#0000
CAN-RX can0 02000000#0000
CAN-RX can0 08300103#FAFF
CAN-RX can0 02000000#0000
CAN-RX can0 00E#6E4621DF00000000
CAN-RX can0 02000000#0000
CAN-RX can0 08300103#0000
CAN-RX can0 02000000#0000
CAN-RX can0 02000000#0000
CAN-RX can0 02000000#0000
CAN-RX can0 08300103#0200
CAN-RX can0 02000000#0000
CAN-RX can0 0C140200#C0
CAN-RX can0 00E#6E4621DF00000000
CAN-RX can0 02000000#0000
CAN-RX can0 02000000#0000
CAN-RX can0 02000000#0000
CAN-RX can0 03C30F0F#87878787878787
CAN-RX can0 02000000#0000
CAN-RX can0 14300200#0000
CAN-RX can0 02000000#0000
CAN-RX can0 00E#6E4621DF00000000
CAN-RX can0 02000000#0000
CAN-RX can0 02000000#0000
CAN-RX can0 02000000#0000
CAN-RX can0 02000000#0000
CAN-RX can0 08300103#EEFF
CAN-RX can0 02000000#0000
CAN-RX can0 0C140200#C1
CAN-RX can0 00E#6E4621DF00000000
CAN-RX can0 02000000#0000
CAN-RX can0 08300103#0500
CAN-RX can0 02000000#0000
CAN-RX can0 02000000#0000
CAN-RX can0 03C30F0F#87878787878787
CAN-RX can0 08300103#0100
CAN-RX can0 02000000#0000
CAN-RX can0 02000000#0000
CAN-RX can0 00E#6E4621DF00000000
CAN-RX can0 02000000#0000
CAN-RX can0 08300103#0100
CAN-RX can0 02000000#0000
CAN-RX can0 02000000#0000
CAN-RX can0 140C0201#0000
CAN-RX can0 08300103#FAFF
CAN-RX can0 02000000#0000
CAN-RX can0 02000000#0000
CAN-RX can0 00E#6E4621DF00000000
CAN-RX can0 02000000#0000
CAN-RX can0 08300103#0000
CAN-RX can0 02000000#0000
CAN-RX can0 02000000#0000
CAN-RX can0 03C30F0F#87878787878787
CAN-RX can0 08300103#FAFF
CAN-RX can0 02000000#0000
CAN-RX can0 02000000#0000
CAN-RX can0 1C300204#9AE505009AE50500
CAN-RX can0 00E#6E4621DF00000000
CAN-RX can0 02000000#0000
CAN-RX can0 08300103#0900
CAN-RX can0 02000000#0000
CAN-RX can0 02000000#0000
CAN-RX can0 08300103#FCFF
CAN-RX can0 02000000#0000
CAN-RX can0 14300200#0000
CAN-RX can0 02000000#0000
CAN-RX can0 00E#6E4621DF00000000
CAN-RX can0 02000000#0000
CAN-RX can0 08300103#FEFF
CAN-RX can0 02000000#0000
CAN-RX can0 02000000#0000
CAN-RX can0 03C30F0F#87878787878787
CAN-RX can0 1C0C0200#1E
CAN-RX can0 08300103#F8FF
CAN-RX can0 02000000#0000
CAN-RX can0 02000000#0000
CAN-RX can0 00E#6E4621DF00000000
CAN-RX can0 02000000#0000
CAN-RX can0 08300103#0100
CAN-RX can0 1C2C0000#372700A90A1A
CAN-RX can0 02000000#0000
CAN-RX can0 02000000#0000
CAN-RX can0 08300103#1100
CAN-RX can0 02000000#0000
CAN-RX can0 02000000#0000
CAN-RX can0 00E#6E4621DF00000000
CAN-RX can0 02000000#0000
CAN-RX can0 08300103#F2FF
CAN-RX can0 02000000#0000
CAN-RX can0 02000000#0000
CAN-RX can0 03C30F0F#87878787878787
CAN-RX can0 140C0201#0000
CAN-RX can0 08300103#0500
CAN-RX can0 02000000#0000
CAN-RX can0 02000000#0000
CAN-RX can0 00E#6E4621DF00000000
CAN-RX can0 02000000#0000
CAN-RX can0 08300103#0300
CAN-RX can0 02000000#0000
CAN-RX can0 02000000#0000
CAN-RX can0 08300103#F6FF
CAN-RX can0 02000000#0000
CAN-RX can0 02000000#0000
CAN-RX can0 00E#6E4621DF00000000
CAN-RX can0 02000000#0000
CAN-RX can0 08300103#0100
CAN-RX can0 02000000#0000
CAN-RX can0 02000000#0000
CAN-RX can0 03C30F0F#87878787878787
CAN-RX can0 08300103#FEFF
CAN-RX can0 02000000#0000
CAN-RX can0 14300200#0000
CAN-RX can0 02000000#0000
CAN-RX can0 00E#6E4621DF00000000
CAN-RX can0 02000000#0000
CAN-RX can0 08300103#0700
CAN-RX can0 02000000#0000
CAN-RX can0 02000000#0000
CAN-RX can0 08300103#0700
CAN-RX can0 02000000#0000
CAN-RX can0 02000000#0000
CAN-RX can0 00E#6E4621DF00000000
CAN-RX can0 02000000#0000
CAN-RX can0 08300103#0200
CAN-RX can0 02000000#0000
CAN-RX can0 02000000#0000
CAN-RX can0 03C30F0F#87878787878787
CAN-RX can0 08300103#F5FF
CAN-RX can0 02000000#0000
CAN-RX can0 02000000#0000
CAN-RX can0 00E#6E4621DF00000000
CAN-RX can0 02000000#0000
CAN-RX can0 08300103#0400
CAN-RX can0 02000000#0000
CAN-RX can0 02000000#0000
CAN-RX can0 140C0201#0000
CAN-RX can0 08300103#1300
CAN-RX can0 02000000#0000
CAN-RX can0 02000000#0000
CAN-RX can0 00E#6E4621DF00000000
CAN-RX can0 02000000#0000
CAN-RX can0 08300103#0400
CAN-RX can0 02000000#0000
CAN-RX can0 02000000#0000
CAN-RX can0 03C30F0F#87878787878787
CAN-RX can0 08300103#0200
CAN-RX can0 02000000#0000
CAN-RX can0 02000000#0000
CAN-RX can0 00E#6E4621DF00000000
CAN-RX can0 02000000#0000
CAN-RX can0 08300103#EDFF
CAN-RX can0 02000000#0000
CAN-RX can0 02000000#0000
CAN-RX can0 08300103#0000
CAN-RX can0 02000000#0000
CAN-RX can0 14300200#0000
CAN-RX can0 02000000#0000
CAN-RX can0 00E#6E4621DF00000000
CAN-RX can0 02000000#0000
CAN-RX can0 08300103#F7FF
CAN-RX can0 02000000#0000
CAN-RX can0 02000000#0000
CAN-RX can0 03C30F0F#87878787878787
CAN-RX can0 08300103#0700
CAN-RX can0 02000000#0000
CAN-RX can0 02000000#0000
CAN-RX can0 00E#6E4621DF00000000
CAN-RX can0 02000000#0000
CAN-RX can0 08300103#0000
CAN-RX can0 02000000#0000
CAN-RX can0 0C140300#C2
CAN-RX can0 02000000#0000
CAN-RX can0 08300103#0300
CAN-RX can0 02000000#0000
CAN-RX can0 02000000#0000
CAN-RX can0 00E#6E4621DF00000000
CAN-RX can0 02000000#0000
CAN-RX can0 08300103#0400
CAN-RX can0 02000000#0000
CAN-RX can0 02000000#0000
CAN-RX can0 03C30F0F#87878787878787
CAN-RX can0 140C0201#0000
CAN-RX can0 08300103#FBFF
CAN-RX can0 02000000#0000
CAN-RX can0 02000000#0000
CAN-RX can0 00E#6E4621DF00000000
CAN-RX can0 02000000#0000
CAN-RX can0 08300103#0A00
CAN-RX can0 02000000#0000
CAN-RX can0 02000000#0000
CAN-RX can0 08300103#0800
CAN-RX can0 02000000#0000
CAN-RX can0 02000000#0000
CAN-RX can0 0C140200#C0
CAN-RX can0 00E#6E4621DF00000000
CAN-RX can0 02000000#0000
CAN-RX can0 02000000#0000
CAN-RX can0 02000000#0000
CAN-RX can0 03C30F0F#87878787878787
CAN-RX can0 02000000#0000
CAN-RX can0 14300200#0000
CAN-RX can0 02000000#0000
CAN-RX can0 00E#6E4621DF00000000
CAN-RX can0 02000000#0000
CAN-RX can0 02000000#0000
CAN-RX can0 02000000#0000
CAN-RX can0 08300103#0C00
CAN-RX can0 02000000#0000
CAN-RX can0 02000000#0000
CAN-RX can0 0C140200#C1
CAN-RX can0 00E#6E4621DF00000000
CAN-RX can0 02000000#0000
CAN-RX can0 08300103#0200
CAN-RX can0 02000000#0000
CAN-RX can0 02000000#0000
CAN-RX can0 03C30F0F#87878787878787
CAN-RX can0 08300103#0200
CAN-RX can0 02000000#0000
CAN-RX can0 02000000#0000
CAN-RX can0 00E#6E4621DF00000000
CAN-RX can0 02000000#0000
CAN-RX can0 08300103#0B00
CAN-RX can0 02000000#0000
CAN-RX can0 02000000#0000
CAN-RX can0 140C0201#0000
CAN-RX can0 08300103#0900
CAN-RX can0 02000000#0000
CAN-RX can0 02000000#0000
CAN-RX can0 00E#6E4621DF00000000
CAN-RX can0 02000000#0000
CAN-RX can0 08300103#0900
CAN-RX can0 02000000#0000
CAN-RX can0 02000000#0000
CAN-RX can0 03C30F0F#87878787878787
CAN-RX can0 08300103#0300
CAN-RX can0 02000000#0000
CAN-RX can0 02000000#0000
CAN-RX can0 00E#6E4621DF00000000
CAN-RX can0 02000000#0000
CAN-RX can0 08300103#0600
CAN-RX can0 1C300204#9AE505009AE50500
CAN-RX can0 02000000#0000
CAN-RX can0 02000000#0000
CAN-RX can0 08300103#FBFF
CAN-RX can0 02000000#0000
CAN-RX can0 14300200#0000
CAN-RX can0 02000000#0000
CAN-RX can0 00E#6E4621DF00000000
CAN-RX can0 02000000#0000
CAN-RX can0 08300103#1300
CAN-RX can0 02000000#0000
CAN-RX can0 02000000#0000
CAN-RX can0 03C30F0F#87878787878787
CAN-RX can0 1C0C0200#1E
CAN-RX can0 08300103#FFFF
CAN-RX can0 02000000#0000
CAN-RX can0 02000000#0000
CAN-RX can0 00E#6E4621DF00000000
CAN-RX can0 02000000#0000
CAN-RX can0 08300103#FDFF
CAN-RX can0 1C2C0000#382700A90A1A
CAN-RX can0 02000000#0000
CAN-RX can0 02000000#0000
CAN-RX can0 08300103#0000
CAN-RX can0 02000000#0000
CAN-RX can0 02000000#0000
CAN-RX can0 00E#6E4621DF00000000
CAN-RX can0 02000000#0000
CAN-RX can0 08300103#F0FF
CAN-RX can0 02000000#0000
CAN-RX can0 02000000#0000
CAN-RX can0 03C30F0F#87878787878787
CAN-RX can0 140C0201#0000
CAN-RX can0 08300103#1300
CAN-RX can0 02000000#0000
CAN-RX can0 02000000#0000
CAN-RX can0 00E#6E4621DF00000000
CAN-RX can0 02000000#0000
CAN-RX can0 08300103#0200
CAN-RX can0 02000000#0000
CAN-RX can0 02000000#0000
CAN-RX can0 08300103#FCFF
CAN-RX can0 02000000#0000
CAN-RX can0 02000000#0000
CAN-RX can0 00E#6E4621DF00000000
CAN-RX can0 02000000#0000
CAN-RX can0 08300103#0200
CAN-RX can0 02000000#0000
CAN-RX can0 02000000#0000
CAN-RX can0 03C30F0F#87878787878787
CAN-RX can0 08300103#0400
CAN-RX can0 02000000#0000
CAN-RX can0 14300200#0000
CAN-RX can0 02000000#0000
CAN-RX can0 00E#6E4621DF00000000
CAN-RX can0 02000000#0000
CAN-RX can0 08300103#0700
CAN-RX can0 02000000#0000
CAN-RX can0 02000000#0000
CAN-RX can0 08300103#0100
CAN-RX can0 02000000#0000
CAN-RX can0 02000000#0000
CAN-RX can0 00E#6E4621DF00000000
CAN-RX can0 02000000#0000
CAN-RX can0 08300103#1000
CAN-RX can0 02000000#0000
CAN-RX can0 02000000#0000
CAN-RX can0 03C30F0F#87878787878787
CAN-RX can0 08300103#FDFF
CAN-RX can0 02000000#0000
CAN-RX can0 02000000#0000
CAN-RX can0 00E#6E4621DF00000000
CAN-RX can0 02000000#0000
CAN-RX can0 08300103#0400
CAN-RX can0 02000000#0000
CAN-RX can0 02000000#0000
CAN-RX can0 140C0201#0000
CAN-RX can0 08300103#0400
CAN-RX can0 02000000#0000
CAN-RX can0 02000000#0000
CAN-RX can0 00E#6E4621DF00000000
CAN-RX can0 02000000#0000
CAN-RX can0 08300103#FDFF
CAN-RX can0 02000000#0000
CAN-RX can0 02000000#0000
CAN-RX can0 03C30F0F#87878787878787
CAN-RX can0 08300103#F3FF
CAN-RX can0 02000000#0000
CAN-RX can0 02000000#0000
CAN-RX can0 00E#6E4621DF00000000
CAN-RX can0 02000000#0000
CAN-RX can0 08300103#0300
CAN-RX can0 02000000#0000
CAN-RX can0 02000000#0000
CAN-RX can0 08300103#0200
CAN-RX can0 02000000#0000
CAN-RX can0 14300200#0000
CAN-RX can0 02000000#0000
CAN-RX can0 00E#6E4621DF00000000
CAN-RX can0 02000000#0000
CAN-RX can0 08300103#FDFF
CAN-RX can0 02000000#0000
CAN-RX can0 02000000#0000
CAN-RX can0 03C30F0F#87878787878787
CAN-RX can0 08300103#0B00
CAN-RX can0 02000000#0000
CAN-RX can0 02000000#0000
CAN-RX can0 00E#6E4621DF00000000
CAN-RX can0 02000000#0000
CAN-RX can0 08300103#0000
CAN-RX can0 02000000#0000
CAN-RX can0 0C140300#C2
CAN-RX can0 02000000#0000
CAN-RX can0 08300103#0200
CAN-RX can0 02000000#0000
CAN-RX can0 02000000#0000
CAN-RX can0 00E#6E4621DF00000000
CAN-RX can0 02000000#0000
CAN-RX can0 08300103#FDFF
CAN-RX can0 02000000#0000
CAN-RX can0 02000000#0000
CAN-RX can0 03C30F0F#87878787878787
CAN-RX can0 140C0201#0000
CAN-RX can0 08300103#0000
CAN-RX can0 02000000#0000
CAN-RX can0 02000000#0000
CAN-RX can0 00E#6E4621DF00000000
CAN-RX can0 02000000#0000
CAN-RX can0 08300103#0100
CAN-RX can0 02000000#0000
CAN-RX can0 02000000#0000
CAN-RX can0 08300103#0300
CAN-RX can0 02000000#0000
CAN-RX can0 02000000#0000
CAN-RX can0 0C140200#C0
CAN-RX can0 00E#6E4621DF00000000
CAN-RX can0 02000000#0000
CAN-RX can0 02000000#0000
CAN-RX can0 02000000#0000
CAN-RX can0 03C30F0F#87878787878787
CAN-RX can0 02000000#0000
CAN-RX can0 14300200#0000
CAN-RX can0 02000000#0000
CAN-RX can0 00E#6E4621DF00000000
CAN-RX can0 02000000#0000
CAN-RX can0 02000000#0000
CAN-RX can0 02000000#0000
CAN-RX can0 08300103#0900
CAN-RX can0 02000000#0000
CAN-RX can0 02000000#0000
CAN-RX can0 0C140200#C1
CAN-RX can0 00E#6E4621DF00000000
CAN-RX can0 02000000#0000
CAN-RX can0 08300103#FFFF
CAN-RX can0 02000000#0000
CAN-RX can0 02000000#0000
CAN-RX can0 03C30F0F#87878787878787
CAN-RX can0 08300103#0500
CAN-RX can0 02000000#0000
CAN-RX can0 02000000#0000
CAN-RX can0 00E#6E4621DF00000000
CAN-RX can0 02000000#0000
CAN-RX can0 08300103#0300
CAN-RX can0 02000000#0000
CAN-RX can0 02000000#0000
CAN-RX can0 140C0201#0000
CAN-RX can0 08300103#0200
CAN-RX can0 02000000#0000
CAN-RX can0 02000000#0000
CAN-RX can0 00E#6E4621DF00000000
CAN-RX can0 08300103#0600
CAN-RX can0 02000000#0000
CAN-RX can0 02000000#0000
CAN-RX can0 02000000#0000
CAN-RX can0 03C30F0F#87878787878787
CAN-RX can0 08300103#F4FF
CAN-RX can0 02000000#0000
CAN-RX can0 02000000#0000
CAN-RX can0 00E#6E4621DF00000000
CAN-RX can0 08300103#0000
CAN-RX can0 02000000#0000
CAN-RX can0 02000000#0000
CAN-RX can0 1C300204#9AE505009AE50500
CAN-RX can0 02000000#0000
CAN-RX can0 08300103#FDFF
CAN-RX can0 02000000#0000
CAN-RX can0 14300200#0000
CAN-RX can0 02000000#0000
CAN-RX can0 00E#6E4621DF00000000
CAN-RX can0 08300103#0000
CAN-RX can0 02000000#0000
CAN-RX can0 02000000#0000
CAN-RX can0 02000000#0000
CAN-RX can0 03C30F0F#87878787878787
CAN-RX can0 1C0C0200#1E
CAN-RX can0 08300103#1600
CAN-RX can0 02000000#0000
CAN-RX can0 02000000#0000
CAN-RX can0 00E#6E4621DF00000000
CAN-RX can0 08300103#0100
CAN-RX can0 02000000#0000
CAN-RX can0 1C2C0000#392700A90A1A
CAN-RX can0 02000000#0000
CAN-RX can0 02000000#0000
CAN-RX can0 08300103#1000
CAN-RX can0 02000000#0000
CAN-RX can0 02000000#0000
CAN-RX can0 00E#6E4621DF00000000
CAN-RX can0 08300103#0400
CAN-RX can0 02000000#0000
CAN-RX can0 02000000#0000
CAN-RX can0 02000000#0000
CAN-RX can0 03C30F0F#87878787878787
CAN-RX can0 140C0201#0000
CAN-RX can0 08300103#FFFF
CAN-RX can0 02000000#0000
CAN-RX can0 02000000#0000
CAN-RX can0 00E#6E4621DF00000000
CAN-RX can0 08300103#FEFF
CAN-RX can0 02000000#0000
CAN-RX can0 02000000#0000
CAN-RX can0 02000000#0000
CAN-RX can0 08300103#0300
CAN-RX can0 02000000#0000
CAN-RX can0 02000000#0000
CAN-RX can0 00E#6E4621DF00000000
CAN-RX can0 08300103#F8FF
CAN-RX can0 02000000#0000
CAN-RX can0 02000000#0000
CAN-RX can0 02000000#0000
CAN-RX can0 03C30F0F#87878787878787
CAN-RX can0 08300103#0000
CAN-RX can0 02000000#0000
CAN-RX can0 14300200#0000
CAN-RX can0 02000000#0000
CAN-RX can0 00E#6E4621DF00000000
CAN-RX can0 08300103#F5FF
CAN-RX can0 02000000#0000
CAN-RX can0 02000000#0000
CAN-RX can0 02000000#0000
CAN-RX can0 08300103#0900
CAN-RX can0 02000000#0000
CAN-RX can0 02000000#0000
CAN-RX can0 00E#6E4621DF00000000
CAN-RX can0 08300103#0100
CAN-RX can0 02000000#0000
CAN-RX can0 02000000#0000
CAN-RX can0 02000000#0000
CAN-RX can0 03C30F0F#87878787878787
CAN-RX can0 08300103#0A00
CAN-RX can0 02000000#0000
CAN-RX can0 02000000#0000
CAN-RX can0 00E#6E4621DF00000000
CAN-RX can0 08300103#0800
CAN-RX can0 02000000#0000
CAN-RX can0 02000000#0000
CAN-RX can0 02000000#0000
CAN-RX can0 140C0201#0000
CAN-RX can0 08300103#FBFF
CAN-RX can0 02000000#0000
CAN-RX can0 02000000#0000
CAN-RX can0 00E#6E4621DF00000000
CAN-RX can0 08300103#0600
CAN-RX can0 02000000#0000
CAN-RX can0 02000000#0000
CAN-RX can0 02000000#0000
CAN-RX can0 03C30F0F#87878787878787
CAN-RX can0 08300103#F7FF
CAN-RX can0 02000000#0000
CAN-RX can0 02000000#0000
CAN-RX can0 00E#6E4621DF00000000
CAN-RX can0 08300103#FFFF
CAN-RX can0 02000000#0000
CAN-RX can0 02000000#0000
CAN-RX can0 02000000#0000
CAN-RX can0 08300103#FDFF
CAN-RX can0 02000000#0000
CAN-RX can0 14300200#0000
CAN-RX can0 02000000#0000
CAN-RX can0 00E#6E4621DF00000000
CAN-RX can0 08300103#FEFF
CAN-RX can0 02000000#0000
CAN-RX can0 02000000#0000
CAN-RX can0 02000000#0000
CAN-RX can0 03C30F0F#87878787878787
CAN-RX can0 08300103#FCFF
CAN-RX can0 02000000#0000
CAN-RX can0 02000000#0000
CAN-RX can0 00E#6E4621DF00000000
CAN-RX can0 08300103#0200
CAN-RX can0 02000000#0000
CAN-RX can0 02000000#0000
CAN-RX can0 0C140300#C2
CAN-RX can0 02000000#0000
CAN-RX can0 08300103#0200
CAN-RX can0 02000000#0000
CAN-RX can0 02000000#0000
CAN-RX can0 00E#6E4621DF00000000
CAN-RX can0 08300103#0B00
CAN-RX can0 02000000#0000
CAN-RX can0 02000000#0000
CAN-RX can0 02000000#0000
CAN-RX can0 03C30F0F#87878787878787
CAN-RX can0 140C0201#0000
CAN-RX can0 08300103#0700
CAN-RX can0 02000000#0000
CAN-RX can0 02000000#0000
CAN-RX can0 00E#6E4621DF00000000
CAN-RX can0 08300103#F9FF
CAN-RX can0 02000000#0000
CAN-RX can0 02000000#0000
CAN-RX can0 02000000#0000
CAN-RX can0 08300103#F4FF
CAN-RX can0 02000000#0000
CAN-RX can0 02000000#0000
CAN-RX can0 0C140200#C0
CAN-RX can0 00E#6E4621DF00000000
CAN-RX can0 02000000#0000
CAN-RX can0 02000000#0000
CAN-RX can0 02000000#0000
CAN-RX can0 03C30F0F#87878787878787
CAN-RX can0 02000000#0000
CAN-RX can0 14300200#0000
CAN-RX can0 02000000#0000
CAN-RX can0 00E#6E4621DF00000000
CAN-RX can0 02000000#0000
CAN-RX can0 02000000#0000
CAN-RX can0 02000000#0000
CAN-RX can0 08300103#FFFF
CAN-RX can0 02000000#0000
CAN-RX can0 02000000#0000
CAN-RX can0 0C140200#C1
CAN-RX can0 00E#6E4621DF00000000
CAN-RX can0 08300103#FFFF
CAN-RX can0 02000000#0000
CAN-RX can0 02000000#0000
CAN-RX can0 02000000#0000
CAN-RX can0 03C30F0F#87878787878787
CAN-RX can0 08300103#F7FF
CAN-RX can0 02000000#0000
CAN-RX can0 02000000#0000
CAN-RX can0 00E#6E4621DF00000000
CAN-RX can0 08300103#0300
CAN-RX can0 02000000#0000
CAN-RX can0 02000000#0000
CAN-RX can0 02000000#0000
CAN-RX can0 08300103#0300
CAN-RX can0 140C0201#0000
CAN-RX can0 02000000#0000
CAN-RX can0 02000000#0000
CAN-RX can0 00E#6E4621DF00000000
CAN-RX can0 08300103#FCFF
CAN-RX can0 02000000#0000
CAN-RX can0 02000000#0000
CAN-RX can0 02000000#0000
CAN-RX can0 03C30F0F#87878787878787
CAN-RX can0 08300103#0100
CAN-RX can0 02000000#0000
CAN-RX can0 02000000#0000
CAN-RX can0 00E#6E4621DF00000000
CAN-RX can0 08300103#FFFF
CAN-RX can0 02000000#0000
CAN-RX can0 02000000#0000
CAN-RX can0 02000000#0000
CAN-RX can0 08300103#0D00
CAN-RX can0 1C300204#9AE505009AE50500
CAN-RX can0 02000000#0000
CAN-RX can0 14300200#0000
CAN-RX can0 02000000#0000
CAN-RX can0 00E#6E4621DF00000000
CAN-RX can0 08300103#FFFF
CAN-RX can0 02000000#0000
CAN-RX can0 02000000#0000
CAN-RX can0 02000000#0000
CAN-RX can0 03C30F0F#87878787878787
CAN-RX can0 08300103#0800
CAN-RX can0 1C0C0200#1E
CAN-RX can0 02000000#0000
CAN-RX can0 02000000#0000
CAN-RX can0 00E#6E4621DF00000000
CAN-RX can0 08300103#FBFF
CAN-RX can0 02000000#0000
CAN-RX can0 1C2C0000#3A2700A90A1A
CAN-RX can0 02000000#0000
CAN-RX can0 02000000#0000
CAN-RX can0 08300103#0300
CAN-RX can0 02000000#0000
CAN-RX can0 02000000#0000
CAN-RX can0 00E#6E4621DF00000000
CAN-RX can0 08300103#FEFF
CAN-RX can0 02000000#0000
CAN-RX can0 02000000#0000
CAN-RX can0 02000000#0000
CAN-RX can0 03C30F0F#87878787878787
CAN-RX can0 08300103#0E00
CAN-RX can0 140C0201#0000
CAN-RX can0 02000000#0000
CAN-RX can0 02000000#0000
CAN-RX can0 00E#6E4621DF00000000
CAN-RX can0 08300103#FDFF
CAN-RX can0 02000000#0000
CAN-RX can0 02000000#0000
CAN-RX can0 02000000#0000
CAN-RX can0 08300103#F5FF
CAN-RX can0 02000000#0000
CAN-RX can0 02000000#0000
CAN-RX can0 00E#6E4621DF00000000
CAN-RX can0 08300103#FEFF
CAN-RX can0 02000000#0000
CAN-RX can0 02000000#0000
CAN-RX can0 02000000#0000
CAN-RX can0 03C30F0F#87878787878787
CAN-RX can0 08300103#FFFF
CAN-RX can0 02000000#0000
CAN-RX can0 14300200#0000
CAN-RX can0 02000000#0000
CAN-RX can0 00E#6E4621DF00000000
CAN-RX can0 08300103#FDFF
CAN-RX can0 02000000#0000
CAN-RX can0 02000000#0000
CAN-RX can0 02000000#0000
CAN-RX can0 08300103#0500
CAN-RX can0 02000000#0000
CAN-RX can0 02000000#0000
CAN-RX can0 00E#6E4621DF00000000
CAN-RX can0 08300103#0100
CAN-RX can0 02000000#0000
CAN-RX can0 02000000#0000
CAN-RX can0 02000000#0000
CAN-RX can0 03C30F0F#87878787878787
CAN-RX can0 08300103#0400
CAN-RX can0 02000000#0000
CAN-RX can0 02000000#0000
CAN-RX can0 00E#6E4621DF00000000
CAN-RX can0 08300103#0600
CAN-RX can0 02000000#0000
CAN-RX can0 02000000#0000
CAN-RX can0 02000000#0000
CAN-RX can0 08300103#0800
CAN-RX can0 140C0201#0000
CAN-RX can0 02000000#0000
CAN-RX can0 02000000#0000
CAN-RX can0 00E#6E4621DF00000000
CAN-RX can0 08300103#FFFF
CAN-RX can0 02000000#0000
CAN-RX can0 02000000#0000
CAN-RX can0 02000000#0000
CAN-RX can0 03C30F0F#87878787878787
CAN-RX can0 08300103#0400
CAN-RX can0 02000000#0000
CAN-RX can0 02000000#0000
CAN-RX can0 00E#6E4621DF00000000
CAN-RX can0 08300103#0100
CAN-RX can0 02000000#0000
CAN-RX can0 02000000#0000
CAN-RX can0 02000000#0000
CAN-RX can0 08300103#FEFF
CAN-RX can0 02000000#0000
CAN-RX can0 14300200#0000
CAN-RX can0 02000000#0000
CAN-RX can0 00E#6E4621DF00000000
CAN-RX can0 08300103#FAFF
CAN-RX can0 02000000#0000
CAN-RX can0 02000000#0000
CAN-RX can0 02000000#0000
CAN-RX can0 03C30F0F#87878787878787
CAN-RX can0 08300103#0200
CAN-RX can0 02000000#0000
CAN-RX can0 02000000#0000
CAN-RX can0 00E#6E4621DF00000000
CAN-RX can0 08300103#0500
CAN-RX can0 02000000#0000
CAN-RX can0 02000000#0000
CAN-RX can0 0C140300#C2
CAN-RX can0 02000000#0000
CAN-RX can0 08300103#0500
CAN-RX can0 02000000#0000
CAN-RX can0 02000000#0000
CAN-RX can0 00E#6E4621DF00000000
CAN-RX can0 08300103#1100
CAN-RX can0 02000000#0000
CAN-RX can0 02000000#0000
CAN-RX can0 02000000#0000
CAN-RX can0 03C30F0F#87878787878787
CAN-RX can0 08300103#1200
CAN-RX can0 140C0201#0000
CAN-RX can0 02000000#0000
CAN-RX can0 02000000#0000
CAN-RX can0 00E#6E4621DF00000000
CAN-RX can0 08300103#0400
CAN-RX can0 02000000#0000
CAN-RX can0 02000000#0000
CAN-RX can0 02000000#0000
CAN-RX can0 08300103#0300
CAN-RX can0 02000000#0000
CAN-RX can0 02000000#0000
CAN-RX can0 0C140200#C0
CAN-RX can0 00E#6E4621DF00000000
CAN-RX can0 02000000#0000
CAN-RX can0 02000000#0000
CAN-RX can0 02000000#0000
CAN-RX can0 03C30F0F#87878787878787
CAN-RX can0 02000000#0000
CAN-RX can0 14300200#0000
CAN-RX can0 02000000#0000
CAN-RX can0 00E#6E4621DF00000000
CAN-RX can0 02000000#0000
CAN-RX can0 02000000#0000
CAN-RX can0 02000000#0000
CAN-RX can0 08300103#F7FF
CAN-RX can0 02000000#0000
CAN-RX can0 02000000#0000
CAN-RX can0 0C140200#C1
CAN-RX can0 00E#6E4621DF00000000
CAN-RX can0 08300103#0B00
CAN-RX can0 02000000#0000
CAN-RX can0 02000000#0000
CAN-RX can0 02000000#0000
CAN-RX can0 03C30F0F#87878787878787
CAN-RX can0 08300103#0B00
CAN-RX can0 02000000#0000
CAN-RX can0 02000000#0000
CAN-RX can0 00E#6E4621DF00000000
CAN-RX can0 08300103#0B00
CAN-RX can0 02000000#0000
CAN-RX can0 02000000#0000
CAN-RX can0 08300103#0700
CAN-RX can0 02000000#0000
CAN-RX can0 140C0201#0000
CAN-RX can0 02000000#0000
CAN-RX can0 02000000#0000
CAN-RX can0 00E#6E4621DF00000000
CAN-RX can0 08300103#FDFF
CAN-RX can0 02000000#0000
CAN-RX can0 02000000#0000
CAN-RX can0 08300103#0200
CAN-RX can0 02000000#0000
CAN-RX can0 03C30F0F#87878787878787
CAN-RX can0 02000000#0000
CAN-RX can0 02000000#0000
CAN-RX can0 00E#6E4621DF00000000
CAN-RX can0 08300103#0500
CAN-RX can0 02000000#0000
CAN-RX can0 02000000#0000
CAN-RX can0 08300103#0100
CAN-RX can0 02000000#0000
CAN-RX can0 02000000#0000
CAN-RX can0 14300200#0000
CAN-RX can0 1C300204#9AE505009AE50500
CAN-RX can0 02000000#0000
CAN-RX can0 00E#6E4621DF00000000
CAN-RX can0 08300103#0400
CAN-RX can0 02000000#0000
CAN-RX can0 02000000#0000
CAN-RX can0 08300103#0200
CAN-RX can0 02000000#0000
CAN-RX can0 03C30F0F#87878787878787
CAN-RX can0 1C0C0200#1E
CAN-RX can0 02000000#0000
CAN-RX can0 02000000#0000
CAN-RX can0 00E#6E4621DF00000000
CAN-RX can0 08300103#0900
CAN-RX can0 02000000#0000
CAN-RX can0 1C2C0000#3B2700A90A1A
CAN-RX can0 02000000#0000
CAN-RX can0 08300103#FFFF
CAN-RX can0 02000000#0000
CAN-RX can0 02000000#0000
CAN-RX can0 02000000#0000
CAN-RX can0 00E#6E4621DF00000000
CAN-RX can0 08300103#0200
CAN-RX can0 02000000#0000
CAN-RX can0 02000000#0000
CAN-RX can0 08300103#0300
CAN-RX can0 02000000#0000
CAN-RX can0 03C30F0F#87878787878787
CAN-RX can0 140C0201#0000
CAN-RX can0 02000000#0000
CAN-RX can0 02000000#0000
CAN-RX can0 00E#6E4621DF00000000
CAN-RX can0 08300103#0600
CAN-RX can0 02000000#0000
CAN-RX can0 02000000#0000
CAN-RX can0 08300103#F8FF
CAN-RX can0 02000000#0000
CAN-RX can0 02000000#0000
CAN-RX can0 02000000#0000
CAN-RX can0 00E#6E4621DF00000000
CAN-RX can0 08300103#F2FF
CAN-RX can0 02000000#0000
CAN-RX can0 02000000#0000
CAN-RX can0 08300103#F6FF
CAN-RX can0 02000000#0000
CAN-RX can0 03C30F0F#87878787878787
CAN-RX can0 02000000#0000
CAN-RX can0 14300200#0000
CAN-RX can0 02000000#0000
CAN-RX can0 00E#6E4621DF00000000
CAN-RX can0 08300103#FAFF
CAN-RX can0 02000000#0000
CAN-RX can0 02000000#0000
CAN-RX can0 08300103#FDFF
CAN-RX can0 02000000#0000
CAN-RX can0 02000000#0000
CAN-RX can0 02000000#0000
CAN-RX can0 00E#6E4621DF00000000
CAN-RX can0 08300103#F9FF
CAN-RX can0 02000000#0000
CAN-RX can0 02000000#0000
CAN-RX can0 08300103#0400
CAN-RX can0 02000000#0000
CAN-RX can0 03C30F0F#87878787878787
CAN-RX can0 02000000#0000
CAN-RX can0 02000000#0000
CAN-RX can0 08300103#0200
CAN-RX can0 00E#6E4621DF00000000
CAN-RX can0 02000000#0000
CAN-RX can0 02000000#0000
CAN-RX can0 08300103#FDFF
CAN-RX can0 02000000#0000
CAN-RX can0 140C0201#0000
CAN-RX can0 02000000#0000
CAN-RX can0 02000000#0000
CAN-RX can0 08300103#0600
CAN-RX can0 00E#6E4621DF00000000
CAN-RX can0 02000000#0000
CAN-RX can0 02000000#0000
CAN-RX can0 08300103#FFFF
CAN-RX can0 02000000#0000
CAN-RX can0 03C30F0F#87878787878787
CAN-RX can0 02000000#0000
CAN-RX can0 02000000#0000
CAN-RX can0 08300103#FAFF
CAN-RX can0 00E#6E4621DF00000000
CAN-RX can0 02000000#0000
CAN-RX can0 02000000#0000
CAN-RX can0 08300103#F5FF
CAN-RX can0 02000000#0000
CAN-RX can0 02000000#0000
CAN-RX can0 14300200#0000
CAN-RX can0 02000000#0000
CAN-RX can0 08300103#F8FF
CAN-RX can0 00E#6E4621DF00000000
CAN-RX can0 02000000#0000
CAN-RX can0 02000000#0000
CAN-RX can0 08300103#0000
CAN-RX can0 02000000#0000
CAN-RX can0 03C30F0F#87878787878787
CAN-RX can0 02000000#0000
CAN-RX can0 02000000#0000
CAN-RX can0 08300103#0800
CAN-RX can0 00E#6E4621DF00000000
CAN-RX can0 02000000#0000
CAN-RX can0 02000000#0000
CAN-RX can0 0C140300#C2
CAN-RX can0 08300103#0B00
CAN-RX can0 02000000#0000
CAN-RX can0 02000000#0000
CAN-RX can0 02000000#0000
CAN-RX can0 08300103#FBFF
CAN-RX can0 00E#6E4621DF00000000
CAN-RX can0 02000000#0000
CAN-RX can0 02000000#0000
CAN-RX can0 08300103#F9FF
CAN-RX can0 02000000#0000
CAN-RX can0 03C30F0F#87878787878787
CAN-RX can0 140C0201#0000
CAN-RX can0 02000000#0000
CAN-RX can0 02000000#0000
CAN-RX can0 08300103#0200
CAN-RX can0 00E#6E4621DF00000000
CAN-RX can0 02000000#0000
CAN-RX can0 02000000#0000
CAN-RX can0 08300103#0500
CAN-RX can0 02000000#0000
CAN-RX can0 02000000#0000
CAN-RX can0 02000000#0000
CAN-RX can0 0C140200#C0
CAN-RX can0 00E#6E4621DF00000000
CAN-RX can0 02000000#0000
CAN-RX can0 02000000#0000
CAN-RX can0 02000000#0000
CAN-RX can0 03C30F0F#87878787878787
CAN-RX can0 02000000#0000
CAN-RX can0 14300200#0000
CAN-RX can0 02000000#0000
CAN-RX can0 00E#6E4621DF00000000
CAN-RX can0 02000000#0000
CAN-RX can0 02000000#0000
CAN-RX can0 08300103#FCFF
CAN-RX can0 02000000#0000
CAN-RX can0 02000000#0000
CAN-RX can0 02000000#0000
CAN-RX can0 08300103#0900
CAN-RX can0 0C140200#C1
CAN-RX can0 00E#6E4621DF00000000
CAN-RX can0 02000000#0000
CAN-RX can0 02000000#0000
CAN-RX can0 08300103#FCFF
CAN-RX can0 02000000#0000
CAN-RX can0 03C30F0F#87878787878787
CAN-RX can0 02000000#0000
CAN-RX can0 02000000#0000
CAN-RX can0 08300103#F9FF
CAN-RX can0 00E#6E4621DF00000000
CAN-RX can0 02000000#0000
CAN-RX can0 02000000#0000
CAN-RX can0 08300103#0000
CAN-RX can0 02000000#0000
CAN-RX can0 140C0201#0000
CAN-RX can0 02000000#0000
CAN-RX can0 02000000#0000
CAN-RX can0 08300103#0400
CAN-RX can0 00E#6E4621DF00000000
CAN-RX can0 02000000#0000
CAN-RX can0 02000000#0000
CAN-RX can0 08300103#0200
CAN-RX can0 02000000#0000
CAN-RX can0 03C30F0F#87878787878787
CAN-RX can0 02000000#0000
CAN-RX can0 02000000#0000
CAN-RX can0 08300103#0000
CAN-RX can0 00E#6E4621DF00000000
CAN-RX can0 02000000#0000
CAN-RX can0 02000000#0000
CAN-RX can0 08300103#0000
CAN-RX can0 02000000#0000
CAN-RX can0 02000000#0000
CAN-RX can0 14300200#0000
CAN-RX can0 02000000#0000
CAN-RX can0 08300103#0300
CAN-RX can0 1C300204#9AE505009AE50500
CAN-RX can0 00E#6E4621DF00000000
CAN-RX can0 02000000#0000
CAN-RX can0 02000000#0000
CAN-RX can0 08300103#0C00
CAN-RX can0 02000000#0000
CAN-RX can0 03C30F0F#87878787878787
CAN-RX can0 1C0C0200#1E
CAN-RX can0 02000000#0000
CAN-RX can0 02000000#0000
CAN-RX can0 08300103#1700
CAN-RX can0 00E#6E4621DF00000000
CAN-RX can0 02000000#0000
CAN-RX can0 1C2C0000#002800A90A1A
CAN-RX can0 02000000#0000
CAN-RX can0 08300103#0300
CAN-RX can0 02000000#0000
CAN-RX can0 02000000#0000
CAN-RX can0 02000000#0000
CAN-RX can0 08300103#0500
CAN-RX can0 00E#6E4621DF00000000
CAN-RX can0 02000000#0000
CAN-RX can0 02000000#0000
CAN-RX can0 08300103#0200
CAN-RX can0 02000000#0000
CAN-RX can0 03C30F0F#87878787878787
CAN-RX can0 140C0201#0000
CAN-RX can0 02000000#0000
CAN-RX can0 02000000#0000
CAN-RX can0 08300103#1300
CAN-RX can0 00E#6E4621DF00000000
CAN-RX can0 02000000#0000
CAN-RX can0 02000000#0000
CAN-RX can0 08300103#0400
CAN-RX can0 02000000#0000
CAN-RX can0 02000000#0000
CAN-RX can0 02000000#0000
CAN-RX can0 08300103#0200
CAN-RX can0 00E#6E4621DF00000000
CAN-RX can0 02000000#0000
CAN-RX can0 02000000#0000
CAN-RX can0 08300103#FFFF
CAN-RX can0 02000000#0000
CAN-RX can0 03C30F0F#87878787878787
CAN-RX can0 02000000#0000
CAN-RX can0 14300200#0000
CAN-RX can0 02000000#0000
CAN-RX can0 08300103#0100
CAN-RX can0 00E#6E4621DF00000000
CAN-RX can0 02000000#0000
CAN-RX can0 02000000#0000
CAN-RX can0 08300103#0500
CAN-RX can0 02000000#0000
CAN-RX can0 02000000#0000
CAN-RX can0 02000000#0000
CAN-RX can0 08300103#FEFF
CAN-RX can0 00E#6E4621DF00000000
CAN-RX can0 02000000#0000
CAN-RX can0 02000000#0000
CAN-RX can0 08300103#FCFF
CAN-RX can0 02000000#0000
CAN-RX can0 03C30F0F#87878787878787
CAN-RX can0 02000000#0000
CAN-RX can0 02000000#0000
CAN-RX can0 08300103#F3FF
CAN-RX can0 00E#6E4621DF00000000
CAN-RX can0 02000000#0000
CAN-RX can0 02000000#0000
CAN-RX can0 08300103#F9FF
CAN-RX can0 02000000#0000
CAN-RX can0 140C0201#0000
CAN-RX can0 02000000#0000
CAN-RX can0 02000000#0000
CAN-RX can0 08300103#0000
CAN-RX can0 00E#6E4621DF00000000
CAN-RX can0 02000000#0000
CAN-RX can0 02000000#0000
CAN-RX can0 08300103#0D00
CAN-RX can0 02000000#0000
CAN-RX can0 03C30F0F#87878787878787
CAN-RX can0 02000000#0000
CAN-RX can0 02000000#0000
CAN-RX can0 08300103#0200
CAN-RX can0 00E#6E4621DF00000000
CAN-RX can0 02000000#0000
CAN-RX can0 02000000#0000
CAN-RX can0 08300103#0200
CAN-RX can0 02000000#0000
CAN-RX can0 02000000#0000
CAN-RX can0 14300200#0000
CAN-RX can0 02000000#0000
CAN-RX can0 08300103#0A00
CAN-RX can0 00E#6E4621DF00000000
CAN-RX can0 02000000#0000
CAN-RX can0 02000000#0000
CAN-RX can0 08300103#EEFF
CAN-RX can0 02000000#0000
CAN-RX can0 03C30F0F#87878787878787
CAN-RX can0 02000000#0000
CAN-RX can0 02000000#0000
CAN-RX can0 08300103#F7FF
CAN-RX can0 00E#6E4621DF00000000
CAN-RX can0 02000000#0000
CAN-RX can0 02000000#0000
CAN-RX can0 0C140300#C2
CAN-RX can0 08300103#FBFF
CAN-RX can0 02000000#0000
CAN-RX can0 02000000#0000
CAN-RX can0 02000000#0000
CAN-RX can0 08300103#0100
CAN-RX can0 00E#6E4621DF00000000
CAN-RX can0 02000000#0000
CAN-RX can0 02000000#0000
CAN-RX can0 08300103#0000
CAN-RX can0 02000000#0000
CAN-RX can0 03C30F0F#87878787878787
CAN-RX can0 140C0201#0000
CAN-RX can0 02000000#0000
CAN-RX can0 02000000#0000
CAN-RX can0 08300103#0200
CAN-RX can0 00E#6E4621DF00000000
CAN-RX can0 02000000#0000
CAN-RX can0 02000000#0000
CAN-RX can0 08300103#F7FF
CAN-RX can0 02000000#0000
CAN-RX can0 02000000#0000
CAN-RX can0 02000000#0000
CAN-RX can0 0C140200#C0
CAN-RX can0 00E#6E4621DF00000000
CAN-RX can0 02000000#0000
CAN-RX can0 02000000#0000
CAN-RX can0 02000000#0000
CAN-RX can0 03C30F0F#87878787878787
CAN-RX can0 02000000#0000
CAN-RX can0 14300200#0000
CAN-RX can0 02000000#0000
CAN-RX can0 00E#6E4621DF00000000
CAN-RX can0 02000000#0000
CAN-RX can0 02000000#0000
CAN-RX can0 08300103#0600
CAN-RX can0 02000000#0000
CAN-RX can0 02000000#0000
CAN-RX can0 02000000#0000
CAN-RX can0 08300103#1100
CAN-RX can0 0C140200#C1
CAN-RX can0 00E#6E4621DF00000000
CAN-RX can0 02000000#0000
CAN-RX can0 02000000#0000
CAN-RX can0 08300103#FEFF
CAN-RX can0 02000000#0000
CAN-RX can0 03C30F0F#87878787878787
CAN-RX can0 02000000#0000
CAN-RX can0 02000000#0000
CAN-RX can0 08300103#FEFF
CAN-RX can0 00E#6E4621DF00000000
CAN-RX can0 02000000#0000
CAN-RX can0 02000000#0000
CAN-RX can0 08300103#0000
CAN-RX can0 02000000#0000
CAN-RX can0 140C0201#0000
CAN-RX can0 02000000#0000
CAN-RX can0 02000000#0000
CAN-RX can0 08300103#FFFF
CAN-RX can0 00E#6E4621DF00000000
CAN-RX can0 02000000#0000
CAN-RX can0 02000000#0000
CAN-RX can0 08300103#0000
CAN-RX can0 02000000#0000
CAN-RX can0 03C30F0F#87878787878787
CAN-RX can0 02000000#0000
CAN-RX can0 08300103#FDFF
CAN-RX can0 02000000#0000
CAN-RX can0 00E#6E4621DF00000000
CAN-RX can0 02000000#0000
CAN-RX can0 02000000#0000
CAN-RX can0 08300103#0200
CAN-RX can0 02000000#0000
CAN-RX can0 02000000#0000
CAN-RX can0 14300200#0000
CAN-RX can0 08300103#0A00
CAN-RX can0 02000000#0000
CAN-RX can0 00E#6E4621DF00000000
CAN-RX can0 02000000#0000
CAN-RX can0 1C300204#9AE505009AE50500
CAN-RX can0 02000000#0000
CAN-RX can0 08300103#FDFF
CAN-RX can0 02000000#0000
CAN-RX can0 03C30F0F#87878787878787
CAN-RX can0 1C0C0200#1E
CAN-RX can0 02000000#0000
CAN-RX can0 08300103#0000
CAN-RX can0 02000000#0000
CAN-RX can0 00E#6E4621DF00000000
CAN-RX can0 02000000#0000
CAN-RX can0 1C2C0000#012800A90A1A
CAN-RX can0 02000000#0000
CAN-RX can0 08300103#FBFF
CAN-RX can0 02000000#0000
CAN-RX can0 02000000#0000
CAN-RX can0 08300103#EFFF
CAN-RX can0 02000000#0000
CAN-RX can0 00E#6E4621DF00000000
CAN-RX can0 02000000#0000
CAN-RX can0 02000000#0000
CAN-RX can0 08300103#FEFF
CAN-RX can0 02000000#0000
CAN-RX can0 03C30F0F#87878787878787
CAN-RX can0 140C0201#0000
CAN-RX can0 02000000#0000
CAN-RX can0 08300103#0100
CAN-RX can0 02000000#0000
CAN-RX can0 00E#6E4621DF00000000
CAN-RX can0 02000000#0000
CAN-RX can0 02000000#0000
CAN-RX can0 08300103#0A00
CAN-RX can0 02000000#0000
CAN-RX can0 02000000#0000
CAN-RX can0 08300103#FEFF
CAN-RX can0 02000000#0000
CAN-RX can0 00E#6E4621DF00000000
CAN-RX can0 02000000#0000
CAN-RX can0 02000000#0000
CAN-RX can0 08300103#0C00
CAN-RX can0 02000000#0000
CAN-RX can0 03C30F0F#87878787878787
CAN-RX can0 02000000#0000
CAN-RX can0 14300200#0000
CAN-RX can0 08300103#0400
CAN-RX can0 02000000#0000
CAN-RX can0 00E#6E4621DF00000000
CAN-RX can0 02000000#0000
CAN-RX can0 02000000#0000
CAN-RX can0 08300103#0C00
CAN-RX can0 02000000#0000
CAN-RX can0 02000000#0000
CAN-RX can0 08300103#0900
CAN-RX can0 02000000#0000
CAN-RX can0 00E#6E4621DF00000000
CAN-RX can0 02000000#0000
CAN-RX can0 02000000#0000
CAN-RX can0 08300103#0B00
CAN-RX can0 02000000#0000
CAN-RX can0 03C30F0F#87878787878787
CAN-RX can0 02000000#0000
CAN-RX can0 08300103#0000
CAN-RX can0 02000000#0000
CAN-RX can0 00E#6E4621DF00000000
CAN-RX can0 02000000#0000
CAN-RX can0 02000000#0000
CAN-RX can0 08300103#0300
CAN-RX can0 02000000#0000
CAN-RX can0 140C0201#0000
CAN-RX can0 02000000#0000
CAN-RX can0 08300103#0700
CAN-RX can0 02000000#0000
CAN-RX can0 00E#6E4621DF00000000
CAN-RX can0 02000000#0000
CAN-RX can0 02000000#0000
CAN-RX can0 08300103#0800
CAN-RX can0 02000000#0000
CAN-RX can0 03C30F0F#87878787878787
CAN-RX can0 02000000#0000
CAN-RX can0 08300103#FFFF
CAN-RX can0 02000000#0000
CAN-RX can0 00E#6E4621DF00000000
CAN-RX can0 02000000#0000
CAN-RX can0 02000000#0000
CAN-RX can0 08300103#FCFF
CAN-RX can0 02000000#0000
CAN-RX can0 02000000#0000
CAN-RX can0 14300200#0000
CAN-RX can0 08300103#0300
CAN-RX can0 02000000#0000
CAN-RX can0 00E#6E4621DF00000000
CAN-RX can0 02000000#0000
CAN-RX can0 02000000#0000
CAN-RX can0 08300103#F7FF
CAN-RX can0 02000000#0000
CAN-RX can0 03C30F0F#87878787878787
CAN-RX can0 02000000#0000
CAN-RX can0 08300103#F1FF
CAN-RX can0 02000000#0000
CAN-RX can0 00E#6E4621DF00000000
CAN-RX can0 02000000#0000
CAN-RX can0 0C140300#C2
CAN-RX can0 02000000#0000
CAN-RX can0 08300103#F7FF
CAN-RX can0 02000000#0000
CAN-RX can0 02000000#0000
CAN-RX can0 08300103#0000
CAN-RX can0 02000000#0000
CAN-RX can0 00E#6E4621DF00000000
CAN-RX can0 02000000#0000
CAN-RX can0 02000000#0000
CAN-RX can0 08300103#0200
CAN-RX can0 02000000#0000
CAN-RX can0 03C30F0F#87878787878787
CAN-RX can0 140C0201#0000
CAN-RX can0 02000000#0000
CAN-RX can0 08300103#0300
CAN-RX can0 02000000#0000
CAN-RX can0 00E#6E4621DF00000000
CAN-RX can0 02000000#0000
CAN-RX can0 02000000#0000
CAN-RX can0 08300103#0500
CAN-RX can0 02000000#0000
CAN-RX can0 02000000#0000
CAN-RX can0 02000000#0000
CAN-RX can0 0C140200#C0
CAN-RX can0 00E#6E4621DF00000000
CAN-RX can0 02000000#0000
CAN-RX can0 02000000#0000
CAN-RX can0 02000000#0000
CAN-RX can0 03C30F0F#87878787878787
CAN-RX can0 02000000#0000
CAN-RX can0 14300200#0000
CAN-RX can0 02000000#0000
CAN-RX can0 00E#6E4621DF00000000
CAN-RX can0 02000000#0000
CAN-RX can0 02000000#0000
CAN-RX can0 08300103#FAFF
CAN-RX can0 02000000#0000
CAN-RX can0 02000000#0000
CAN-RX can0 08300103#F5FF
CAN-RX can0 02000000#0000
CAN-RX can0 0C140200#C1
CAN-RX can0 00E#6E4621DF00000000
CAN-RX can0 02000000#0000
CAN-RX can0 02000000#0000
CAN-RX can0 08300103#FCFF
CAN-RX can0 02000000#0000
CAN-RX can0 03C30F0F#87878787878787
CAN-RX can0 02000000#0000
CAN-RX can0 08300103#F1FF
CAN-RX can0 02000000#0000
CAN-RX can0 00E#6E4621DF00000000
CAN-RX can0 02000000#0000
CAN-RX can0 02000000#0000
CAN-RX can0 08300103#0000
CAN-RX can0 02000000#0000
CAN-RX can0 140C0201#0000
CAN-RX can0 02000000#0000
CAN-RX can0 08300103#0100
CAN-RX can0 02000000#0000
CAN-RX can0 00E#6E4621DF00000000
CAN-RX can0 02000000#0000
CAN-RX can0 02000000#0000
CAN-RX can0 08300103#0D00
CAN-RX can0 02000000#0000
CAN-RX can0 03C30F0F#87878787878787
CAN-RX can0 02000000#0000
CAN-RX can0 08300103#1600
CAN-RX can0 02000000#0000
CAN-RX can0 00E#6E4621DF00000000
CAN-RX can0 02000000#0000
CAN-RX can0 02000000#0000
CAN-RX can0 08300103#FFFF
CAN-RX can0 02000000#0000
CAN-RX can0 02000000#0000
CAN-RX can0 14300200#0000
CAN-RX can0 08300103#FEFF
CAN-RX can0 02000000#0000
CAN-RX can0 00E#6E4621DF00000000
CAN-RX can0 02000000#0000
CAN-RX can0 02000000#0000
CAN-RX can0 08300103#FEFF
CAN-RX can0 1C300204#9AE505009AE50500
CAN-RX can0 02000000#0000
CAN-RX can0 03C30F0F#87878787878787
CAN-RX can0 1C0C0200#1E
CAN-RX can0 02000000#0000
CAN-RX can0 08300103#F0FF
CAN-RX can0 02000000#0000
CAN-RX can0 00E#6E4621DF00000000
CAN-RX can0 02000000#0000
CAN-RX can0 1C2C0000#022800A90A1A
CAN-RX can0 02000000#0000
CAN-RX can0 08300103#EAFF
CAN-RX can0 02000000#0000
CAN-RX can0 02000000#0000
CAN-RX can0 08300103#1800
CAN-RX can0 02000000#0000
CAN-RX can0 00E#6E4621DF00000000
CAN-RX can0 02000000#0000
CAN-RX can0 02000000#0000
CAN-RX can0 08300103#0000
CAN-RX can0 02000000#0000
CAN-RX can0 03C30F0F#87878787878787
CAN-RX can0 140C0201#0000
CAN-RX can0 02000000#0000
CAN-RX can0 08300103#F6FF
CAN-RX can0 02000000#0000
CAN-RX can0 00E#6E4621DF00000000
CAN-RX can0 02000000#0000
CAN-RX can0 02000000#0000
CAN-RX can0 08300103#0700
CAN-RX can0 02000000#0000
CAN-RX can0 02000000#0000
CAN-RX can0 08300103#0B00
CAN-RX can0 02000000#0000
CAN-RX can0 00E#6E4621DF00000000
CAN-RX can0 02000000#0000
CAN-RX can0 02000000#0000
CAN-RX can0 08300103#0C00
CAN-RX can0 02000000#0000
CAN-RX can0 03C30F0F#87878787878787
CAN-RX can0 02000000#0000
CAN-RX can0 14300200#0000
CAN-RX can0 08300103#FCFF
CAN-RX can0 02000000#0000
CAN-RX can0 00E#6E4621DF00000000
CAN-RX can0 02000000#0000
CAN-RX can0 02000000#0000
CAN-RX can0 08300103#0800
CAN-RX can0 02000000#0000
CAN-RX can0 02000000#0000
CAN-RX can0 08300103#0800
CAN-RX can0 02000000#0000
CAN-RX can0 00E#6E4621DF00000000
CAN-RX can0 02000000#0000
CAN-RX can0 02000000#0000
CAN-RX can0 08300103#0000
CAN-RX can0 02000000#0000
CAN-RX can0 03C30F0F#87878787878787
CAN-RX can0 02000000#0000
CAN-RX can0 08300103#FDFF
CAN-RX can0 02000000#0000
CAN-RX can0 00E#6E4621DF00000000
CAN-RX can0 02000000#0000
CAN-RX can0 02000000#0000
CAN-RX can0 08300103#0200
CAN-RX can0 02000000#0000
CAN-RX can0 140C0201#0000
CAN-RX can0 02000000#0000
CAN-RX can0 08300103#0B00
CAN-RX can0 02000000#0000
CAN-RX can0 00E#6E4621DF00000000
CAN-RX can0 02000000#0000
CAN-RX can0 02000000#0000
CAN-RX can0 08300103#FDFF
CAN-RX can0 02000000#0000
CAN-RX can0 03C30F0F#87878787878787
CAN-RX can0 02000000#0000
CAN-RX can0 08300103#0300
CAN-RX can0 02000000#0000
CAN-RX can0 00E#6E4621DF00000000
CAN-RX can0 02000000#0000
CAN-RX can0 02000000#0000
CAN-RX can0 08300103#0800
CAN-RX can0 02000000#0000
CAN-RX can0 02000000#0000
CAN-RX can0 14300200#0000
CAN-RX can0 08300103#0100
CAN-RX can0 02000000#0000
CAN-RX can0 00E#6E4621DF00000000
CAN-RX can0 02000000#0000
CAN-RX can0 02000000#0000
CAN-RX can0 08300103#0400
CAN-RX can0 02000000#0000
CAN-RX can0 03C30F0F#87878787878787
CAN-RX can0 02000000#0000
CAN-RX can0 08300103#FFFF
CAN-RX can0 02000000#0000
CAN-RX can0 00E#6E4621DF00000000
CAN-RX can0 02000000#0000
CAN-RX can0 0C140300#C2
CAN-RX can0 02000000#0000
CAN-RX can0 08300103#F8FF
CAN-RX can0 02000000#0000
CAN-RX can0 02000000#0000
CAN-RX can0 08300103#FAFF
CAN-RX can0 02000000#0000
CAN-RX can0 00E#6E4621DF00000000
CAN-RX can0 02000000#0000
CAN-RX can0 02000000#0000
CAN-RX can0 08300103#0500
CAN-RX can0 02000000#0000
CAN-RX can0 03C30F0F#87878787878787
CAN-RX can0 140C0201#0000
CAN-RX can0 02000000#0000
CAN-RX can0 08300103#FAFF
CAN-RX can0 02000000#0000
CAN-RX can0 00E#6E4621DF00000000
CAN-RX can0 02000000#0000
CAN-RX can0 02000000#0000
CAN-RX can0 08300103#0400
CAN-RX can0 02000000#0000
CAN-RX can0 02000000#0000
CAN-RX can0 02000000#0000
CAN-RX can0 0C140200#C0
CAN-RX can0 00E#6E4621DF00000000
CAN-RX can0 02000000#0000
CAN-RX can0 02000000#0000
CAN-RX can0 02000000#0000
CAN-RX can0 03C30F0F#87878787878787
CAN-RX can0 02000000#0000
CAN-RX can0 14300200#0000
CAN-RX can0 02000000#0000
CAN-RX can0 00E#6E4621DF00000000
CAN-RX can0 02000000#0000
CAN-RX can0 02000000#0000
CAN-RX can0 08300103#FAFF
CAN-RX can0 02000000#0000
CAN-RX can0 02000000#0000
CAN-RX can0 08300103#F7FF
CAN-RX can0 02000000#0000
CAN-RX can0 0C140200#C1
CAN-RX can0 00E#6E4621DF00000000
CAN-RX can0 02000000#0000
CAN-RX can0 02000000#0000
CAN-RX can0 08300103#0500
CAN-RX can0 02000000#0000
CAN-RX can0 03C30F0F#87878787878787
CAN-RX can0 02000000#0000
CAN-RX can0 08300103#0200
CAN-RX can0 02000000#0000
CAN-RX can0 00E#6E4621DF00000000
CAN-RX can0 02000000#0000
CAN-RX can0 02000000#0000
CAN-RX can0 08300103#1000
CAN-RX can0 02000000#0000
CAN-RX can0 140C0201#0000
CAN-RX can0 02000000#0000
CAN-RX can0 08300103#0200
CAN-RX can0 02000000#0000
CAN-RX can0 00E#6E4621DF00000000
CAN-RX can0 02000000#0000
CAN-RX can0 08300103#0500
CAN-RX can0 02000000#0000
CAN-RX can0 02000000#0000
CAN-RX can0 03C30F0F#87878787878787
CAN-RX can0 02000000#0000
CAN-RX can0 08300103#0800
CAN-RX can0 02000000#0000
CAN-RX can0 00E#6E4621DF00000000
CAN-RX can0 02000000#0000
CAN-RX can0 08300103#F4FF
CAN-RX can0 02000000#0000
CAN-RX can0 02000000#0000
CAN-RX can0 02000000#0000
CAN-RX can0 14300200#0000
CAN-RX can0 08300103#FEFF
CAN-RX can0 02000000#0000
CAN-RX can0 00E#6E4621DF00000000
CAN-RX can0 02000000#0000
CAN-RX can0 08300103#0A00
CAN-RX can0 02000000#0000
CAN-RX can0 02000000#0000
CAN-RX can0 03C30F0F#87878787878787
CAN-RX can0 1C0C0200#1E
CAN-RX can0 1C300204#9AE505009AE50500
CAN-RX can0 02000000#0000
CAN-RX can0 08300103#FFFF
CAN-RX can0 02000000#0000
CAN-RX can0 00E#6E4621DF00000000
CAN-RX can0 02000000#0000
CAN-RX can0 1C2C0000#032800A90A1A
CAN-RX can0 08300103#F8FF
CAN-RX can0 02000000#0000
CAN-RX can0 02000000#0000
CAN-RX can0 02000000#0000
CAN-RX can0 08300103#0100
CAN-RX can0 02000000#0000
CAN-RX can0 00E#6E4621DF00000000
CAN-RX can0 02000000#0000
CAN-RX can0 08300103#0600
CAN-RX can0 02000000#0000
CAN-RX can0 02000000#0000
CAN-RX can0 03C30F0F#87878787878787
CAN-RX can0 140C0201#0000
CAN-RX can0 02000000#0000
CAN-RX can0 08300103#0800
CAN-RX can0 02000000#0000
CAN-RX can0 00E#6E4621DF00000000
CAN-RX can0 02000000#0000
CAN-RX can0 08300103#F9FF
CAN-RX can0 02000000#0000
CAN-RX can0 02000000#0000
CAN-RX can0 02000000#0000
CAN-RX can0 08300103#F8FF
CAN-RX can0 02000000#0000
CAN-RX can0 00E#6E4621DF00000000
CAN-RX can0 02000000#0000
CAN-RX can0 08300103#F4FF
CAN-RX can0 02000000#0000
CAN-RX can0 02000000#0000
CAN-RX can0 03C30F0F#87878787878787
CAN-RX can0 02000000#0000
CAN-RX can0 14300200#0000
CAN-RX can0 08300103#FDFF
CAN-RX can0 02000000#0000
CAN-RX can0 00E#6E4621DF00000000
CAN-RX can0 02000000#0000
CAN-RX can0 08300103#0700
CAN-RX can0 02000000#0000
CAN-RX can0 02000000#0000
CAN-RX can0 02000000#0000
CAN-RX can0 08300103#0900
CAN-RX can0 02000000#0000
CAN-RX can0 00E#6E4621DF00000000
CAN-RX can0 02000000#0000
CAN-RX can0 08300103#0000
CAN-RX can0 02000000#0000
CAN-RX can0 02000000#0000
CAN-RX can0 03C30F0F#87878787878787
CAN-RX can0 02000000#0000
CAN-RX can0 08300103#0800
CAN-RX can0 02000000#0000
CAN-RX can0 00E#6E4621DF00000000
CAN-RX can0 02000000#0000
CAN-RX can0 08300103#0A00
CAN-RX can0 02000000#0000
CAN-RX can0 02000000#0000
CAN-RX can0 140C0201#0000
CAN-RX can0 02000000#0000
CAN-RX can0 08300103#0600
CAN-RX can0 02000000#0000
CAN-RX can0 00E#6E4621DF00000000
CAN-RX can0 02000000#0000
CAN-RX can0 08300103#F6FF
CAN-RX can0 02000000#0000
CAN-RX can0 02000000#0000
CAN-RX can0 03C30F0F#87878787878787
CAN-RX can0 02000000#0000
CAN-RX can0 08300103#0400
CAN-RX can0 02000000#0000
CAN-RX can0 00E#6E4621DF00000000
CAN-RX can0 02000000#0000
CAN-RX can0 08300103#0500
CAN-RX can0 02000000#0000
CAN-RX can0 02000000#0000
CAN-RX can0 02000000#0000
CAN-RX can0 14300200#0000
CAN-RX can0 08300103#F6FF
CAN-RX can0 02000000#0000
CAN-RX can0 00E#6E4621DF00000000
CAN-RX can0 02000000#0000
CAN-RX can0 08300103#0100
CAN-RX can0 02000000#0000
CAN-RX can0 02000000#0000
CAN-RX can0 03C30F0F#87878787878787
CAN-RX can0 02000000#0000
CAN-RX can0 08300103#FCFF
CAN-RX can0 02000000#0000
CAN-RX can0 00E#6E4621DF00000000
CAN-RX can0 02000000#0000
CAN-RX can0 08300103#0C00
CAN-RX can0 0C140300#C2
CAN-RX can0 02000000#0000
CAN-RX can0 02000000#0000
CAN-RX can0 02000000#0000
CAN-RX can0 08300103#0700
CAN-RX can0 02000000#0000
CAN-RX can0 00E#6E4621DF00000000
CAN-RX can0 02000000#0000
CAN-RX can0 08300103#F5FF
CAN-RX can0 02000000#0000
CAN-RX can0 02000000#0000
CAN-RX can0 03C30F0F#87878787878787
CAN-RX can0 140C0201#0000
CAN-RX can0 02000000#0000
CAN-RX can0 08300103#F9FF
CAN-RX can0 02000000#0000
CAN-RX can0 00E#6E4621DF00000000
CAN-RX can0 02000000#0000
CAN-RX can0 08300103#FFFF
CAN-RX can0 02000000#0000
CAN-RX can0 02000000#0000
CAN-RX can0 02000000#0000
CAN-RX can0 02000000#0000
CAN-RX can0 0C140200#C0
CAN-RX can0 00E#6E4621DF00000000
CAN-RX can0 02000000#0000
CAN-RX can0 02000000#0000
CAN-RX can0 02000000#0000
CAN-RX can0 03C30F0F#87878787878787
CAN-RX can0 02000000#0000
CAN-RX can0 14300200#0000
CAN-RX can0 02000000#0000
CAN-RX can0 00E#6E4621DF00000000
CAN-RX can0 02000000#0000
CAN-RX can0 08300103#0300
CAN-RX can0 02000000#0000
CAN-RX can0 02000000#0000
CAN-RX can0 02000000#0000
CAN-RX can0 08300103#0000
CAN-RX can0 02000000#0000
CAN-RX can0 0C140200#C1
CAN-RX can0 00E#6E4621DF00000000
CAN-RX can0 02000000#0000
CAN-RX can0 08300103#0300
CAN-RX can0 02000000#0000
CAN-RX can0 02000000#0000
CAN-RX can0 03C30F0F#87878787878787
CAN-RX can0 02000000#0000
CAN-RX can0 08300103#FDFF
CAN-RX can0 02000000#0000
CAN-RX can0 00E#6E4621DF00000000
CAN-RX can0 02000000#0000
CAN-RX can0 08300103#0900
CAN-RX can0 02000000#0000
CAN-RX can0 02000000#0000
CAN-RX can0 140C0201#0000
CAN-RX can0 02000000#0000
CAN-RX can0 08300103#EEFF
CAN-RX can0 02000000#0000
CAN-RX can0 00E#6E4621DF00000000
CAN-RX can0 02000000#0000
CAN-RX can0 08300103#FBFF
CAN-RX can0 02000000#0000
CAN-RX can0 02000000#0000
CAN-RX can0 03C30F0F#87878787878787
CAN-RX can0 02000000#0000
CAN-RX can0 08300103#F4FF
CAN-RX can0 02000000#0000
CAN-RX can0 00E#6E4621DF00000000
CAN-RX can0 02000000#0000
CAN-RX can0 08300103#FEFF
CAN-RX can0 02000000#0000
CAN-RX can0 02000000#0000
CAN-RX can0 02000000#0000
CAN-RX can0 08300103#FAFF
CAN-RX can0 14300200#0000
CAN-RX can0 02000000#0000
CAN-RX can0 00E#6E4621DF00000000
CAN-RX can0 02000000#0000
CAN-RX can0 08300103#0A00
CAN-RX can0 02000000#0000
CAN-RX can0 02000000#0000
CAN-RX can0 03C30F0F#87878787878787
CAN-RX can0 1C0C0200#1E
CAN-RX can0 02000000#0000
CAN-RX can0 08300103#0300
CAN-RX can0 1C300204#9AE505009AE50500
CAN-RX can0 02000000#0000
CAN-RX can0 00E#6E4621DF00000000
CAN-RX can0 02000000#0000
CAN-RX can0 1C2C0000#042800A90A1A
CAN-RX can0 08300103#0D00
CAN-RX can0 02000000#0000
CAN-RX can0 02000000#0000
CAN-RX can0 02000000#0000
CAN-RX can0 08300103#FAFF
CAN-RX can0 02000000#0000
CAN-RX can0 00E#6E4621DF00000000
CAN-RX can0 02000000#0000
CAN-RX can0 08300103#F9FF
CAN-RX can0 02000000#0000
CAN-RX can0 02000000#0000
CAN-RX can0 03C30F0F#87878787878787
CAN-RX can0 140C0201#0000
CAN-RX can0 02000000#0000
CAN-RX can0 08300103#0400
CAN-RX can0 02000000#0000
CAN-RX can0 00E#6E4621DF00000000
CAN-RX can0 02000000#0000
CAN-RX can0 08300103#0400
CAN-RX can0 02000000#0000
CAN-RX can0 02000000#0000
CAN-RX can0 02000000#0000
CAN-RX can0 08300103#0600
CAN-RX can0 02000000#0000
CAN-RX can0 00E#6E4621DF00000000
CAN-RX can0 02000000#0000
CAN-RX can0 08300103#F7FF
CAN-RX can0 02000000#0000
CAN-RX can0 02000000#0000
CAN-RX can0 03C30F0F#87878787878787
CAN-RX can0 02000000#0000
CAN-RX can0 08300103#F3FF
CAN-RX can0 14300200#0000
CAN-RX can0 02000000#0000
CAN-RX can0 00E#6E4621DF00000000
CAN-RX can0 02000000#0000
CAN-RX can0 08300103#F2FF
CAN-RX can0 02000000#0000
CAN-RX can0 02000000#0000
CAN-RX can0 02000000#0000
CAN-RX can0 08300103#0A00
CAN-RX can0 02000000#0000
CAN-RX can0 00E#6E4621DF00000000
CAN-RX can0 02000000#0000
CAN-RX can0 08300103#0A00
CAN-RX can0 02000000#0000
CAN-RX can0 02000000#0000
CAN-RX can0 03C30F0F#87878787878787
CAN-RX can0 02000000#0000
CAN-RX can0 08300103#0B00
CAN-RX can0 02000000#0000
CAN-RX can0 00E#6E4621DF00000000
CAN-RX can0 02000000#0000
CAN-RX can0 08300103#FBFF
CAN-RX can0 02000000#0000
CAN-RX can0 02000000#0000
CAN-RX can0 140C0201#0000
CAN-RX can0 02000000#0000
CAN-RX can0 08300103#FDFF
CAN-RX can0 02000000#0000
CAN-RX can0 00E#6E4621DF00000000
CAN-RX can0 02000000#0000
CAN-RX can0 08300103#FCFF
CAN-RX can0 02000000#0000
CAN-RX can0 02000000#0000
CAN-RX can0 03C30F0F#87878787878787
CAN-RX can0 02000000#0000
CAN-RX can0 08300103#0300
CAN-RX can0 02000000#0000
CAN-RX can0 00E#6E4621DF00000000
CAN-RX can0 02000000#0000
CAN-RX can0 08300103#FAFF
CAN-RX can0 02000000#0000
CAN-RX can0 02000000#0000
CAN-RX can0 02000000#0000
CAN-RX can0 08300103#F7FF
CAN-RX can0 14300200#0000
CAN-RX can0 02000000#0000
CAN-RX can0 00E#6E4621DF00000000
CAN-RX can0 02000000#0000
CAN-RX can0 08300103#0C00
CAN-RX can0 02000000#0000
CAN-RX can0 02000000#0000
CAN-RX can0 03C30F0F#87878787878787
CAN-RX can0 02000000#0000
CAN-RX can0 08300103#FDFF
CAN-RX can0 02000000#0000
CAN-RX can0 00E#6E4621DF00000000
CAN-RX can0 02000000#0000
CAN-RX can0 08300103#0100
CAN-RX can0 0C140300#C2
CAN-RX can0 02000000#0000
CAN-RX can0 02000000#0000
CAN-RX can0 02000000#0000
CAN-RX can0 08300103#0600
CAN-RX can0 02000000#0000
CAN-RX can0 00E#6E4621DF00000000
CAN-RX can0 02000000#0000
CAN-RX can0 08300103#F7FF
CAN-RX can0 02000000#0000
CAN-RX can0 02000000#0000
CAN-RX can0 03C30F0F#87878787878787
CAN-RX can0 140C0201#0000
CAN-RX can0 02000000#0000
CAN-RX can0 08300103#0000
CAN-RX can0 02000000#0000
CAN-RX can0 00E#6E4621DF00000000
CAN-RX can0 02000000#0000
CAN-RX can0 08300103#0700
CAN-RX can0 02000000#0000
CAN-RX can0 02000000#0000
CAN-RX can0 02000000#0000
CAN-RX can0 02000000#0000
CAN-RX can0 0C140200#C0
CAN-RX can0 00E#6E4621DF00000000
CAN-RX can0 02000000#0000
CAN-RX can0 02000000#0000
CAN-RX can0 02000000#0000
CAN-RX can0 03C30F0F#87878787878787
CAN-RX can0 02000000#0000
CAN-RX can0 14300200#0000
CAN-RX can0 02000000#0000
CAN-RX can0 00E#6E4621DF00000000
CAN-RX can0 02000000#0000
CAN-RX can0 08300103#0000
CAN-RX can0 02000000#0000
CAN-RX can0 02000000#0000
CAN-RX can0 02000000#0000
CAN-RX can0 08300103#0300
CAN-RX can0 02000000#0000
CAN-RX can0 0C140200#C1
CAN-RX can0 00E#6E4621DF00000000
CAN-RX can0 02000000#0000
CAN-RX can0 08300103#FFFF
CAN-RX can0 02000000#0000
CAN-RX can0 02000000#0000
CAN-RX can0 03C30F0F#87878787878787
CAN-RX can0 02000000#0000
CAN-RX can0 08300103#FBFF
CAN-RX can0 02000000#0000
CAN-RX can0 00E#6E4621DF00000000
CAN-RX can0 02000000#0000
CAN-RX can0 08300103#1100
CAN-RX can0 02000000#0000
CAN-RX can0 02000000#0000
CAN-RX can0 140C0201#0000
CAN-RX can0 02000000#0000
CAN-RX can0 08300103#0100
CAN-RX can0 02000000#0000
CAN-RX can0 00E#6E4621DF00000000
CAN-RX can0 02000000#0000
CAN-RX can0 08300103#1000
CAN-RX can0 02000000#0000
CAN-RX can0 02000000#0000
CAN-RX can0 03C30F0F#87878787878787
CAN-RX can0 08300103#F8FF
CAN-RX can0 02000000#0000
CAN-RX can0 02000000#0000
CAN-RX can0 00E#6E4621DF00000000
CAN-RX can0 02000000#0000
CAN-RX can0 08300103#FEFF
CAN-RX can0 02000000#0000
CAN-RX can0 02000000#0000
CAN-RX can0 08300103#0000
CAN-RX can0 02000000#0000
CAN-RX can0 14300200#0000
CAN-RX can0 02000000#0000
CAN-RX can0 00E#6E4621DF00000000
CAN-RX can0 02000000#0000
CAN-RX can0 08300103#0C00
CAN-RX can0 02000000#0000
CAN-RX can0 02000000#0000
CAN-RX can0 03C30F0F#87878787878787
CAN-RX can0 1C0C0200#1E
CAN-RX can0 08300103#0300
CAN-RX can0 02000000#0000
CAN-RX can0 02000000#0000
CAN-RX can0 1C300204#9AE505009AE50500
CAN-RX can0 00E#6E4621DF00000000
CAN-RX can0 02000000#0000
CAN-RX can0 08300103#0300
CAN-RX can0 1C2C0000#052800A90A1A
CAN-RX can0 02000000#0000
CAN-RX can0 02000000#0000
CAN-RX can0 08300103#FCFF
CAN-RX can0 02000000#0000
CAN-RX can0 02000000#0000
CAN-RX can0 00E#6E4621DF00000000
CAN-RX can0 02000000#0000
CAN-RX can0 08300103#FCFF
CAN-RX can0 02000000#0000
CAN-RX can0 02000000#0000
CAN-RX can0 03C30F0F#87878787878787
CAN-RX can0 140C0201#0000
CAN-RX can0 08300103#0000
CAN-RX can0 02000000#0000
CAN-RX can0 02000000#0000
CAN-RX can0 00E#6E4621DF00000000
CAN-RX can0 02000000#0000
CAN-RX can0 08300103#0800
CAN-RX can0 02000000#0000
CAN-RX can0 02000000#0000
CAN-RX can0 08300103#0600
CAN-RX can0 02000000#0000
CAN-RX can0 02000000#0000
CAN-RX can0 00E#6E4621DF00000000
CAN-RX can0 02000000#0000
CAN-RX can0 08300103#0900
CAN-RX can0 02000000#0000
CAN-RX can0 02000000#0000
CAN-RX can0 03C30F0F#87878787878787
CAN-RX can0 08300103#F0FF
CAN-RX can0 02000000#0000
CAN-RX can0 14300200#0000
CAN-RX can0 02000000#0000
CAN-RX can0 00E#6E4621DF00000000
CAN-RX can0 02000000#0000
CAN-RX can0 08300103#0700
CAN-RX can0 02000000#0000
CAN-RX can0 02000000#0000
CAN-RX can0 08300103#0C00
CAN-RX can0 02000000#0000
CAN-RX can0 02000000#0000
CAN-RX can0 00E#6E4621DF00000000
CAN-RX can0 02000000#0000
CAN-RX can0 08300103#FFFF
CAN-RX can0 02000000#0000
CAN-RX can0 02000000#0000
CAN-RX can0 03C30F0F#87878787878787
CAN-RX can0 08300103#0000
CAN-RX can0 02000000#0000
CAN-RX can0 02000000#0000
CAN-RX can0 00E#6E4621DF00000000
CAN-RX can0 02000000#0000
CAN-RX can0 08300103#0900
CAN-RX can0 02000000#0000
CAN-RX can0 02000000#0000
CAN-RX can0 140C0201#0000
CAN-RX can0 08300103#0A00
CAN-RX can0 02000000#0000
CAN-RX can0 02000000#0000
CAN-RX can0 00E#6E4621DF00000000
CAN-RX can0 02000000#0000
CAN-RX can0 08300103#0500
CAN-RX can0 02000000#0000
CAN-RX can0 02000000#0000
CAN-RX can0 03C30F0F#87878787878787
CAN-RX can0 08300103#0800
CAN-RX can0 02000000#0000
CAN-RX can0 02000000#0000
CAN-RX can0 00E#6E4621DF00000000
CAN-RX can0 02000000#0000
CAN-RX can0 08300103#0B00
CAN-RX can0 02000000#0000
CAN-RX can0 02000000#0000
CAN-RX can0 08300103#0000
CAN-RX can0 02000000#0000
CAN-RX can0 14300200#0000
CAN-RX can0 02000000#0000
CAN-RX can0 00E#6E4621DF00000000
CAN-RX can0 02000000#0000
CAN-RX can0 08300103#FBFF
CAN-RX can0 02000000#0000
CAN-RX can0 02000000#0000
CAN-RX can0 03C30F0F#87878787878787
CAN-RX can0 08300103#0000
CAN-RX can0 02000000#0000
CAN-RX can0 02000000#0000
CAN-RX can0 00E#6E4621DF00000000
CAN-RX can0 02000000#0000
CAN-RX can0 08300103#FCFF
CAN-RX can0 0C140300#C2
CAN-RX can0 02000000#0000
CAN-RX can0 02000000#0000
CAN-RX can0 08300103#EFFF
CAN-RX can0 02000000#0000
CAN-RX can0 02000000#0000
CAN-RX can0 00E#6E4621DF00000000
CAN-RX can0 02000000#0000
CAN-RX can0 08300103#0700
CAN-RX can0 02000000#0000
CAN-RX can0 02000000#0000
CAN-RX can0 03C30F0F#87878787878787
CAN-RX can0 140C0201#0000
CAN-RX can0 08300103#1300
CAN-RX can0 02000000#0000
CAN-RX can0 02000000#0000
CAN-RX can0 00E#6E4621DF00000000
CAN-RX can0 02000000#0000
CAN-RX can0 08300103#0400
CAN-RX can0 02000000#0000
CAN-RX can0 02000000#0000
CAN-RX can0 02000000#0000
CAN-RX can0 02000000#0000
CAN-RX can0 0C140200#C0
CAN-RX can0 00E#6E4621DF00000000
CAN-RX can0 02000000#0000
CAN-RX can0 02000000#0000
CAN-RX can0 02000000#0000
CAN-RX can0 03C30F0F#87878787878787
CAN-RX can0 02000000#0000
CAN-RX can0 14300200#0000
CAN-RX can0 02000000#0000
CAN-RX can0 00E#6E4621DF00000000
CAN-RX can0 02000000#0000
CAN-RX can0 08300103#FDFF
CAN-RX can0 02000000#0000
CAN-RX can0 02000000#0000
CAN-RX can0 08300103#0300
CAN-RX can0 02000000#0000
CAN-RX can0 02000000#0000
CAN-RX can0 0C140200#C1
CAN-RX can0 00E#6E4621DF00000000
CAN-RX can0 02000000#0000
CAN-RX can0 08300103#0100
CAN-RX can0 02000000#0000
CAN-RX can0 02000000#0000
CAN-RX can0 03C30F0F#87878787878787
CAN-RX can0 08300103#FCFF
CAN-RX can0 02000000#0000
CAN-RX can0 02000000#0000
CAN-RX can0 00E#6E4621DF00000000
CAN-RX can0 02000000#0000
CAN-RX can0 08300103#1500
CAN-RX can0 02000000#0000
CAN-RX can0 02000000#0000
CAN-RX can0 140C0201#0000
CAN-RX can0 08300103#FEFF
CAN-RX can0 02000000#0000
CAN-RX can0 02000000#0000
CAN-RX can0 00E#6E4621DF00000000
CAN-RX can0 02000000#0000
CAN-RX can0 08300103#FAFF
CAN-RX can0 02000000#0000
CAN-RX can0 02000000#0000
CAN-RX can0 03C30F0F#87878787878787
CAN-RX can0 08300103#0300
CAN-RX can0 02000000#0000
CAN-RX can0 02000000#0000
CAN-RX can0 00E#6E4621DF00000000
CAN-RX can0 02000000#0000
CAN-RX can0 08300103#0B00
CAN-RX can0 02000000#0000
CAN-RX can0 02000000#0000
CAN-RX can0 08300103#0500
CAN-RX can0 02000000#0000
CAN-RX can0 14300200#0000
CAN-RX can0 02000000#0000
CAN-RX can0 00E#6E4621DF00000000
CAN-RX can0 02000000#0000
CAN-RX can0 08300103#0300
CAN-RX can0 02000000#0000
CAN-RX can0 02000000#0000
CAN-RX can0 03C30F0F#87878787878787
CAN-RX can0 1C0C0200#1E
CAN-RX can0 08300103#0200
CAN-RX can0 02000000#0000
CAN-RX can0 02000000#0000
CAN-RX can0 00E#6E4621DF00000000
CAN-RX can0 02000000#0000
CAN-RX can0 08300103#FEFF
CAN-RX can0 1C300204#9AE505009AE50500
CAN-RX can0 1C2C0000#062800A90A1A
CAN-RX can0 02000000#0000
CAN-RX can0 02000000#0000
CAN-RX can0 08300103#FFFF
CAN-RX can0 02000000#0000
CAN-RX can0 02000000#0000
CAN-RX can0 00E#6E4621DF00000000
CAN-RX can0 02000000#0000
CAN-RX can0 08300103#0600
CAN-RX can0 02000000#0000
CAN-RX can0 02000000#0000
CAN-RX can0 03C30F0F#87878787878787
CAN-RX can0 140C0201#0000
CAN-RX can0 08300103#F8FF
CAN-RX can0 02000000#0000
CAN-RX can0 02000000#0000
CAN-RX can0 00E#6E4621DF00000000
CAN-RX can0 02000000#0000
CAN-RX can0 08300103#0800
CAN-RX can0 02000000#0000
CAN-RX can0 02000000#0000
CAN-RX can0 08300103#FBFF
CAN-RX can0 02000000#0000
CAN-RX can0 02000000#0000
CAN-RX can0 00E#6E4621DF00000000
CAN-RX can0 02000000#0000
CAN-RX can0 08300103#0E00
CAN-RX can0 02000000#0000
CAN-RX can0 02000000#0000
CAN-RX can0 03C30F0F#87878787878787
CAN-RX can0 08300103#0300
CAN-RX can0 02000000#0000
CAN-RX can0 14300200#0000
CAN-RX can0 02000000#0000
CAN-RX can0 00E#6E4621DF00000000
CAN-RX can0 02000000#0000
CAN-RX can0 08300103#FDFF
CAN-RX can0 02000000#0000
CAN-RX can0 02000000#0000
CAN-RX can0 08300103#FCFF
CAN-RX can0 02000000#0000
CAN-RX can0 02000000#0000
CAN-RX can0 00E#6E4621DF00000000
CAN-RX can0 02000000#0000
CAN-RX can0 08300103#FCFF
CAN-RX can0 02000000#0000
CAN-RX can0 02000000#0000
CAN-RX can0 03C30F0F#87878787878787
CAN-RX can0 08300103#0900
CAN-RX can0 02000000#0000
CAN-RX can0 02000000#0000
CAN-RX can0 00E#6E4621DF00000000
CAN-RX can0 02000000#0000
CAN-RX can0 08300103#FCFF
CAN-RX can0 02000000#0000
CAN-RX can0 02000000#0000
CAN-RX can0 140C0201#0000
CAN-RX can0 08300103#FFFF
CAN-RX can0 02000000#0000
CAN-RX can0 02000000#0000
CAN-RX can0 00E#6E4621DF00000000
CAN-RX can0 02000000#0000
CAN-RX can0 08300103#0800
CAN-RX can0 02000000#0000
CAN-RX can0 02000000#0000
CAN-RX can0 03C30F0F#87878787878787
CAN-RX can0 08300103#FFFF
CAN-RX can0 02000000#0000
CAN-RX can0 02000000#0000
CAN-RX can0 00E#6E4621DF00000000
CAN-RX can0 02000000#0000
CAN-RX can0 08300103#F6FF
CAN-RX can0 02000000#0000
CAN-RX can0 02000000#0000
CAN-RX can0 08300103#1B00
CAN-RX can0 02000000#0000
CAN-RX can0 14300200#0000
CAN-RX can0 02000000#0000
CAN-RX can0 00E#6E4621DF00000000
CAN-RX can0 02000000#0000
CAN-RX can0 08300103#0D00
CAN-RX can0 02000000#0000
CAN-RX can0 02000000#0000
CAN-RX can0 03C30F0F#87878787878787
CAN-RX can0 08300103#0100
CAN-RX can0 02000000#0000
CAN-RX can0 02000000#0000
CAN-RX can0 00E#6E4621DF00000000
CAN-RX can0 02000000#0000
CAN-RX can0 08300103#0B00
CAN-RX can0 0C140300#C2
CAN-RX can0 02000000#0000
CAN-RX can0 02000000#0000
CAN-RX can0 08300103#FEFF
CAN-RX can0 02000000#0000
CAN-RX can0 02000000#0000
CAN-RX can0 00E#6E4621DF00000000
CAN-RX can0 02000000#0000
CAN-RX can0 08300103#F5FF
CAN-RX can0 02000000#0000
CAN-RX can0 02000000#0000
CAN-RX can0 03C30F0F#87878787878787
CAN-RX can0 140C0201#0000
CAN-RX can0 08300103#0B00
CAN-RX can0 02000000#0000
CAN-RX can0 02000000#0000
CAN-RX can0 00E#6E4621DF00000000
CAN-RX can0 02000000#0000
CAN-RX can0 08300103#0600
CAN-RX can0 02000000#0000
CAN-RX can0 02000000#0000
CAN-RX can0 02000000#0000
CAN-RX can0 02000000#0000
CAN-RX can0 0C140200#C0
CAN-RX can0 00E#6E4621DF00000000
CAN-RX can0 02000000#0000
CAN-RX can0 02000000#0000
CAN-RX can0 02000000#0000
CAN-RX can0 03C30F0F#87878787878787
CAN-RX can0 02000000#0000
CAN-RX can0 14300200#0000
CAN-RX can0 02000000#0000
CAN-RX can0 00E#6E4621DF00000000
CAN-RX can0 02000000#0000
CAN-RX can0 08300103#0400
CAN-RX can0 02000000#0000
CAN-RX can0 02000000#0000
CAN-RX can0 08300103#0E00
CAN-RX can0 02000000#0000
CAN-RX can0 02000000#0000
CAN-RX can0 0C140200#C1
CAN-RX can0 00E#6E4621DF00000000
CAN-RX can0 02000000#0000
CAN-RX can0 08300103#0700
CAN-RX can0 02000000#0000
CAN-RX can0 02000000#0000
CAN-RX can0 03C30F0F#87878787878787
CAN-RX can0 08300103#0900
CAN-RX can0 02000000#0000
CAN-RX can0 02000000#0000
CAN-RX can0 00E#6E4621DF00000000
CAN-RX can0 02000000#0000
CAN-RX can0 08300103#FFFF
CAN-RX can0 02000000#0000
CAN-RX can0 02000000#0000
CAN-RX can0 140C0201#0000
CAN-RX can0 08300103#0900
CAN-RX can0 02000000#0000
CAN-RX can0 02000000#0000
CAN-RX can0 00E#6E4621DF00000000
CAN-RX can0 02000000#0000
CAN-RX can0 08300103#0400
CAN-RX can0 02000000#0000
CAN-RX can0 02000000#0000
CAN-RX can0 03C30F0F#87878787878787
CAN-RX can0 08300103#0C00
CAN-RX can0 02000000#0000
CAN-RX can0 02000000#0000
CAN-RX can0 00E#6E4621DF00000000
CAN-RX can0 08300103#0500
CAN-RX can0 02000000#0000
CAN-RX can0 02000000#0000
CAN-RX can0 02000000#0000
CAN-RX can0 08300103#0200
CAN-RX can0 02000000#0000
CAN-RX can0 14300200#0000
CAN-RX can0 02000000#0000
CAN-RX can0 00E#6E4621DF00000000
CAN-RX can0 08300103#F7FF
CAN-RX can0 02000000#0000
CAN-RX can0 02000000#0000
CAN-RX can0 02000000#0000
CAN-RX can0 03C30F0F#87878787878787
CAN-RX can0 1C0C0200#1E
CAN-RX can0 08300103#0D00
CAN-RX can0 02000000#0000
CAN-RX can0 02000000#0000
CAN-RX can0 00E#6E4621DF00000000
CAN-RX can0 08300103#0300
CAN-RX can0 02000000#0000
CAN-RX can0 1C2C0000#072800A90A1A
CAN-RX can0 02000000#0000
CAN-RX can0 1C300204#9AE505009AE50500
CAN-RX can0 02000000#0000
CAN-RX can0 08300103#0000
CAN-RX can0 02000000#0000
CAN-RX can0 02000000#0000
CAN-RX can0 00E#6E4621DF00000000
CAN-RX can0 08300103#0700
CAN-RX can0 02000000#0000
CAN-RX can0 02000000#0000
CAN-RX can0 02000000#0000
CAN-RX can0 03C30F0F#87878787878787
CAN-RX can0 140C0201#0000
CAN-RX can0 08300103#FFFF
CAN-RX can0 02000000#0000
CAN-RX can0 02000000#0000
CAN-RX can0 00E#6E4621DF00000000
CAN-RX can0 08300103#0700
CAN-RX can0 02000000#0000
CAN-RX can0 02000000#0000
CAN-RX can0 02000000#0000
CAN-RX can0 08300103#0600
CAN-RX can0 02000000#0000
CAN-RX can0 02000000#0000
CAN-RX can0 00E#6E4621DF00000000
CAN-RX can0 08300103#0400
CAN-RX can0 02000000#0000
CAN-RX can0 02000000#0000
CAN-RX can0 02000000#0000
CAN-RX can0 03C30F0F#87878787878787
CAN-RX can0 08300103#0400
CAN-RX can0 02000000#0000
CAN-RX can0 14300200#0000
CAN-RX can0 02000000#0000
CAN-RX can0 00E#6E4621DF00000000
CAN-RX can0 08300103#0700
CAN-RX can0 02000000#0000
CAN-RX can0 02000000#0000
CAN-RX can0 02000000#0000
CAN-RX can0 08300103#FCFF
CAN-RX can0 02000000#0000
CAN-RX can0 02000000#0000
CAN-RX can0 00E#6E4621DF00000000
CAN-RX can0 08300103#0300
CAN-RX can0 02000000#0000
CAN-RX can0 02000000#0000
CAN-RX can0 02000000#0000
CAN-RX can0 03C30F0F#87878787878787
CAN-RX can0 08300103#0700
CAN-RX can0 02000000#0000
CAN-RX can0 02000000#0000
CAN-RX can0 00E#6E4621DF00000000
CAN-RX can0 08300103#FDFF
CAN-RX can0 02000000#0000
CAN-RX can0 02000000#0000
CAN-RX can0 02000000#0000
CAN-RX can0 140C0201#0000
CAN-RX can0 08300103#FFFF
CAN-RX can0 02000000#0000
CAN-RX can0 02000000#0000
CAN-RX can0 00E#6E4621DF00000000
CAN-RX can0 08300103#1000
CAN-RX can0 02000000#0000
CAN-RX can0 02000000#0000
CAN-RX can0 02000000#0000
CAN-RX can0 03C30F0F#87878787878787
CAN-RX can0 08300103#0500
CAN-RX can0 02000000#0000
CAN-RX can0 02000000#0000
CAN-RX can0 00E#6E4621DF00000000
CAN-RX can0 08300103#F9FF
CAN-RX can0 02000000#0000
CAN-RX can0 02000000#0000
CAN-RX can0 02000000#0000
CAN-RX can0 08300103#0100
CAN-RX can0 02000000#0000
CAN-RX can0 14300200#0000
CAN-RX can0 02000000#0000
CAN-RX can0 00E#6E4621DF00000000
CAN-RX can0 08300103#0100
CAN-RX can0 02000000#0000
CAN-RX can0 02000000#0000
CAN-RX can0 02000000#0000
CAN-RX can0 03C30F0F#87878787878787
CAN-RX can0 08300103#0400
CAN-RX can0 02000000#0000
CAN-RX can0 02000000#0000
CAN-RX can0 00E#6E4621DF00000000
CAN-RX can0 08300103#FBFF
CAN-RX can0 02000000#0000
CAN-RX can0 0C140300#C2
CAN-RX can0 02000000#0000
CAN-RX can0 02000000#0000
CAN-RX can0 08300103#FBFF
CAN-RX can0 02000000#0000
CAN-RX can0 02000000#0000
CAN-RX can0 00E#6E4621DF00000000
CAN-RX can0 08300103#FAFF
CAN-RX can0 02000000#0000
CAN-RX can0 02000000#0000
CAN-RX can0 02000000#0000
CAN-RX can0 03C30F0F#87878787878787
CAN-RX can0 140C0201#0000
CAN-RX can0 08300103#FCFF
CAN-RX can0 02000000#0000
CAN-RX can0 02000000#0000
CAN-RX can0 00E#6E4621DF00000000
CAN-RX can0 08300103#0700
CAN-RX can0 02000000#0000
CAN-RX can0 02000000#0000
CAN-RX can0 02000000#0000
CAN-RX can0 02000000#0000
CAN-RX can0 02000000#0000
CAN-RX can0 0C140200#C0
CAN-RX can0 00E#6E4621DF00000000
CAN-RX can0 02000000#0000
CAN-RX can0 02000000#0000
CAN-RX can0 02000000#0000
CAN-RX can0 03C30F0F#87878787878787
CAN-RX can0 02000000#0000
CAN-RX can0 14300200#0000
CAN-RX can0 02000000#0000
CAN-RX can0 00E#6E4621DF00000000
CAN-RX can0 08300103#0200
CAN-RX can0 02000000#0000
CAN-RX can0 02000000#0000
CAN-RX can0 02000000#0000
CAN-RX can0 08300103#FBFF
CAN-RX can0 02000000#0000
CAN-RX can0 02000000#0000
CAN-RX can0 0C140200#C1
CAN-RX can0 00E#6E4621DF00000000
CAN-RX can0 08300103#0500
CAN-RX can0 02000000#0000
CAN-RX can0 02000000#0000
CAN-RX can0 02000000#0000
CAN-RX can0 03C30F0F#87878787878787
CAN-RX can0 08300103#1000
CAN-RX can0 02000000#0000
CAN-RX can0 02000000#0000
CAN-RX can0 00E#6E4621DF00000000
CAN-RX can0 08300103#0600
CAN-RX can0 02000000#0000
CAN-RX can0 02000000#0000
CAN-RX can0 02000000#0000
CAN-RX can0 140C0201#0000
CAN-RX can0 08300103#0500
CAN-RX can0 02000000#0000
CAN-RX can0 02000000#0000
CAN-RX can0 00E#6E4621DF00000000
CAN-RX can0 08300103#0100
CAN-RX can0 02000000#0000
CAN-RX can0 02000000#0000
CAN-RX can0 02000000#0000
CAN-RX can0 03C30F0F#87878787878787
CAN-RX can0 08300103#0100
CAN-RX can0 02000000#0000
CAN-RX can0 02000000#0000
CAN-RX can0 00E#6E4621DF00000000
CAN-RX can0 08300103#0400
CAN-RX can0 02000000#0000
CAN-RX can0 02000000#0000
CAN-RX can0 02000000#0000
CAN-RX can0 08300103#F7FF
CAN-RX can0 02000000#0000
CAN-RX can0 14300200#0000
CAN-RX can0 02000000#0000
CAN-RX can0 00E#6E4621DF00000000
CAN-RX can0 08300103#0000
CAN-RX can0 02000000#0000
CAN-RX can0 02000000#0000
CAN-RX can0 02000000#0000
CAN-RX can0 03C30F0F#87878787878787
CAN-RX can0 08300103#FEFF
CAN-RX can0 1C0C0200#1E
CAN-RX can0 02000000#0000
CAN-RX can0 02000000#0000
CAN-RX can0 00E#6E4621DF00000000
CAN-RX can0 08300103#0000
CAN-RX can0 02000000#0000
CAN-RX can0 1C2C0000#082800A90A1A
CAN-RX can0 02000000#0000
CAN-RX can0 02000000#0000
CAN-RX can0 08300103#FDFF
CAN-RX can0 1C300204#9AE505009AE50500
CAN-RX can0 02000000#0000
CAN-RX can0 02000000#0000
CAN-RX can0 00E#6E4621DF00000000
CAN-RX can0 08300103#F3FF
CAN-RX can0 02000000#0000
CAN-RX can0 02000000#0000
CAN-RX can0 02000000#0000
CAN-RX can0 03C30F0F#87878787878787
CAN-RX can0 08300103#F6FF
CAN-RX can0 140C0201#0000
CAN-RX can0 02000000#0000
CAN-RX can0 02000000#0000
CAN-RX can0 00E#6E4621DF00000000
CAN-RX can0 08300103#0200
CAN-RX can0 02000000#0000
CAN-RX can0 02000000#0000
CAN-RX can0 02000000#0000
CAN-RX can0 08300103#0600
CAN-RX can0 02000000#0000
CAN-RX can0 02000000#0000
CAN-RX can0 00E#6E4621DF00000000
CAN-RX can0 08300103#0B00
CAN-RX can0 02000000#0000
CAN-RX can0 02000000#0000
CAN-RX can0 02000000#0000
CAN-RX can0 03C30F0F#87878787878787
CAN-RX can0 08300103#F4FF
CAN-RX can0 02000000#0000
CAN-RX can0 14300200#0000
CAN-RX can0 02000000#0000
CAN-RX can0 00E#6E4621DF00000000
CAN-RX can0 08300103#0000
CAN-RX can0 02000000#0000
CAN-RX can0 02000000#0000
CAN-RX can0 02000000#0000
CAN-RX can0 08300103#F8FF
CAN-RX can0 02000000#0000
CAN-RX can0 02000000#0000
CAN-RX can0 00E#6E4621DF00000000
CAN-RX can0 08300103#0200
CAN-RX can0 02000000#0000
CAN-RX can0 02000000#0000
CAN-RX can0 02000000#0000
CAN-RX can0 03C30F0F#87878787878787
CAN-RX can0 08300103#F9FF
CAN-RX can0 02000000#0000
CAN-RX can0 02000000#0000
CAN-RX can0 00E#6E4621DF00000000
CAN-RX can0 08300103#FCFF
CAN-RX can0 02000000#0000
CAN-RX can0 02000000#0000
CAN-RX can0 02000000#0000
CAN-RX can0 08300103#FAFF
CAN-RX can0 140C0201#0000
CAN-RX can0 02000000#0000
CAN-RX can0 02000000#0000
CAN-RX can0 00E#6E4621DF00000000
CAN-RX can0 08300103#0000
CAN-RX can0 02000000#0000
CAN-RX can0 02000000#0000
CAN-RX can0 02000000#0000
CAN-RX can0 03C30F0F#87878787878787
CAN-RX can0 08300103#FFFF
CAN-RX can0 02000000#0000
CAN-RX can0 02000000#0000
CAN-RX can0 00E#6E4621DF00000000
CAN-RX can0 08300103#F7FF
CAN-RX can0 02000000#0000
CAN-RX can0 02000000#0000
CAN-RX can0 02000000#0000
CAN-RX can0 08300103#FBFF
CAN-RX can0 02000000#0000
CAN-RX can0 14300200#0000
CAN-RX can0 02000000#0000
CAN-RX can0 00E#6E4621DF00000000
CAN-RX can0 08300103#E7FF
CAN-RX can0 02000000#0000
CAN-RX can0 02000000#0000
CAN-RX can0 02000000#0000
CAN-RX can0 03C30F0F#87878787878787
CAN-RX can0 08300103#0C00
CAN-RX can0 02000000#0000
CAN-RX can0 02000000#0000
CAN-RX can0 00E#6E4621DF00000000
CAN-RX can0 08300103#FEFF
CAN-RX can0 02000000#0000
CAN-RX can0 0C140300#C2
CAN-RX can0 02000000#0000
CAN-RX can0 02000000#0000
CAN-RX can0 08300103#0200
CAN-RX can0 02000000#0000
CAN-RX can0 02000000#0000
CAN-RX can0 00E#6E4621DF00000000
CAN-RX can0 08300103#0000
CAN-RX can0 02000000#0000
CAN-RX can0 02000000#0000
CAN-RX can0 02000000#0000
CAN-RX can0 03C30F0F#87878787878787
CAN-RX can0 08300103#FEFF
CAN-RX can0 140C0201#0000
CAN-RX can0 02000000#0000
CAN-RX can0 02000000#0000
CAN-RX can0 00E#6E4621DF00000000
CAN-RX can0 08300103#F7FF
CAN-RX can0 02000000#0000
CAN-RX can0 02000000#0000
CAN-RX can0 02000000#0000
CAN-RX can0 02000000#0000
CAN-RX can0 02000000#0000
CAN-RX can0 0C140200#C0
CAN-RX can0 00E#6E4621DF00000000
CAN-RX can0 02000000#0000
CAN-RX can0 02000000#0000
CAN-RX can0 02000000#0000
CAN-RX can0 03C30F0F#87878787878787
CAN-RX can0 02000000#0000
CAN-RX can0 14300200#0000
CAN-RX can0 02000000#0000
CAN-RX can0 00E#6E4621DF00000000
CAN-RX can0 08300103#F8FF
CAN-RX can0 02000000#0000
CAN-RX can0 02000000#0000
CAN-RX can0 02000000#0000
CAN-RX can0 08300103#F9FF
CAN-RX can0 02000000#0000
CAN-RX can0 02000000#0000
CAN-RX can0 0C140200#C1
CAN-RX can0 00E#6E4621DF00000000
CAN-RX can0 08300103#0100
CAN-RX can0 02000000#0000
CAN-RX can0 02000000#0000
CAN-RX can0 02000000#0000
CAN-RX can0 03C30F0F#87878787878787
CAN-RX can0 08300103#0A00
CAN-RX can0 02000000#0000
CAN-RX can0 02000000#0000
CAN-RX can0 00E#6E4621DF00000000
CAN-RX can0 08300103#1800
CAN-RX can0 02000000#0000
CAN-RX can0 02000000#0000
CAN-RX can0 02000000#0000
CAN-RX can0 08300103#0500
CAN-RX can0 140C0201#0000
CAN-RX can0 02000000#0000
CAN-RX can0 02000000#0000
CAN-RX can0 00E#6E4621DF00000000
CAN-RX can0 08300103#FCFF
CAN-RX can0 02000000#0000
CAN-RX can0 02000000#0000
CAN-RX can0 02000000#0000
CAN-RX can0 03C30F0F#87878787878787
CAN-RX can0 08300103#F1FF
CAN-RX can0 02000000#0000
CAN-RX can0 02000000#0000
CAN-RX can0 00E#6E4621DF00000000
CAN-RX can0 08300103#F4FF
CAN-RX can0 02000000#0000
CAN-RX can0 02000000#0000
CAN-RX can0 08300103#0000
CAN-RX can0 02000000#0000
CAN-RX can0 02000000#0000
CAN-RX can0 14300200#0000
CAN-RX can0 02000000#0000
CAN-RX can0 00E#6E4621DF00000000
CAN-RX can0 08300103#0500
CAN-RX can0 02000000#0000
CAN-RX can0 02000000#0000
CAN-RX can0 08300103#0600
CAN-RX can0 02000000#0000
CAN-RX can0 03C30F0F#87878787878787
CAN-RX can0 1C0C0200#1E
CAN-RX can0 02000000#0000
CAN-RX can0 02000000#0000
CAN-RX can0 00E#6E4621DF00000000
CAN-RX can0 08300103#ECFF
CAN-RX can0 02000000#0000
CAN-RX can0 1C2C0000#092800A90A1A
CAN-RX can0 02000000#0000
CAN-RX can0 08300103#FEFF
CAN-RX can0 02000000#0000
CAN-RX can0 02000000#0000
CAN-RX can0 1C300204#9AE505009AE50500
CAN-RX can0 02000000#0000
CAN-RX can0 00E#6E4621DF00000000
CAN-RX can0 08300103#0400
CAN-RX can0 02000000#0000
CAN-RX can0 02000000#0000
CAN-RX can0 08300103#0600
CAN-RX can0 02000000#0000
CAN-RX can0 03C30F0F#87878787878787
CAN-RX can0 140C0201#0000
CAN-RX can0 02000000#0000
CAN-RX can0 02000000#0000
CAN-RX can0 00E#6E4621DF00000000
CAN-RX can0 08300103#FAFF
CAN-RX can0 02000000#0000
CAN-RX can0 02000000#0000
CAN-RX can0 08300103#0500
CAN-RX can0 02000000#0000
CAN-RX can0 02000000#0000
CAN-RX can0 02000000#0000
CAN-RX can0 00E#6E4621DF00000000
CAN-RX can0 08300103#0900
CAN-RX can0 02000000#0000
CAN-RX can0 02000000#0000
CAN-RX can0 08300103#0000
CAN-RX can0 02000000#0000
CAN-RX can0 03C30F0F#87878787878787
CAN-RX can0 02000000#0000
CAN-RX can0 14300200#0000
CAN-RX can0 02000000#0000
CAN-RX can0 00E#6E4621DF00000000
CAN-RX can0 08300103#F7FF
CAN-RX can0 02000000#0000
CAN-RX can0 02000000#0000
CAN-RX can0 08300103#0400
CAN-RX can0 02000000#0000
CAN-RX can0 02000000#0000
CAN-RX can0 02000000#0000
CAN-RX can0 00E#6E4621DF00000000
CAN-RX can0 08300103#FEFF
CAN-RX can0 02000000#0000
CAN-RX can0 02000000#0000
CAN-RX can0 08300103#0400
CAN-RX can0 02000000#0000
CAN-RX can0 03C30F0F#87878787878787
CAN-RX can0 02000000#0000
CAN-RX can0 02000000#0000
CAN-RX can0 00E#6E4621DF00000000
CAN-RX can0 08300103#F5FF
CAN-RX can0 02000000#0000
CAN-RX can0 02000000#0000
CAN-RX can0 08300103#FDFF
CAN-RX can0 02000000#0000
CAN-RX can0 140C0201#0000
CAN-RX can0 02000000#0000
CAN-RX can0 02000000#0000
CAN-RX can0 08300103#FDFF
CAN-RX can0 00E#6E4621DF00000000
CAN-RX can0 02000000#0000
CAN-RX can0 02000000#0000
CAN-RX can0 08300103#F9FF
CAN-RX can0 02000000#0000
CAN-RX can0 03C30F0F#87878787878787
CAN-RX can0 02000000#0000
CAN-RX can0 02000000#0000
CAN-RX can0 08300103#0800
CAN-RX can0 00E#6E4621DF00000000
CAN-RX can0 02000000#0000
CAN-RX can0 02000000#0000
CAN-RX can0 08300103#0500
CAN-RX can0 02000000#0000
CAN-RX can0 02000000#0000
CAN-RX can0 14300200#0000
CAN-RX can0 02000000#0000
CAN-RX can0 08300103#FFFF
CAN-RX can0 00E#6E4621DF00000000
CAN-RX can0 02000000#0000
CAN-RX can0 02000000#0000
CAN-RX can0 08300103#F9FF
CAN-RX can0 02000000#0000
CAN-RX can0 03C30F0F#87878787878787
CAN-RX can0 02000000#0000
CAN-RX can0 02000000#0000
CAN-RX can0 08300103#0000
CAN-RX can0 00E#6E4621DF00000000
CAN-RX can0 02000000#0000
CAN-RX can0 0C140300#C2
CAN-RX can0 02000000#0000
CAN-RX can0 08300103#0300
CAN-RX can0 02000000#0000
CAN-RX can0 02000000#0000
CAN-RX can0 02000000#0000
CAN-RX can0 08300103#0900
CAN-RX can0 00E#6E4621DF00000000
CAN-RX can0 02000000#0000
CAN-RX can0 02000000#0000
CAN-RX can0 08300103#F9FF
CAN-RX can0 02000000#0000
CAN-RX can0 03C30F0F#87878787878787
CAN-RX can0 140C0201#0000
CAN-RX can0 02000000#0000
CAN-RX can0 02000000#0000
CAN-RX can0 08300103#0600
CAN-RX can0 00E#6E4621DF00000000
CAN-RX can0 02000000#0000
CAN-RX can0 02000000#0000
CAN-RX can0 02000000#0000
CAN-RX can0 02000000#0000
CAN-RX can0 02000000#0000
CAN-RX can0 0C140200#C0
CAN-RX can0 00E#6E4621DF00000000
CAN-RX can0 02000000#0000
CAN-RX can0 02000000#0000
CAN-RX can0 02000000#0000
CAN-RX can0 03C30F0F#87878787878787
CAN-RX can0 02000000#0000
CAN-RX can0 14300200#0000
CAN-RX can0 02000000#0000
CAN-RX can0 08300103#0300
CAN-RX can0 00E#6E4621DF00000000
CAN-RX can0 02000000#0000
CAN-RX can0 02000000#0000
CAN-RX can0 08300103#0300
CAN-RX can0 02000000#0000
CAN-RX can0 02000000#0000
CAN-RX can0 02000000#0000
CAN-RX can0 0C140200#C1
CAN-RX can0 08300103#FDFF
CAN-RX can0 00E#6E4621DF00000000
CAN-RX can0 02000000#0000
CAN-RX can0 02000000#0000
CAN-RX can0 08300103#0000
CAN-RX can0 02000000#0000
CAN-RX can0 03C30F0F#87878787878787
CAN-RX can0 02000000#0000
CAN-RX can0 02000000#0000
CAN-RX can0 08300103#FDFF
CAN-RX can0 00E#6E4621DF00000000
CAN-RX can0 02000000#0000
CAN-RX can0 02000000#0000
CAN-RX can0 08300103#0000
CAN-RX can0 02000000#0000
CAN-RX can0 140C0201#0000
CAN-RX can0 02000000#0000
CAN-RX can0 02000000#0000
CAN-RX can0 08300103#0000
CAN-RX can0 00E#6E4621DF00000000
CAN-RX can0 02000000#0000
CAN-RX can0 02000000#0000
CAN-RX can0 1C240301#
CAN-RX can0 08300103#F9FF
CAN-RX can0 02000000#0000
CAN-RX can0 03C30F0F#87878787878787
CAN-RX can0 02000000#0000
CAN-RX can0 02000000#0000
CAN-RX can0 08300103#0600
CAN-RX can0 00E#6E4621DF00000000
CAN-RX can0 02000000#0000
CAN-RX can0 02000000#0000
CAN-RX can0 08300103#F3FF
CAN-RX can0 02000000#0000
CAN-RX can0 02000000#0000
CAN-RX can0 14300200#0000
CAN-RX can0 02000000#0000
CAN-RX can0 08300103#F6FF
CAN-RX can0 00E#6E4621DF00000000
CAN-RX can0 02000000#0000
CAN-RX can0 02000000#0000
CAN-RX can0 08300103#FAFF
CAN-RX can0 02000000#0000
CAN-RX can0 03C30F0F#87878787878787
CAN-RX can0 1C0C0200#1E
CAN-RX can0 02000000#0000
CAN-RX can0 02000000#0000
CAN-RX can0 08300103#FFFF
CAN-RX can0 00E#6E4621DF00000000
CAN-RX can0 02000000#0000
CAN-RX can0 1C2C0000#0A2800A90A1A
CAN-RX can0 02000000#0000
CAN-RX can0 08300103#0300
CAN-RX can0 02000000#0000
CAN-RX can0 02000000#0000
CAN-RX can0 02000000#0000
CAN-RX can0 08300103#FEFF
CAN-RX can0 1C300204#9AE505009AE50500
CAN-RX can0 00E#6E4621DF00000000
CAN-RX can0 02000000#0000
CAN-RX can0 02000000#0000
CAN-RX can0 08300103#F7FF
CAN-RX can0 02000000#0000
CAN-RX can0 03C30F0F#87878787878787
CAN-RX can0 140C0201#0000
CAN-RX can0 02000000#0000
CAN-RX can0 02000000#0000
CAN-RX can0 08300103#F2FF
CAN-RX can0 00E#6E4621DF00000000
CAN-RX can0 02000000#0000
CAN-RX can0 02000000#0000
CAN-RX can0 08300103#F1FF
CAN-RX can0 02000000#0000
CAN-RX can0 02000000#0000
CAN-RX can0 02000000#0000
CAN-RX can0 08300103#FFFF
CAN-RX can0 00E#6E4621DF00000000
CAN-RX can0 02000000#0000
CAN-RX can0 02000000#0000
CAN-RX can0 08300103#0500
CAN-RX can0 02000000#0000
CAN-RX can0 03C30F0F#87878787878787
CAN-RX can0 02000000#0000
CAN-RX can0 14300200#0000
CAN-RX can0 02000000#0000
CAN-RX can0 08300103#FAFF
CAN-RX can0 00E#6E4621DF00000000
CAN-RX can0 02000000#0000
CAN-RX can0 02000000#0000
CAN-RX can0 08300103#0300
CAN-RX can0 02000000#0000
CAN-RX can0 02000000#0000
CAN-RX can0 02000000#0000
CAN-RX can0 08300103#F7FF
CAN-RX can0 00E#6E4621DF00000000
CAN-RX can0 02000000#0000
CAN-RX can0 02000000#0000
CAN-RX can0 08300103#FDFF
CAN-RX can0 02000000#0000
CAN-RX can0 03C30F0F#87878787878787
CAN-RX can0 02000000#0000
CAN-RX can0 02000000#0000
CAN-RX can0 08300103#FDFF
CAN-RX can0 00E#6E4621DF00000000
CAN-RX can0 02000000#0000
CAN-RX can0 02000000#0000
CAN-RX can0 08300103#0200
CAN-RX can0 02000000#0000
CAN-RX can0 140C0201#0000
CAN-RX can0 02000000#0000
CAN-RX can0 02000000#0000
CAN-RX can0 08300103#0400
CAN-RX can0 00E#6E4621DF00000000
CAN-RX can0 02000000#0000
CAN-RX can0 02000000#0000
CAN-RX can0 08300103#0900
CAN-RX can0 02000000#0000
CAN-RX can0 03C30F0F#87878787878787
CAN-RX can0 02000000#0000
CAN-RX can0 02000000#0000
CAN-RX can0 08300103#FBFF
CAN-RX can0 00E#6E4621DF00000000
CAN-RX can0 02000000#0000
CAN-RX can0 02000000#0000
CAN-RX can0 08300103#F8FF
CAN-RX can0 02000000#0000
CAN-RX can0 02000000#0000
CAN-RX can0 14300200#0000
CAN-RX can0 02000000#0000
CAN-RX can0 08300103#0700
CAN-RX can0 00E#6E4621DF00000000
CAN-RX can0 02000000#0000
CAN-RX can0 02000000#0000
CAN-RX can0 08300103#0100
CAN-RX can0 02000000#0000
CAN-RX can0 03C30F0F#87878787878787
CAN-RX can0 02000000#0000
CAN-RX can0 02000000#0000
CAN-RX can0 08300103#0700
CAN-RX can0 00E#6E4621DF00000000
CAN-RX can0 02000000#0000
CAN-RX can0 0C140300#C2
CAN-RX can0 02000000#0000
CAN-RX can0 08300103#0000
CAN-RX can0 02000000#0000
CAN-RX can0 02000000#0000
CAN-RX can0 02000000#0000
CAN-RX can0 08300103#0700
CAN-RX can0 00E#6E4621DF00000000
CAN-RX can0 02000000#0000
CAN-RX can0 02000000#0000
CAN-RX can0 08300103#FAFF
CAN-RX can0 02000000#0000
CAN-RX can0 03C30F0F#87878787878787
CAN-RX can0 140C0201#0000
CAN-RX can0 02000000#0000
CAN-RX can0 02000000#0000
CAN-RX can0 08300103#F9FF
CAN-RX can0 00E#6E4621DF00000000
CAN-RX can0 02000000#0000
CAN-RX can0 02000000#0000
CAN-RX can0 02000000#0000
CAN-RX can0 02000000#0000
CAN-RX can0 02000000#0000
CAN-RX can0 0C140200#C0
CAN-RX can0 00E#6E4621DF00000000
CAN-RX can0 02000000#0000
CAN-RX can0 02000000#0000
CAN-RX can0 02000000#0000
CAN-RX can0 03C30F0F#87878787878787
CAN-RX can0 02000000#0000
CAN-RX can0 14300200#0000
CAN-RX can0 02000000#0000
CAN-RX can0 08300103#0200
CAN-RX can0 00E#6E4621DF00000000
CAN-RX can0 02000000#0000
CAN-RX can0 02000000#0000
CAN-RX can0 08300103#0B00
CAN-RX can0 02000000#0000
CAN-RX can0 02000000#0000
CAN-RX can0 02000000#0000
CAN-RX can0 08300103#1100
CAN-RX can0 0C140200#C1
CAN-RX can0 00E#6E4621DF00000000
CAN-RX can0 02000000#0000
CAN-RX can0 02000000#0000
CAN-RX can0 08300103#FCFF
CAN-RX can0 02000000#0000
CAN-RX can0 03C30F0F#87878787878787
CAN-RX can0 02000000#0000
CAN-RX can0 02000000#0000
CAN-RX can0 08300103#0400
CAN-RX can0 00E#6E4621DF00000000
CAN-RX can0 02000000#0000
CAN-RX can0 02000000#0000
CAN-RX can0 08300103#FDFF
CAN-RX can0 02000000#0000
CAN-RX can0 140C0201#0000
CAN-RX can0 02000000#0000
CAN-RX can0 02000000#0000
CAN-RX can0 08300103#F0FF
CAN-RX can0 00E#6E4621DF00000000
CAN-RX can0 02000000#0000
CAN-RX can0 02000000#0000
CAN-RX can0 08300103#0600
CAN-RX can0 02000000#0000
CAN-RX can0 03C30F0F#87878787878787
CAN-RX can0 02000000#0000
CAN-RX can0 02000000#0000
CAN-RX can0 08300103#0000
CAN-RX can0 00E#6E4621DF00000000
CAN-RX can0 02000000#0000
CAN-RX can0 02000000#0000
CAN-RX can0 08300103#FAFF
CAN-RX can0 02000000#0000
CAN-RX can0 02000000#0000
CAN-RX can0 14300200#0000
CAN-RX can0 08300103#F5FF
CAN-RX can0 02000000#0000
CAN-RX can0 00E#6E4621DF00000000
CAN-RX can0 02000000#0000
CAN-RX can0 02000000#0000
CAN-RX can0 08300103#FBFF
CAN-RX can0 02000000#0000
CAN-RX can0 03C30F0F#87878787878787
CAN-RX can0 1C0C0200#1E
CAN-RX can0 02000000#0000
CAN-RX can0 08300103#1000
CAN-RX can0 02000000#0000
CAN-RX can0 00E#6E4621DF00000000
CAN-RX can0 02000000#0000
CAN-RX can0 1C2C0000#0B2800A90A1A
CAN-RX can0 02000000#0000
CAN-RX can0 08300103#F8FF
CAN-RX can0 02000000#0000
CAN-RX can0 02000000#0000
CAN-RX can0 08300103#0200
CAN-RX can0 02000000#0000
CAN-RX can0 00E#6E4621DF00000000
CAN-RX can0 02000000#0000
CAN-RX can0 1C300204#9AE505009AE50500
CAN-RX can0 02000000#0000
CAN-RX can0 08300103#FDFF
CAN-RX can0 02000000#0000
CAN-RX can0 03C30F0F#87878787878787
CAN-RX can0 140C0201#0000
CAN-RX can0 02000000#0000
CAN-RX can0 08300103#F8FF
CAN-RX can0 02000000#0000
CAN-RX can0 00E#6E4621DF00000000
CAN-RX can0 02000000#0000
CAN-RX can0 02000000#0000
CAN-RX can0 08300103#0900
CAN-RX can0 02000000#0000
CAN-RX can0 02000000#0000
CAN-RX can0 08300103#0A00
CAN-RX can0 02000000#0000
CAN-RX can0 00E#6E4621DF00000000
CAN-RX can0 02000000#0000
CAN-RX can0 02000000#0000
CAN-RX can0 08300103#0100
CAN-RX can0 02000000#0000
CAN-RX can0 03C30F0F#87878787878787
CAN-RX can0 02000000#0000
CAN-RX can0 14300200#0000
CAN-RX can0 08300103#FBFF
CAN-RX can0 02000000#0000
CAN-RX can0 00E#6E4621DF00000000
CAN-RX can0 02000000#0000
CAN-RX can0 02000000#0000
CAN-RX can0 08300103#F9FF
CAN-RX can0 02000000#0000
CAN-RX can0 02000000#0000
CAN-RX can0 08300103#0200
CAN-RX can0 02000000#0000
CAN-RX can0 00E#6E4621DF00000000
CAN-RX can0 02000000#0000
CAN-RX can0 02000000#0000
CAN-RX can0 08300103#0400
CAN-RX can0 02000000#0000
CAN-RX can0 03C30F0F#87878787878787
CAN-RX can0 02000000#0000
CAN-RX can0 08300103#E9FF
CAN-RX can0 02000000#0000
CAN-RX can0 00E#6E4621DF00000000
CAN-RX can0 02000000#0000
CAN-RX can0 02000000#0000
CAN-RX can0 08300103#F4FF
CAN-RX can0 02000000#0000
CAN-RX can0 140C0201#0000
CAN-RX can0 02000000#0000
CAN-RX can0 08300103#F8FF
CAN-RX can0 02000000#0000
CAN-RX can0 00E#6E4621DF00000000
CAN-RX can0 02000000#0000
CAN-RX can0 02000000#0000
CAN-RX can0 08300103#0D00
CAN-RX can0 02000000#0000
CAN-RX can0 03C30F0F#87878787878787
CAN-RX can0 02000000#0000
CAN-RX can0 08300103#0200
CAN-RX can0 02000000#0000
CAN-RX can0 00E#6E4621DF00000000
CAN-RX can0 02000000#0000
CAN-RX can0 02000000#0000
CAN-RX can0 08300103#FDFF
CAN-RX can0 02000000#0000
CAN-RX can0 02000000#0000
CAN-RX can0 14300200#0000
CAN-RX can0 08300103#F1FF
CAN-RX can0 02000000#0000
CAN-RX can0 00E#6E4621DF00000000
CAN-RX can0 02000000#0000
CAN-RX can0 02000000#0000
CAN-RX can0 08300103#F4FF
CAN-RX can0 02000000#0000
CAN-RX can0 03C30F0F#87878787878787
CAN-RX can0 02000000#0000
CAN-RX can0 08300103#FEFF
CAN-RX can0 02000000#0000
CAN-RX can0 00E#6E4621DF00000000
CAN-RX can0 02000000#0000
CAN-RX can0 0C140300#C2
CAN-RX can0 02000000#0000
CAN-RX can0 08300103#FEFF
CAN-RX can0 02000000#0000
CAN-RX can0 02000000#0000
CAN-RX can0 08300103#0100
CAN-RX can0 02000000#0000
CAN-RX can0 00E#6E4621DF00000000
CAN-RX can0 02000000#0000
CAN-RX can0 02000000#0000
CAN-RX can0 08300103#FFFF
CAN-RX can0 02000000#0000
CAN-RX can0 03C30F0F#87878787878787
CAN-RX can0 140C0201#0000
CAN-RX can0 02000000#0000
CAN-RX can0 08300103#F7FF
CAN-RX can0 02000000#0000
CAN-RX can0 00E#6E4621DF00000000
CAN-RX can0 02000000#0000
CAN-RX can0 02000000#0000
CAN-RX can0 02000000#0000
CAN-RX can0 02000000#0000
CAN-RX can0 02000000#0000
CAN-RX can0 0C140200#C0
CAN-RX can0 00E#6E4621DF00000000
CAN-RX can0 02000000#0000
CAN-RX can0 02000000#0000
CAN-RX can0 02000000#0000
CAN-RX can0 03C30F0F#87878787878787
CAN-RX can0 02000000#0000
CAN-RX can0 14300200#0000
CAN-RX can0 08300103#FEFF
CAN-RX can0 02000000#0000
CAN-RX can0 00E#6E4621DF00000000
CAN-RX can0 02000000#0000
CAN-RX can0 02000000#0000
CAN-RX can0 08300103#F6FF
CAN-RX can0 02000000#0000
CAN-RX can0 02000000#0000
CAN-RX can0 08300103#0500
CAN-RX can0 02000000#0000
CAN-RX can0 0C140200#C1
CAN-RX can0 00E#6E4621DF00000000
CAN-RX can0 02000000#0000
CAN-RX can0 02000000#0000
CAN-RX can0 08300103#0100
CAN-RX can0 02000000#0000
CAN-RX can0 03C30F0F#87878787878787
CAN-RX can0 02000000#0000
CAN-RX can0 08300103#0000
CAN-RX can0 02000000#0000
CAN-RX can0 00E#6E4621DF00000000
CAN-RX can0 02000000#0000
CAN-RX can0 02000000#0000
CAN-RX can0 08300103#FCFF
CAN-RX can0 02000000#0000
CAN-RX can0 140C0201#0000
CAN-RX can0 02000000#0000
CAN-RX can0 08300103#0100
CAN-RX can0 02000000#0000
CAN-RX can0 00E#6E4621DF00000000
CAN-RX can0 02000000#0000
CAN-RX can0 02000000#0000
CAN-RX can0 08300103#F7FF
CAN-RX can0 02000000#0000
CAN-RX can0 03C30F0F#87878787878787
CAN-RX can0 02000000#0000
CAN-RX can0 08300103#0400
CAN-RX can0 02000000#0000
CAN-RX can0 00E#6E4621DF00000000
CAN-RX can0 02000000#0000
CAN-RX can0 02000000#0000
CAN-RX can0 08300103#0100
CAN-RX can0 02000000#0000
CAN-RX can0 02000000#0000
CAN-RX can0 14300200#0000
CAN-RX can0 08300103#F9FF
CAN-RX can0 02000000#0000
CAN-RX can0 00E#6E4621DF00000000
CAN-RX can0 02000000#0000
CAN-RX can0 02000000#0000
CAN-RX can0 08300103#F9FF
CAN-RX can0 02000000#0000
CAN-RX can0 03C30F0F#87878787878787
CAN-RX can0 1C0C0200#1E
CAN-RX can0 02000000#0000
CAN-RX can0 08300103#0200
CAN-RX can0 02000000#0000
CAN-RX can0 00E#6E4621DF00000000
CAN-RX can0 02000000#0000
CAN-RX can0 1C2C0000#0C2800A90A1A
CAN-RX can0 02000000#0000
CAN-RX can0 08300103#F7FF
CAN-RX can0 02000000#0000
CAN-RX can0 02000000#0000
CAN-RX can0 08300103#FAFF
CAN-RX can0 02000000#0000
CAN-RX can0 00E#6E4621DF00000000
CAN-RX can0 02000000#0000
CAN-RX can0 02000000#0000
CAN-RX can0 08300103#0700
CAN-RX can0 1C300204#9AE505009AE50500
CAN-RX can0 02000000#0000
CAN-RX can0 03C30F0F#87878787878787
CAN-RX can0 140C0201#0000
CAN-RX can0 02000000#0000
CAN-RX can0 08300103#0400
CAN-RX can0 02000000#0000
CAN-RX can0 00E#6E4621DF00000000
CAN-RX can0 02000000#0000
CAN-RX can0 02000000#0000
CAN-RX can0 08300103#FEFF
CAN-RX can0 02000000#0000
CAN-RX can0 02000000#0000
CAN-RX can0 08300103#0200
CAN-RX can0 02000000#0000
CAN-RX can0 00E#6E4621DF00000000
CAN-RX can0 02000000#0000
CAN-RX can0 02000000#0000
CAN-RX can0 08300103#FFFF
CAN-RX can0 02000000#0000
CAN-RX can0 03C30F0F#87878787878787
CAN-RX can0 02000000#0000
CAN-RX can0 14300200#0000
CAN-RX can0 08300103#0700
CAN-RX can0 02000000#0000
CAN-RX can0 00E#6E4621DF00000000
CAN-RX can0 02000000#0000
CAN-RX can0 02000000#0000
CAN-RX can0 08300103#F4FF
CAN-RX can0 02000000#0000
CAN-RX can0 02000000#0000
CAN-RX can0 08300103#F9FF
CAN-RX can0 02000000#0000
CAN-RX can0 00E#6E4621DF00000000
CAN-RX can0 02000000#0000
CAN-RX can0 02000000#0000
CAN-RX can0 08300103#FFFF
CAN-RX can0 02000000#0000
CAN-RX can0 03C30F0F#87878787878787
CAN-RX can0 02000000#0000
CAN-RX can0 08300103#F1FF
CAN-RX can0 02000000#0000
CAN-RX can0 00E#6E4621DF00000000
CAN-RX can0 02000000#0000
CAN-RX can0 02000000#0000
CAN-RX can0 08300103#0300
CAN-RX can0 02000000#0000
CAN-RX can0 140C0201#0000
CAN-RX can0 02000000#0000
CAN-RX can0 08300103#0000
CAN-RX can0 02000000#0000
CAN-RX can0 00E#6E4621DF00000000
CAN-RX can0 02000000#0000
CAN-RX can0 02000000#0000
CAN-RX can0 08300103#EDFF
CAN-RX can0 02000000#0000
CAN-RX can0 03C30F0F#87878787878787
CAN-RX can0 02000000#0000
CAN-RX can0 08300103#0000
CAN-RX can0 02000000#0000
CAN-RX can0 00E#6E4621DF00000000
CAN-RX can0 02000000#0000
CAN-RX can0 02000000#0000
CAN-RX can0 08300103#0200
CAN-RX can0 02000000#0000
CAN-RX can0 02000000#0000
CAN-RX can0 14300200#0000
CAN-RX can0 08300103#FCFF
CAN-RX can0 02000000#0000
CAN-RX can0 00E#6E4621DF00000000
CAN-RX can0 02000000#0000
CAN-RX can0 02000000#0000
CAN-RX can0 08300103#FDFF
CAN-RX can0 02000000#0000
CAN-RX can0 03C30F0F#87878787878787
CAN-RX can0 02000000#0000
CAN-RX can0 08300103#FAFF
CAN-RX can0 02000000#0000
CAN-RX can0 00E#6E4621DF00000000
CAN-RX can0 02000000#0000
CAN-RX can0 0C140300#C2
CAN-RX can0 02000000#0000
CAN-RX can0 08300103#0A00
CAN-RX can0 02000000#0000
CAN-RX can0 02000000#0000
CAN-RX can0 08300103#0400
CAN-RX can0 02000000#0000
CAN-RX can0 00E#6E4621DF00000000
CAN-RX can0 02000000#0000
CAN-RX can0 02000000#0000
CAN-RX can0 08300103#E2FF
CAN-RX can0 02000000#0000
CAN-RX can0 03C30F0F#87878787878787
CAN-RX can0 140C0201#0000
CAN-RX can0 02000000#0000
CAN-RX can0 08300103#F8FF
CAN-RX can0 02000000#0000
CAN-RX can0 00E#6E4621DF00000000
CAN-RX can0 02000000#0000
CAN-RX can0 02000000#0000
CAN-RX can0 02000000#0000
CAN-RX can0 02000000#0000
CAN-RX can0 02000000#0000
CAN-RX can0 0C140200#C0
CAN-RX can0 00E#6E4621DF00000000
CAN-RX can0 02000000#0000
CAN-RX can0 02000000#0000
CAN-RX can0 02000000#0000
CAN-RX can0 03C30F0F#87878787878787
CAN-RX can0 02000000#0000
CAN-RX can0 14300200#0000
CAN-RX can0 08300103#FFFF
CAN-RX can0 02000000#0000
CAN-RX can0 00E#6E4621DF00000000
CAN-RX can0 02000000#0000
CAN-RX can0 02000000#0000
CAN-RX can0 08300103#0800
CAN-RX can0 02000000#0000
CAN-RX can0 02000000#0000
CAN-RX can0 08300103#0900
CAN-RX can0 02000000#0000
CAN-RX can0 0C140200#C1
CAN-RX can0 00E#6E4621DF00000000
CAN-RX can0 02000000#0000
CAN-RX can0 02000000#0000
CAN-RX can0 08300103#FBFF
CAN-RX can0 02000000#0000
CAN-RX can0 03C30F0F#87878787878787
CAN-RX can0 02000000#0000
CAN-RX can0 08300103#FCFF
CAN-RX can0 02000000#0000
CAN-RX can0 00E#6E4621DF00000000
CAN-RX can0 02000000#0000
CAN-RX can0 02000000#0000
CAN-RX can0 08300103#0600
CAN-RX can0 02000000#0000
CAN-RX can0 140C0201#0000
CAN-RX can0 02000000#0000
CAN-RX can0 08300103#0700
CAN-RX can0 02000000#0000
CAN-RX can0 00E#6E4621DF00000000
CAN-RX can0 02000000#0000
CAN-RX can0 02000000#0000
CAN-RX can0 08300103#F6FF
CAN-RX can0 02000000#0000
CAN-RX can0 03C30F0F#87878787878787
CAN-RX can0 02000000#0000
CAN-RX can0 08300103#0300
CAN-RX can0 02000000#0000
CAN-RX can0 00E#6E4621DF00000000
CAN-RX can0 02000000#0000
CAN-RX can0 02000000#0000
CAN-RX can0 08300103#0000
CAN-RX can0 02000000#0000
CAN-RX can0 02000000#0000
CAN-RX can0 14300200#0000
CAN-RX can0 08300103#0400
CAN-RX can0 02000000#0000
CAN-RX can0 00E#6E4621DF00000000
CAN-RX can0 02000000#0000
CAN-RX can0 08300103#0700
CAN-RX can0 02000000#0000
CAN-RX can0 02000000#0000
CAN-RX can0 03C30F0F#87878787878787
CAN-RX can0 1C0C0200#1E
CAN-RX can0 02000000#0000
CAN-RX can0 08300103#F4FF
CAN-RX can0 02000000#0000
CAN-RX can0 00E#6E4621DF00000000
CAN-RX can0 02000000#0000
CAN-RX can0 1C2C0000#0D2800A90A1A
CAN-RX can0 08300103#0800
CAN-RX can0 02000000#0000
CAN-RX can0 02000000#0000
CAN-RX can0 02000000#0000
CAN-RX can0 08300103#0000
CAN-RX can0 02000000#0000
CAN-RX can0 00E#6E4621DF00000000
CAN-RX can0 02000000#0000
CAN-RX can0 08300103#0C00
CAN-RX can0 02000000#0000
CAN-RX can0 02000000#0000
CAN-RX can0 03C30F0F#87878787878787
CAN-RX can0 140C0201#0000
CAN-RX can0 1C300204#9AE505009AE50500
CAN-RX can0 02000000#0000
CAN-RX can0 08300103#F9FF
CAN-RX can0 02000000#0000
CAN-RX can0 00E#6E4621DF00000000
CAN-RX can0 02000000#0000
CAN-RX can0 08300103#0500
CAN-RX can0 02000000#0000
CAN-RX can0 02000000#0000
CAN-RX can0 02000000#0000
CAN-RX can0 08300103#0000
CAN-RX can0 02000000#0000
CAN-RX can0 00E#6E4621DF00000000
CAN-RX can0 02000000#0000
CAN-RX can0 08300103#0800
CAN-RX can0 02000000#0000
CAN-RX can0 02000000#0000
CAN-RX can0 03C30F0F#87878787878787
CAN-RX can0 02000000#0000
CAN-RX can0 14300200#0000
CAN-RX can0 08300103#0500
CAN-RX can0 02000000#0000
CAN-RX can0 00E#6E4621DF00000000
CAN-RX can0 02000000#0000
CAN-RX can0 08300103#0D00
CAN-RX can0 02000000#0000
CAN-RX can0 02000000#0000
CAN-RX can0 02000000#0000
CAN-RX can0 08300103#1700
CAN-RX can0 02000000#0000
CAN-RX can0 00E#6E4621DF00000000
CAN-RX can0 02000000#0000
CAN-RX can0 08300103#FCFF
CAN-RX can0 02000000#0000
CAN-RX can0 02000000#0000
CAN-RX can0 03C30F0F#87878787878787
CAN-RX can0 02000000#0000
CAN-RX can0 08300103#0D00
CAN-RX can0 02000000#0000
CAN-RX can0 00E#6E4621DF00000000
CAN-RX can0 02000000#0000
CAN-RX can0 08300103#FCFF
CAN-RX can0 02000000#0000
CAN-RX can0 02000000#0000
CAN-RX can0 140C0201#0000
CAN-RX can0 02000000#0000
CAN-RX can0 08300103#0300
CAN-RX can0 02000000#0000
CAN-RX can0 00E#6E4621DF00000000
CAN-RX can0 02000000#0000
CAN-RX can0 08300103#FCFF
CAN-RX can0 02000000#0000
CAN-RX can0 02000000#0000
CAN-RX can0 03C30F0F#87878787878787
CAN-RX can0 02000000#0000
CAN-RX can0 08300103#FCFF
CAN-RX can0 02000000#0000
CAN-RX can0 00E#6E4621DF00000000
CAN-RX can0 02000000#0000
CAN-RX can0 08300103#F7FF
CAN-RX can0 02000000#0000
CAN-RX can0 02000000#0000
CAN-RX can0 02000000#0000
CAN-RX can0 14300200#0000
CAN-RX can0 08300103#0C00
CAN-RX can0 02000000#0000
CAN-RX can0 00E#6E4621DF00000000
CAN-RX can0 02000000#0000
CAN-RX can0 08300103#F3FF
CAN-RX can0 02000000#0000
CAN-RX can0 02000000#0000
CAN-RX can0 03C30F0F#87878787878787
CAN-RX can0 02000000#0000
CAN-RX can0 08300103#0200
CAN-RX can0 02000000#0000
CAN-RX can0 00E#6E4621DF00000000
CAN-RX can0 02000000#0000
CAN-RX can0 0C140300#C2
CAN-RX can0 08300103#F1FF
CAN-RX can0 02000000#0000
CAN-RX can0 02000000#0000
CAN-RX can0 02000000#0000
CAN-RX can0 08300103#F9FF
CAN-RX can0 02000000#0000
CAN-RX can0 00E#6E4621DF00000000
CAN-RX can0 02000000#0000
CAN-RX can0 08300103#F2FF
CAN-RX can0 02000000#0000
CAN-RX can0 02000000#0000
CAN-RX can0 03C30F0F#87878787878787
CAN-RX can0 140C0201#0000
CAN-RX can0 02000000#0000
CAN-RX can0 08300103#EBFF
CAN-RX can0 02000000#0000
CAN-RX can0 00E#6E4621DF00000000
CAN-RX can0 02000000#0000
CAN-RX can0 02000000#0000
CAN-RX can0 02000000#0000
CAN-RX can0 02000000#0000
CAN-RX can0 02000000#0000
CAN-RX can0 0C140200#C0
CAN-RX can0 00E#6E4621DF00000000
CAN-RX can0 02000000#0000
CAN-RX can0 02000000#0000
CAN-RX can0 02000000#0000
CAN-RX can0 03C30F0F#87878787878787
CAN-RX can0 02000000#0000
CAN-RX can0 14300200#0000
CAN-RX can0 08300103#F8FF
CAN-RX can0 02000000#0000
CAN-RX can0 00E#6E4621DF00000000
CAN-RX can0 02000000#0000
CAN-RX can0 08300103#0300
CAN-RX can0 02000000#0000
CAN-RX can0 02000000#0000
CAN-RX can0 02000000#0000
CAN-RX can0 08300103#FBFF
CAN-RX can0 02000000#0000
CAN-RX can0 0C140200#C1
CAN-RX can0 00E#6E4621DF00000000
CAN-RX can0 02000000#0000
CAN-RX can0 08300103#FDFF
CAN-RX can0 02000000#0000
CAN-RX can0 02000000#0000
CAN-RX can0 03C30F0F#87878787878787
CAN-RX can0 02000000#0000
CAN-RX can0 08300103#FCFF
CAN-RX can0 02000000#0000
CAN-RX can0 00E#6E4621DF00000000
CAN-RX can0 02000000#0000
CAN-RX can0 08300103#0300
CAN-RX can0 02000000#0000
CAN-RX can0 02000000#0000
CAN-RX can0 140C0201#0000
CAN-RX can0 02000000#0000
CAN-RX can0 08300103#1400
CAN-RX can0 02000000#0000
CAN-RX can0 00E#6E4621DF00000000
CAN-RX can0 02000000#0000
CAN-RX can0 08300103#0000
CAN-RX can0 02000000#0000
CAN-RX can0 02000000#0000
CAN-RX can0 03C30F0F#87878787878787
CAN-RX can0 02000000#0000
CAN-RX can0 08300103#FAFF
CAN-RX can0 02000000#0000
CAN-RX can0 00E#6E4621DF00000000
CAN-RX can0 02000000#0000
CAN-RX can0 08300103#0100
CAN-RX can0 02000000#0000
CAN-RX can0 02000000#0000
CAN-RX can0 02000000#0000
CAN-RX can0 14300200#0000
CAN-RX can0 08300103#F9FF
CAN-RX can0 02000000#0000
CAN-RX can0 00E#6E4621DF00000000
CAN-RX can0 02000000#0000
CAN-RX can0 08300103#0000
CAN-RX can0 02000000#0000
CAN-RX can0 02000000#0000
CAN-RX can0 03C30F0F#87878787878787
CAN-RX can0 1C0C0200#1E
CAN-RX can0 02000000#0000
CAN-RX can0 08300103#FDFF
CAN-RX can0 02000000#0000
CAN-RX can0 00E#6E4621DF00000000
CAN-RX can0 02000000#0000
CAN-RX can0 1C2C0000#0E2800A90A1A
CAN-RX can0 08300103#F6FF
CAN-RX can0 02000000#0000
CAN-RX can0 02000000#0000
CAN-RX can0 02000000#0000
CAN-RX can0 08300103#F1FF
CAN-RX can0 02000000#0000
CAN-RX can0 00E#6E4621DF00000000
CAN-RX can0 02000000#0000
CAN-RX can0 08300103#FDFF
CAN-RX can0 02000000#0000
CAN-RX can0 02000000#0000
CAN-RX can0 03C30F0F#87878787878787
CAN-RX can0 140C0201#0000
CAN-RX can0 02000000#0000
CAN-RX can0 08300103#0500
CAN-RX can0 1C300204#9AE505009AE50500
CAN-RX can0 02000000#0000
CAN-RX can0 00E#6E4621DF00000000
CAN-RX can0 02000000#0000
CAN-RX can0 08300103#0600
CAN-RX can0 02000000#0000
CAN-RX can0 02000000#0000
CAN-RX can0 02000000#0000
CAN-RX can0 08300103#0200
CAN-RX can0 02000000#0000
CAN-RX can0 00E#6E4621DF00000000
CAN-RX can0 02000000#0000
CAN-RX can0 08300103#FAFF
CAN-RX can0 02000000#0000
CAN-RX can0 02000000#0000
CAN-RX can0 03C30F0F#87878787878787
CAN-RX can0 02000000#0000
CAN-RX can0 08300103#0000
CAN-RX can0 14300200#0000
CAN-RX can0 02000000#0000
CAN-RX can0 00E#6E4621DF00000000
CAN-RX can0 02000000#0000
CAN-RX can0 08300103#F9FF
CAN-RX can0 02000000#0000
CAN-RX can0 02000000#0000
CAN-RX can0 02000000#0000
CAN-RX can0 08300103#0100
CAN-RX can0 02000000#0000
CAN-RX can0 00E#6E4621DF00000000
CAN-RX can0 02000000#0000
CAN-RX can0 08300103#0000
CAN-RX can0 02000000#0000
CAN-RX can0 02000000#0000
CAN-RX can0 03C30F0F#87878787878787
CAN-RX can0 02000000#0000
CAN-RX can0 08300103#0F00
CAN-RX can0 02000000#0000
CAN-RX can0 00E#6E4621DF00000000
CAN-RX can0 02000000#0000
CAN-RX can0 08300103#FEFF
CAN-RX can0 02000000#0000
CAN-RX can0 02000000#0000
CAN-RX can0 140C0201#0000
CAN-RX can0 02000000#0000
CAN-RX can0 08300103#0000
CAN-RX can0 02000000#0000
CAN-RX can0 00E#6E4621DF00000000
CAN-RX can0 02000000#0000
CAN-RX can0 08300103#0500
CAN-RX can0 02000000#0000
CAN-RX can0 02000000#0000
CAN-RX can0 03C30F0F#87878787878787
CAN-RX can0 02000000#0000
CAN-RX can0 08300103#F6FF
CAN-RX can0 02000000#0000
CAN-RX can0 00E#6E4621DF00000000
CAN-RX can0 02000000#0000
CAN-RX can0 08300103#F8FF
CAN-RX can0 02000000#0000
CAN-RX can0 02000000#0000
CAN-RX can0 02000000#0000
CAN-RX can0 08300103#0700
CAN-RX can0 14300200#0000
CAN-RX can0 02000000#0000
CAN-RX can0 00E#6E4621DF00000000
CAN-RX can0 02000000#0000
CAN-RX can0 08300103#0700
CAN-RX can0 02000000#0000
CAN-RX can0 02000000#0000
CAN-RX can0 03C30F0F#87878787878787
CAN-RX can0 02000000#0000
CAN-RX can0 08300103#F8FF
CAN-RX can0 02000000#0000
CAN-RX can0 00E#6E4621DF00000000
CAN-RX can0 02000000#0000
CAN-RX can0 0C140300#C2
CAN-RX can0 08300103#FCFF
CAN-RX can0 02000000#0000
CAN-RX can0 02000000#0000
CAN-RX can0 02000000#0000
CAN-RX can0 08300103#0400
CAN-RX can0 02000000#0000
CAN-RX can0 00E#6E4621DF00000000
CAN-RX can0 02000000#0000
CAN-RX can0 08300103#0300
CAN-RX can0 02000000#0000
CAN-RX can0 02000000#0000
CAN-RX can0 03C30F0F#87878787878787
CAN-RX can0 140C0201#0000
CAN-RX can0 02000000#0000
CAN-RX can0 08300103#0B00
CAN-RX can0 02000000#0000
CAN-RX can0 00E#6E4621DF00000000
CAN-RX can0 02000000#0000
CAN-RX can0 02000000#0000
CAN-RX can0 02000000#0000
CAN-RX can0 02000000#0000
CAN-RX can0 02000000#0000
CAN-RX can0 0C140200#C0
CAN-RX can0 00E#6E4621DF00000000
CAN-RX can0 02000000#0000
CAN-RX can0 02000000#0000
CAN-RX can0 02000000#0000
CAN-RX can0 03C30F0F#87878787878787
CAN-RX can0 02000000#0000
CAN-RX can0 08300103#FEFF
CAN-RX can0 14300200#0000
CAN-RX can0 02000000#0000
CAN-RX can0 00E#6E4621DF00000000
CAN-RX can0 02000000#0000
CAN-RX can0 08300103#FBFF
CAN-RX can0 02000000#0000
CAN-RX can0 02000000#0000
CAN-RX can0 02000000#0000
CAN-RX can0 08300103#FFFF
CAN-RX can0 02000000#0000
CAN-RX can0 0C140200#C1
CAN-RX can0 00E#6E4621DF00000000
CAN-RX can0 02000000#0000
CAN-RX can0 08300103#0200
CAN-RX can0 02000000#0000
CAN-RX can0 02000000#0000
CAN-RX can0 03C30F0F#87878787878787
CAN-RX can0 02000000#0000
CAN-RX can0 08300103#FAFF
CAN-RX can0 02000000#0000
CAN-RX can0 00E#6E4621DF00000000
CAN-RX can0 02000000#0000
CAN-RX can0 08300103#0100
CAN-RX can0 02000000#0000
CAN-RX can0 02000000#0000
CAN-RX can0 140C0201#0000
CAN-RX can0 02000000#0000
CAN-RX can0 08300103#FAFF
CAN-RX can0 02000000#0000
CAN-RX can0 00E#6E4621DF00000000
CAN-RX can0 02000000#0000
CAN-RX can0 08300103#FFFF
CAN-RX can0 02000000#0000
CAN-RX can0 02000000#0000
CAN-RX can0 03C30F0F#87878787878787
CAN-RX can0 02000000#0000
CAN-RX can0 08300103#0100
CAN-RX can0 02000000#0000
CAN-RX can0 00E#6E4621DF00000000
CAN-RX can0 02000000#0000
CAN-RX can0 08300103#0100
CAN-RX can0 02000000#0000
CAN-RX can0 02000000#0000
CAN-RX can0 02000000#0000
CAN-RX can0 08300103#FFFF
CAN-RX can0 14300200#0000
CAN-RX can0 02000000#0000
CAN-RX can0 00E#6E4621DF00000000
CAN-RX can0 02000000#0000
CAN-RX can0 08300103#0300
CAN-RX can0 02000000#0000
CAN-RX can0 02000000#0000
CAN-RX can0 03C30F0F#87878787878787
CAN-RX can0 1C0C0200#1E
CAN-RX can0 08300103#F7FF
CAN-RX can0 02000000#0000
CAN-RX can0 02000000#0000
CAN-RX can0 00E#6E4621DF00000000
CAN-RX can0 02000000#0000
CAN-RX can0 08300103#0300
CAN-RX can0 1C2C0000#0F2800A90A1A
CAN-RX can0 02000000#0000
CAN-RX can0 02000000#0000
CAN-RX can0 08300103#0600
CAN-RX can0 02000000#0000
CAN-RX can0 02000000#0000
CAN-RX can0 00E#6E4621DF00000000
CAN-RX can0 02000000#0000
CAN-RX can0 08300103#0700
CAN-RX can0 02000000#0000
CAN-RX can0 02000000#0000
CAN-RX can0 03C30F0F#87878787878787
CAN-RX can0 140C0201#0000
CAN-RX can0 08300103#FCFF
CAN-RX can0 02000000#0000
CAN-RX can0 02000000#0000
CAN-RX can0 1C300204#9AE505009AE50500
CAN-RX can0 00E#6E4621DF00000000
CAN-RX can0 02000000#0000
CAN-RX can0 08300103#F1FF
CAN-RX can0 02000000#0000
CAN-RX can0 02000000#0000
CAN-RX can0 08300103#0700
CAN-RX can0 02000000#0000
CAN-RX can0 02000000#0000
CAN-RX can0 00E#6E4621DF00000000
CAN-RX can0 02000000#0000
CAN-RX can0 08300103#0500
CAN-RX can0 02000000#0000
CAN-RX can0 02000000#0000
CAN-RX can0 03C30F0F#87878787878787
CAN-RX can0 08300103#FEFF
CAN-RX can0 02000000#0000
CAN-RX can0 14300200#0000
CAN-RX can0 02000000#0000
CAN-RX can0 00E#6E4621DF00000000
CAN-RX can0 02000000#0000
CAN-RX can0 08300103#FDFF
CAN-RX can0 02000000#0000
CAN-RX can0 02000000#0000
CAN-RX can0 08300103#F7FF
CAN-RX can0 02000000#0000
CAN-RX can0 02000000#0000
CAN-RX can0 00E#6E4621DF00000000
CAN-RX can0 02000000#0000
CAN-RX can0 08300103#0000
CAN-RX can0 02000000#0000
CAN-RX can0 02000000#0000
CAN-RX can0 03C30F0F#87878787878787
CAN-RX can0 08300103#0700
CAN-RX can0 02000000#0000
CAN-RX can0 02000000#0000
CAN-RX can0 00E#6E4621DF00000000
CAN-RX can0 02000000#0000
CAN-RX can0 08300103#FCFF
CAN-RX can0 02000000#0000
CAN-RX can0 02000000#0000
CAN-RX can0 140C0201#0000
CAN-RX can0 08300103#FEFF
CAN-RX can0 02000000#0000
CAN-RX can0 02000000#0000
CAN-RX can0 00E#6E4621DF00000000
CAN-RX can0 02000000#0000
CAN-RX can0 08300103#F3FF
CAN-RX can0 02000000#0000
CAN-RX can0 02000000#0000
CAN-RX can0 03C30F0F#87878787878787
CAN-RX can0 08300103#FEFF
CAN-RX can0 02000000#0000
CAN-RX can0 02000000#0000
CAN-RX can0 00E#6E4621DF00000000
CAN-RX can0 02000000#0000
CAN-RX can0 08300103#0800
CAN-RX can0 02000000#0000
CAN-RX can0 02000000#0000
CAN-RX can0 08300103#0000
CAN-RX can0 02000000#0000
CAN-RX can0 14300200#0000
CAN-RX can0 02000000#0000
CAN-RX can0 00E#6E4621DF00000000
CAN-RX can0 02000000#0000
CAN-RX can0 08300103#F2FF
CAN-RX can0 02000000#0000
CAN-RX can0 02000000#0000
CAN-RX can0 03C30F0F#87878787878787
CAN-RX can0 08300103#0800
CAN-RX can0 02000000#0000
CAN-RX can0 02000000#0000
CAN-RX can0 00E#6E4621DF00000000
CAN-RX can0 02000000#0000
CAN-RX can0 08300103#0000
CAN-RX can0 0C140300#C2
CAN-RX can0 02000000#0000
CAN-RX can0 02000000#0000
CAN-RX can0 08300103#1200
CAN-RX can0 02000000#0000
CAN-RX can0 02000000#0000
CAN-RX can0 00E#6E4621DF00000000
CAN-RX can0 02000000#0000
CAN-RX can0 08300103#0500
CAN-RX can0 02000000#0000
CAN-RX can0 02000000#0000
CAN-RX can0 03C30F0F#87878787878787
CAN-RX can0 140C0201#0000
CAN-RX can0 08300103#0000
CAN-RX can0 02000000#0000
CAN-RX can0 02000000#0000
CAN-RX can0 00E#6E4621DF00000000
CAN-RX can0 02000000#0000
CAN-RX can0 02000000#0000
CAN-RX can0 02000000#0000
CAN-RX can0 02000000#0000
CAN-RX can0 02000000#0000
CAN-RX can0 0C140200#C0
CAN-RX can0 00E#6E4621DF00000000
CAN-RX can0 02000000#0000
CAN-RX can0 02000000#0000
CAN-RX can0 02000000#0000
CAN-RX can0 03C30F0F#87878787878787
CAN-RX can0 08300103#0000
CAN-RX can0 02000000#0000
CAN-RX can0 14300200#0000
CAN-RX can0 02000000#0000
CAN-RX can0 00E#6E4621DF00000000
CAN-RX can0 02000000#0000
CAN-RX can0 08300103#FFFF
CAN-RX can0 02000000#0000
CAN-RX can0 02000000#0000
CAN-RX can0 08300103#0500
CAN-RX can0 02000000#0000
CAN-RX can0 02000000#0000
CAN-RX can0 0C140200#C1
CAN-RX can0 00E#6E4621DF00000000
CAN-RX can0 02000000#0000
CAN-RX can0 08300103#0100
CAN-RX can0 02000000#0000
CAN-RX can0 02000000#0000
CAN-RX can0 03C30F0F#87878787878787
CAN-RX can0 08300103#0500
CAN-RX can0 02000000#0000
CAN-RX can0 02000000#0000
CAN-RX can0 00E#6E4621DF00000000
CAN-RX can0 02000000#0000
CAN-RX can0 08300103#FDFF
CAN-RX can0 02000000#0000
CAN-RX can0 02000000#0000
CAN-RX can0 140C0201#0000
CAN-RX can0 08300103#0C00
CAN-RX can0 02000000#0000
CAN-RX can0 02000000#0000
CAN-RX can0 00E#6E4621DF00000000
CAN-RX can0 02000000#0000
CAN-RX can0 08300103#0600
CAN-RX can0 02000000#0000
CAN-RX can0 02000000#0000
CAN-RX can0 03C30F0F#87878787878787
CAN-RX can0 08300103#0700
CAN-RX can0 02000000#0000
CAN-RX can0 02000000#0000
CAN-RX can0 00E#6E4621DF00000000
CAN-RX can0 02000000#0000
CAN-RX can0 08300103#EDFF
CAN-RX can0 02000000#0000
CAN-RX can0 02000000#0000
CAN-RX can0 08300103#F1FF
CAN-RX can0 02000000#0000
CAN-RX can0 14300200#0000
CAN-RX can0 02000000#0000
CAN-RX can0 00E#6E4621DF00000000
CAN-RX can0 02000000#0000
CAN-RX can0 08300103#0600
CAN-RX can0 02000000#0000
CAN-RX can0 02000000#0000
CAN-RX can0 03C30F0F#87878787878787
CAN-RX can0 1C0C0200#1E
CAN-RX can0 08300103#FEFF
CAN-RX can0 02000000#0000
CAN-RX can0 02000000#0000
CAN-RX can0 00E#6E4621DF00000000
CAN-RX can0 02000000#0000
CAN-RX can0 08300103#0000
CAN-RX can0 1C2C0000#102800A90A1A
CAN-RX can0 02000000#0000
CAN-RX can0 02000000#0000
CAN-RX can0 08300103#F2FF
CAN-RX can0 02000000#0000
CAN-RX can0 02000000#0000
CAN-RX can0 00E#6E4621DF00000000
CAN-RX can0 02000000#0000
CAN-RX can0 08300103#FFFF
CAN-RX can0 02000000#0000
CAN-RX can0 02000000#0000
CAN-RX can0 03C30F0F#87878787878787
CAN-RX can0 140C0201#0000
CAN-RX can0 08300103#0300
CAN-RX can0 02000000#0000
CAN-RX can0 02000000#0000
CAN-RX can0 00E#6E4621DF00000000
CAN-RX can0 02000000#0000
CAN-RX can0 08300103#FEFF
CAN-RX can0 1C300204#9AE505009AE50500
CAN-RX can0 02000000#0000
CAN-RX can0 02000000#0000
CAN-RX can0 08300103#F4FF
CAN-RX can0 02000000#0000
CAN-RX can0 02000000#0000
CAN-RX can0 00E#6E4621DF00000000
CAN-RX can0 02000000#0000
CAN-RX can0 08300103#0000
CAN-RX can0 02000000#0000
CAN-RX can0 02000000#0000
CAN-RX can0 03C30F0F#87878787878787
CAN-RX can0 08300103#0000
CAN-RX can0 02000000#0000
CAN-RX can0 14300200#0000
CAN-RX can0 02000000#0000
CAN-RX can0 00E#6E4621DF00000000
CAN-RX can0 02000000#0000
CAN-RX can0 08300103#0E00
CAN-RX can0 02000000#0000
CAN-RX can0 02000000#0000
CAN-RX can0 08300103#FDFF
CAN-RX can0 02000000#0000
CAN-RX can0 02000000#0000
CAN-RX can0 00E#6E4621DF00000000
CAN-RX can0 02000000#0000
CAN-RX can0 08300103#0300
CAN-RX can0 02000000#0000
CAN-RX can0 02000000#0000
CAN-RX can0 03C30F0F#87878787878787
CAN-RX can0 08300103#0000
CAN-RX can0 02000000#0000
CAN-RX can0 02000000#0000
CAN-RX can0 00E#6E4621DF00000000
CAN-RX can0 02000000#0000
CAN-RX can0 08300103#FBFF
CAN-RX can0 02000000#0000
CAN-RX can0 02000000#0000
CAN-RX can0 140C0201#0000
CAN-RX can0 08300103#0500
CAN-RX can0 02000000#0000
CAN-RX can0 02000000#0000
CAN-RX can0 00E#6E4621DF00000000
CAN-RX can0 02000000#0000
CAN-RX can0 08300103#0200
CAN-RX can0 02000000#0000
CAN-RX can0 02000000#0000
CAN-RX can0 03C30F0F#87878787878787
CAN-RX can0 08300103#1400
CAN-RX can0 02000000#0000
CAN-RX can0 02000000#0000
CAN-RX can0 00E#6E4621DF00000000
CAN-RX can0 02000000#0000
CAN-RX can0 08300103#0400
CAN-RX can0 02000000#0000
CAN-RX can0 02000000#0000
CAN-RX can0 08300103#F2FF
CAN-RX can0 02000000#0000
CAN-RX can0 14300200#0000
CAN-RX can0 02000000#0000
CAN-RX can0 00E#6E4621DF00000000
CAN-RX can0 02000000#0000
CAN-RX can0 08300103#FDFF
CAN-RX can0 02000000#0000
CAN-RX can0 02000000#0000
CAN-RX can0 03C30F0F#87878787878787
CAN-RX can0 08300103#0C00
CAN-RX can0 02000000#0000
CAN-RX can0 02000000#0000
CAN-RX can0 00E#6E4621DF00000000
CAN-RX can0 02000000#0000
CAN-RX can0 08300103#FDFF
CAN-RX can0 0C140300#C2
CAN-RX can0 02000000#0000
CAN-RX can0 02000000#0000
CAN-RX can0 08300103#0000
CAN-RX can0 02000000#0000
CAN-RX can0 02000000#0000
CAN-RX can0 00E#6E4621DF00000000
CAN-RX can0 02000000#0000
CAN-RX can0 08300103#0B00
CAN-RX can0 02000000#0000
CAN-RX can0 02000000#0000
CAN-RX can0 03C30F0F#87878787878787
CAN-RX can0 140C0201#0000
CAN-RX can0 08300103#0100
CAN-RX can0 02000000#0000
CAN-RX can0 02000000#0000
CAN-RX can0 00E#6E4621DF00000000
CAN-RX can0 02000000#0000
CAN-RX can0 02000000#0000
CAN-RX can0 02000000#0000
CAN-RX can0 02000000#0000
CAN-RX can0 02000000#0000
CAN-RX can0 0C140200#C0
CAN-RX can0 00E#6E4621DF00000000
CAN-RX can0 02000000#0000
CAN-RX can0 02000000#0000
CAN-RX can0 02000000#0000
CAN-RX can0 03C30F0F#87878787878787
CAN-RX can0 08300103#0400
CAN-RX can0 02000000#0000
CAN-RX can0 14300200#0000
CAN-RX can0 02000000#0000
CAN-RX can0 00E#6E4621DF00000000
CAN-RX can0 02000000#0000
CAN-RX can0 08300103#0100
CAN-RX can0 02000000#0000
CAN-RX can0 02000000#0000
CAN-RX can0 08300103#0700
CAN-RX can0 02000000#0000
CAN-RX can0 02000000#0000
CAN-RX can0 0C140200#C1
CAN-RX can0 00E#6E4621DF00000000
CAN-RX can0 02000000#0000
CAN-RX can0 08300103#1000
CAN-RX can0 02000000#0000
CAN-RX can0 02000000#0000
CAN-RX can0 03C30F0F#87878787878787
CAN-RX can0 08300103#0800
CAN-RX can0 02000000#0000
CAN-RX can0 02000000#0000
CAN-RX can0 00E#6E4621DF00000000
CAN-RX can0 02000000#0000
CAN-RX can0 08300103#0600
CAN-RX can0 02000000#0000
CAN-RX can0 02000000#0000
CAN-RX can0 140C0201#0000
CAN-RX can0 08300103#F5FF
CAN-RX can0 02000000#0000
CAN-RX can0 02000000#0000
CAN-RX can0 00E#6E4621DF00000000
CAN-RX can0 02000000#0000
CAN-RX can0 08300103#0800
CAN-RX can0 02000000#0000
CAN-RX can0 02000000#0000
CAN-RX can0 03C30F0F#87878787878787
CAN-RX can0 08300103#F4FF
CAN-RX can0 02000000#0000
CAN-RX can0 02000000#0000
CAN-RX can0 00E#6E4621DF00000000
CAN-RX can0 02000000#0000
CAN-RX can0 08300103#0500
CAN-RX can0 02000000#0000
CAN-RX can0 02000000#0000
CAN-RX can0 08300103#FBFF
CAN-RX can0 02000000#0000
CAN-RX can0 14300200#0000
CAN-RX can0 02000000#0000
CAN-RX can0 00E#6E4621DF00000000
CAN-RX can0 02000000#0000
CAN-RX can0 08300103#FCFF
CAN-RX can0 02000000#0000
CAN-RX can0 02000000#0000
CAN-RX can0 03C30F0F#87878787878787
CAN-RX can0 1C0C0200#1E
CAN-RX can0 08300103#0800
CAN-RX can0 02000000#0000
CAN-RX can0 02000000#0000
CAN-RX can0 00E#6E4621DF00000000
CAN-RX can0 08300103#0000
CAN-RX can0 02000000#0000
CAN-RX can0 1C2C0000#112800A90A1A
CAN-RX can0 02000000#0000
CAN-RX can0 02000000#0000
CAN-RX can0 08300103#FFFF
CAN-RX can0 02000000#0000
CAN-RX can0 02000000#0000
CAN-RX can0 00E#6E4621DF00000000
CAN-RX can0 08300103#FBFF
CAN-RX can0 02000000#0000
CAN-RX can0 02000000#0000
CAN-RX can0 02000000#0000
CAN-RX can0 03C30F0F#87878787878787
CAN-RX can0 140C0201#0000
CAN-RX can0 08300103#0000
CAN-RX can0 02000000#0000
CAN-RX can0 02000000#0000
CAN-RX can0 00E#6E4621DF00000000
CAN-RX can0 08300103#FCFF
CAN-RX can0 02000000#0000
CAN-RX can0 02000000#0000
CAN-RX can0 1C300204#9AE505009AE50500
CAN-RX can0 02000000#0000
CAN-RX can0 08300103#F9FF
CAN-RX can0 02000000#0000
CAN-RX can0 02000000#0000
CAN-RX can0 00E#6E4621DF00000000
CAN-RX can0 08300103#FFFF
CAN-RX can0 02000000#0000
CAN-RX can0 02000000#0000
CAN-RX can0 02000000#0000
CAN-RX can0 03C30F0F#87878787878787
CAN-RX can0 08300103#0000
CAN-RX can0 02000000#0000
CAN-RX can0 14300200#0000
CAN-RX can0 02000000#0000
CAN-RX can0 00E#6E4621DF00000000
CAN-RX can0 08300103#EAFF
CAN-RX can0 02000000#0000
CAN-RX can0 02000000#0000
CAN-RX can0 02000000#0000
CAN-RX can0 08300103#F2FF
CAN-RX can0 02000000#0000
CAN-RX can0 02000000#0000
CAN-RX can0 00E#6E4621DF00000000
CAN-RX can0 08300103#FDFF
CAN-RX can0 02000000#0000
CAN-RX can0 02000000#0000
CAN-RX can0 02000000#0000
CAN-RX can0 03C30F0F#87878787878787
CAN-RX can0 08300103#FFFF
CAN-RX can0 02000000#0000
CAN-RX can0 02000000#0000
CAN-RX can0 00E#6E4621DF00000000
CAN-RX can0 08300103#F7FF
CAN-RX can0 02000000#0000
CAN-RX can0 02000000#0000
CAN-RX can0 02000000#0000
CAN-RX can0 140C0201#0000
CAN-RX can0 08300103#FCFF
CAN-RX can0 02000000#0000
CAN-RX can0 02000000#0000
CAN-RX can0 00E#6E4621DF00000000
CAN-RX can0 08300103#0300
CAN-RX can0 02000000#0000
CAN-RX can0 02000000#0000
CAN-RX can0 02000000#0000
CAN-RX can0 03C30F0F#87878787878787
CAN-RX can0 08300103#F6FF
CAN-RX can0 02000000#0000
CAN-RX can0 02000000#0000
CAN-RX can0 00E#6E4621DF00000000
CAN-RX can0 08300103#F6FF
CAN-RX can0 02000000#0000
CAN-RX can0 02000000#0000
CAN-RX can0 02000000#0000
CAN-RX can0 08300103#F8FF
CAN-RX can0 02000000#0000
CAN-RX can0 14300200#0000
CAN-RX can0 02000000#0000
CAN-RX can0 00E#6E4621DF00000000
CAN-RX can0 08300103#F2FF
CAN-RX can0 02000000#0000
CAN-RX can0 02000000#0000
CAN-RX can0 02000000#0000
CAN-RX can0 03C30F0F#87878787878787
CAN-RX can0 08300103#FDFF
CAN-RX can0 02000000#0000
CAN-RX can0 02000000#0000
CAN-RX can0 00E#6E4621DF00000000
CAN-RX can0 08300103#E8FF
CAN-RX can0 02000000#0000
CAN-RX can0 0C140300#C2
CAN-RX can0 02000000#0000
CAN-RX can0 02000000#0000
CAN-RX can0 08300103#FAFF
CAN-RX can0 02000000#0000
CAN-RX can0 02000000#0000
CAN-RX can0 00E#6E4621DF00000000
CAN-RX can0 08300103#0B00
CAN-RX can0 02000000#0000
CAN-RX can0 02000000#0000
CAN-RX can0 02000000#0000
CAN-RX can0 03C30F0F#87878787878787
CAN-RX can0 140C0201#0000
CAN-RX can0 08300103#0200
CAN-RX can0 02000000#0000
CAN-RX can0 02000000#0000
CAN-RX can0 00E#6E4621DF00000000
CAN-RX can0 02000000#0000
CAN-RX can0 02000000#0000
CAN-RX can0 02000000#0000
CAN-RX can0 02000000#0000
CAN-RX can0 02000000#0000
CAN-RX can0 0C140200#C0
CAN-RX can0 00E#6E4621DF00000000
CAN-RX can0 02000000#0000
CAN-RX can0 02000000#0000
CAN-RX can0 02000000#0000
CAN-RX can0 03C30F0F#87878787878787
CAN-RX can0 08300103#FEFF
CAN-RX can0 02000000#0000
CAN-RX can0 14300200#0000
CAN-RX can0 02000000#0000
CAN-RX can0 00E#6E4621DF00000000
CAN-RX can0 08300103#FDFF
CAN-RX can0 02000000#0000
CAN-RX can0 02000000#0000
CAN-RX can0 02000000#0000
CAN-RX can0 08300103#FAFF
CAN-RX can0 02000000#0000
CAN-RX can0 02000000#0000
CAN-RX can0 0C140200#C1
CAN-RX can0 00E#6E4621DF00000000
CAN-RX can0 08300103#0000
CAN-RX can0 02000000#0000
CAN-RX can0 02000000#0000
CAN-RX can0 02000000#0000
CAN-RX can0 03C30F0F#87878787878787
CAN-RX can0 08300103#0500
CAN-RX can0 02000000#0000
CAN-RX can0 02000000#0000
CAN-RX can0 00E#6E4621DF00000000
CAN-RX can0 08300103#F8FF
CAN-RX can0 02000000#0000
CAN-RX can0 02000000#0000
CAN-RX can0 02000000#0000
CAN-RX can0 140C0201#0000
CAN-RX can0 08300103#0800
CAN-RX can0 02000000#0000
CAN-RX can0 02000000#0000
CAN-RX can0 00E#6E4621DF00000000
CAN-RX can0 08300103#FAFF
CAN-RX can0 02000000#0000
CAN-RX can0 02000000#0000
CAN-RX can0 02000000#0000
CAN-RX can0 03C30F0F#87878787878787
CAN-RX can0 08300103#0F00
CAN-RX can0 02000000#0000
CAN-RX can0 02000000#0000
CAN-RX can0 00E#6E4621DF00000000
CAN-RX can0 08300103#F1FF
CAN-RX can0 02000000#0000
CAN-RX can0 02000000#0000
CAN-RX can0 02000000#0000
CAN-RX can0 08300103#0700
CAN-RX can0 02000000#0000
CAN-RX can0 14300200#0000
CAN-RX can0 02000000#0000
CAN-RX can0 00E#6E4621DF00000000
CAN-RX can0 08300103#0000
CAN-RX can0 02000000#0000
CAN-RX can0 02000000#0000
CAN-RX can0 02000000#0000
CAN-RX can0 03C30F0F#87878787878787
CAN-RX can0 1C0C0200#1E
CAN-RX can0 08300103#FDFF
CAN-RX can0 02000000#0000
CAN-RX can0 02000000#0000
CAN-RX can0 00E#6E4621DF00000000
CAN-RX can0 08300103#0300
CAN-RX can0 02000000#0000
CAN-RX can0 1C2C0000#122800A90A1A
CAN-RX can0 02000000#0000
CAN-RX can0 02000000#0000
CAN-RX can0 08300103#0000
CAN-RX can0 02000000#0000
CAN-RX can0 02000000#0000
CAN-RX can0 00E#6E4621DF00000000
CAN-RX can0 08300103#0800
CAN-RX can0 02000000#0000
CAN-RX can0 02000000#0000
CAN-RX can0 02000000#0000
CAN-RX can0 03C30F0F#87878787878787
CAN-RX can0 08300103#FDFF
CAN-RX can0 140C0201#0000
CAN-RX can0 02000000#0000
CAN-RX can0 02000000#0000
CAN-RX can0 00E#6E4621DF00000000
CAN-RX can0 08300103#F6FF
CAN-RX can0 02000000#0000
CAN-RX can0 02000000#0000
CAN-RX can0 02000000#0000
CAN-RX can0 08300103#F5FF
CAN-RX can0 1C300204#9AE505009AE50500
CAN-RX can0 02000000#0000
CAN-RX can0 02000000#0000
CAN-RX can0 00E#6E4621DF00000000
CAN-RX can0 08300103#FEFF
CAN-RX can0 02000000#0000
CAN-RX can0 02000000#0000
CAN-RX can0 02000000#0000
CAN-RX can0 03C30F0F#87878787878787
CAN-RX can0 08300103#0100
CAN-RX can0 02000000#0000
CAN-RX can0 14300200#0000
CAN-RX can0 02000000#0000
CAN-RX can0 00E#6E4621DF00000000
CAN-RX can0 08300103#0700
CAN-RX can0 02000000#0000
CAN-RX can0 02000000#0000
CAN-RX can0 02000000#0000
CAN-RX can0 08300103#FDFF
CAN-RX can0 02000000#0000
CAN-RX can0 02000000#0000
CAN-RX can0 00E#6E4621DF00000000
CAN-RX can0 08300103#FAFF
CAN-RX can0 02000000#0000
CAN-RX can0 02000000#0000
CAN-RX can0 02000000#0000
CAN-RX can0 03C30F0F#87878787878787
CAN-RX can0 08300103#F5FF
CAN-RX can0 02000000#0000
CAN-RX can0 02000000#0000
CAN-RX can0 00E#6E4621DF00000000
CAN-RX can0 08300103#F4FF
CAN-RX can0 02000000#0000
CAN-RX can0 02000000#0000
CAN-RX can0 02000000#0000
CAN-RX can0 08300103#0A00
CAN-RX can0 140C0201#0000
CAN-RX can0 02000000#0000
CAN-RX can0 02000000#0000
CAN-RX can0 00E#6E4621DF00000000
CAN-RX can0 08300103#FEFF
CAN-RX can0 02000000#0000
CAN-RX can0 02000000#0000
CAN-RX can0 02000000#0000
CAN-RX can0 03C30F0F#87878787878787
CAN-RX can0 08300103#F5FF
CAN-RX can0 02000000#0000
CAN-RX can0 02000000#0000
CAN-RX can0 00E#6E4621DF00000000
CAN-RX can0 08300103#FAFF
CAN-RX can0 02000000#0000
CAN-RX can0 02000000#0000
CAN-RX can0 02000000#0000
CAN-RX can0 08300103#0000
CAN-RX can0 02000000#0000
CAN-RX can0 14300200#0000
CAN-RX can0 02000000#0000
CAN-RX can0 00E#6E4621DF00000000
CAN-RX can0 08300103#FEFF
CAN-RX can0 02000000#0000
CAN-RX can0 02000000#0000
CAN-RX can0 02000000#0000
CAN-RX can0 03C30F0F#87878787878787
CAN-RX can0 08300103#0B00
CAN-RX can0 02000000#0000
CAN-RX can0 02000000#0000
CAN-RX can0 00E#6E4621DF00000000
CAN-RX can0 08300103#0000
CAN-RX can0 02000000#0000
CAN-RX can0 0C140300#C2
CAN-RX can0 02000000#0000
CAN-RX can0 02000000#0000
CAN-RX can0 08300103#F1FF
CAN-RX can0 02000000#0000
CAN-RX can0 02000000#0000
CAN-RX can0 00E#6E4621DF00000000
CAN-RX can0 08300103#F5FF
CAN-RX can0 02000000#0000
CAN-RX can0 02000000#0000
CAN-RX can0 02000000#0000
CAN-RX can0 03C30F0F#87878787878787
CAN-RX can0 08300103#0500
CAN-RX can0 140C0201#0000
CAN-RX can0 02000000#0000
CAN-RX can0 02000000#0000
CAN-RX can0 00E#6E4621DF00000000
CAN-RX can0 02000000#0000
CAN-RX can0 02000000#0000
CAN-RX can0 02000000#0000
CAN-RX can0 02000000#0000
CAN-RX can0 02000000#0000
CAN-RX can0 0C140200#C0
CAN-RX can0 00E#6E4621DF00000000
CAN-RX can0 02000000#0000
CAN-RX can0 02000000#0000
CAN-RX can0 02000000#0000
CAN-RX can0 03C30F0F#87878787878787
CAN-RX can0 08300103#FDFF
CAN-RX can0 02000000#0000
CAN-RX can0 14300200#0000
CAN-RX can0 02000000#0000
CAN-RX can0 00E#6E4621DF00000000
CAN-RX can0 08300103#0600
CAN-RX can0 02000000#0000
CAN-RX can0 02000000#0000
CAN-RX can0 02000000#0000
CAN-RX can0 08300103#0100
CAN-RX can0 02000000#0000
CAN-RX can0 02000000#0000
CAN-RX can0 0C140200#C1
CAN-RX can0 00E#6E4621DF00000000
CAN-RX can0 08300103#FBFF
CAN-RX can0 02000000#0000
CAN-RX can0 02000000#0000
CAN-RX can0 02000000#0000
CAN-RX can0 03C30F0F#87878787878787
CAN-RX can0 08300103#0200
CAN-RX can0 02000000#0000
CAN-RX can0 02000000#0000
CAN-RX can0 00E#6E4621DF00000000
CAN-RX can0 08300103#F8FF
CAN-RX can0 02000000#0000
CAN-RX can0 02000000#0000
CAN-RX can0 02000000#0000
CAN-RX can0 08300103#0400
CAN-RX can0 140C0201#0000
CAN-RX can0 02000000#0000
CAN-RX can0 02000000#0000
CAN-RX can0 00E#6E4621DF00000000
CAN-RX can0 08300103#0000
CAN-RX can0 02000000#0000
CAN-RX can0 02000000#0000
CAN-RX can0 02000000#0000
CAN-RX can0 03C30F0F#87878787878787
CAN-RX can0 08300103#F6FF
CAN-RX can0 02000000#0000
CAN-RX can0 02000000#0000
CAN-RX can0 00E#6E4621DF00000000
CAN-RX can0 08300103#FDFF
CAN-RX can0 02000000#0000
CAN-RX can0 02000000#0000
CAN-RX can0 02000000#0000
CAN-RX can0 08300103#FFFF
CAN-RX can0 02000000#0000
CAN-RX can0 14300200#0000
CAN-RX can0 02000000#0000
CAN-RX can0 00E#6E4621DF00000000
CAN-RX can0 08300103#0200
CAN-RX can0 02000000#0000
CAN-RX can0 02000000#0000
CAN-RX can0 08300103#FDFF
CAN-RX can0 02000000#0000
CAN-RX can0 03C30F0F#87878787878787
CAN-RX can0 1C0C0200#1E
CAN-RX can0 02000000#0000
CAN-RX can0 02000000#0000
CAN-RX can0 00E#6E4621DF00000000
CAN-RX can0 08300103#EBFF
CAN-RX can0 02000000#0000
CAN-RX can0 1C2C0000#132800A90A1A
CAN-RX can0 02000000#0000
CAN-RX can0 08300103#0000
CAN-RX can0 02000000#0000
CAN-RX can0 02000000#0000
CAN-RX can0 02000000#0000
CAN-RX can0 00E#6E4621DF00000000
CAN-RX can0 08300103#0700
CAN-RX can0 02000000#0000
CAN-RX can0 02000000#0000
CAN-RX can0 08300103#1200
CAN-RX can0 02000000#0000
CAN-RX can0 03C30F0F#87878787878787
CAN-RX can0 140C0201#0000
CAN-RX can0 02000000#0000
CAN-RX can0 02000000#0000
CAN-RX can0 00E#6E4621DF00000000
CAN-RX can0 08300103#0E00
CAN-RX can0 02000000#0000
CAN-RX can0 02000000#0000
CAN-RX can0 08300103#1000
CAN-RX can0 02000000#0000
CAN-RX can0 02000000#0000
CAN-RX can0 1C300204#9AE505009AE50500
CAN-RX can0 02000000#0000
CAN-RX can0 00E#6E4621DF00000000
CAN-RX can0 08300103#0C00
CAN-RX can0 02000000#0000
CAN-RX can0 02000000#0000
CAN-RX can0 08300103#FCFF
CAN-RX can0 02000000#0000
CAN-RX can0 03C30F0F#87878787878787
CAN-RX can0 02000000#0000
CAN-RX can0 14300200#0000
CAN-RX can0 02000000#0000
CAN-RX can0 00E#6E4621DF00000000
CAN-RX can0 08300103#FAFF
CAN-RX can0 02000000#0000
CAN-RX can0 02000000#0000
CAN-RX can0 08300103#F5FF
CAN-RX can0 02000000#0000
CAN-RX can0 02000000#0000
CAN-RX can0 02000000#0000
CAN-RX can0 00E#6E4621DF00000000
CAN-RX can0 08300103#F3FF
CAN-RX can0 02000000#0000
CAN-RX can0 02000000#0000
CAN-RX can0 08300103#0200
CAN-RX can0 02000000#0000
CAN-RX can0 03C30F0F#87878787878787
CAN-RX can0 02000000#0000
CAN-RX can0 02000000#0000
CAN-RX can0 00E#6E4621DF00000000
CAN-RX can0 08300103#FCFF
CAN-RX can0 02000000#0000
CAN-RX can0 02000000#0000
CAN-RX can0 08300103#0100
CAN-RX can0 02000000#0000
CAN-RX can0 140C0201#0000
CAN-RX can0 02000000#0000
CAN-RX can0 02000000#0000
CAN-RX can0 00E#6E4621DF00000000
CAN-RX can0 08300103#0100
CAN-RX can0 02000000#0000
CAN-RX can0 02000000#0000
CAN-RX can0 08300103#0600
CAN-RX can0 02000000#0000
CAN-RX can0 03C30F0F#87878787878787
CAN-RX can0 02000000#0000
CAN-RX can0 02000000#0000
CAN-RX can0 00E#6E4621DF00000000
CAN-RX can0 08300103#EDFF
CAN-RX can0 02000000#0000
CAN-RX can0 02000000#0000
CAN-RX can0 08300103#0000
CAN-RX can0 02000000#0000
CAN-RX can0 02000000#0000
CAN-RX can0 14300200#0000
CAN-RX can0 02000000#0000
CAN-RX can0 08300103#0A00
CAN-RX can0 00E#6E4621DF00000000
CAN-RX can0 02000000#0000
CAN-RX can0 02000000#0000
CAN-RX can0 08300103#0400
CAN-RX can0 02000000#0000
CAN-RX can0 03C30F0F#87878787878787
CAN-RX can0 02000000#0000
CAN-RX can0 02000000#0000
CAN-RX can0 08300103#0400
CAN-RX can0 00E#6E4621DF00000000
CAN-RX can0 02000000#0000
CAN-RX can0 0C140300#C2
CAN-RX can0 02000000#0000
CAN-RX can0 08300103#F7FF
CAN-RX can0 02000000#0000
CAN-RX can0 02000000#0000
CAN-RX can0 02000000#0000
CAN-RX can0 08300103#F2FF
CAN-RX can0 00E#6E4621DF00000000
CAN-RX can0 02000000#0000
CAN-RX can0 02000000#0000
CAN-RX can0 08300103#FCFF
CAN-RX can0 02000000#0000
CAN-RX can0 03C30F0F#87878787878787
CAN-RX can0 140C0201#0000
CAN-RX can0 02000000#0000
CAN-RX can0 02000000#0000
CAN-RX can0 00E#6E4621DF00000000
CAN-RX can0 02000000#0000
CAN-RX can0 02000000#0000
CAN-RX can0 02000000#0000
CAN-RX can0 02000000#0000
CAN-RX can0 02000000#0000
CAN-RX can0 0C140200#C0
CAN-RX can0 00E#6E4621DF00000000
CAN-RX can0 02000000#0000
CAN-RX can0 02000000#0000
CAN-RX can0 08300103#0400
CAN-RX can0 02000000#0000
CAN-RX can0 03C30F0F#87878787878787
CAN-RX can0 02000000#0000
CAN-RX can0 14300200#0000
CAN-RX can0 02000000#0000
CAN-RX can0 08300103#FBFF
CAN-RX can0 00E#6E4621DF00000000
CAN-RX can0 02000000#0000
CAN-RX can0 02000000#0000
CAN-RX can0 08300103#FEFF
CAN-RX can0 02000000#0000
CAN-RX can0 02000000#0000
CAN-RX can0 02000000#0000
CAN-RX can0 0C140200#C1
CAN-RX can0 08300103#FCFF
CAN-RX can0 00E#6E4621DF00000000
CAN-RX can0 02000000#0000
CAN-RX can0 02000000#0000
CAN-RX can0 08300103#F8FF
CAN-RX can0 02000000#0000
CAN-RX can0 03C30F0F#87878787878787
CAN-RX can0 02000000#0000
CAN-RX can0 02000000#0000
CAN-RX can0 08300103#0500
CAN-RX can0 00E#6E4621DF00000000
CAN-RX can0 02000000#0000
CAN-RX can0 02000000#0000
CAN-RX can0 08300103#0900
CAN-RX can0 02000000#0000
CAN-RX can0 140C0201#0000
CAN-RX can0 02000000#0000
CAN-RX can0 02000000#0000
CAN-RX can0 08300103#0600
CAN-RX can0 00E#6E4621DF00000000
CAN-RX can0 02000000#0000
CAN-RX can0 02000000#0000
CAN-RX can0 08300103#0400
CAN-RX can0 02000000#0000
CAN-RX can0 03C30F0F#87878787878787
CAN-RX can0 02000000#0000
CAN-RX can0 02000000#0000
CAN-RX can0 08300103#FBFF
CAN-RX can0 00E#6E4621DF00000000
CAN-RX can0 02000000#0000
CAN-RX can0 02000000#0000
CAN-RX can0 08300103#FDFF
CAN-RX can0 02000000#0000
CAN-RX can0 02000000#0000
CAN-RX can0 14300200#0000
CAN-RX can0 02000000#0000
CAN-RX can0 08300103#0100
CAN-RX can0 00E#6E4621DF00000000
CAN-RX can0 02000000#0000
CAN-RX can0 02000000#0000
CAN-RX can0 08300103#0000
CAN-RX can0 02000000#0000
CAN-RX can0 03C30F0F#87878787878787
CAN-RX can0 1C0C0200#1E
CAN-RX can0 02000000#0000
CAN-RX can0 02000000#0000
CAN-RX can0 08300103#FFFF
CAN-RX can0 00E#6E4621DF00000000
CAN-RX can0 02000000#0000
CAN-RX can0 1C2C0000#142800A90A1A
CAN-RX can0 02000000#0000
CAN-RX can0 08300103#0600
CAN-RX can0 02000000#0000
CAN-RX can0 02000000#0000
CAN-RX can0 02000000#0000
CAN-RX can0 08300103#F3FF
CAN-RX can0 00E#6E4621DF00000000
CAN-RX can0 02000000#0000
CAN-RX can0 02000000#0000
CAN-RX can0 08300103#F9FF
CAN-RX can0 02000000#0000
CAN-RX can0 03C30F0F#87878787878787
CAN-RX can0 140C0201#0000
CAN-RX can0 02000000#0000
CAN-RX can0 02000000#0000
CAN-RX can0 08300103#F0FF
CAN-RX can0 00E#6E4621DF00000000
CAN-RX can0 02000000#0000
CAN-RX can0 02000000#0000
CAN-RX can0 08300103#FDFF
CAN-RX can0 02000000#0000
CAN-RX can0 02000000#0000
CAN-RX can0 02000000#0000
CAN-RX can0 08300103#0400
CAN-RX can0 1C300204#9AE505009AE50500
CAN-RX can0 00E#6E4621DF00000000
CAN-RX can0 02000000#0000
CAN-RX can0 02000000#0000
CAN-RX can0 08300103#0200
CAN-RX can0 02000000#0000
CAN-RX can0 03C30F0F#87878787878787
CAN-RX can0 02000000#0000
CAN-RX can0 14300200#0000
CAN-RX can0 02000000#0000
CAN-RX can0 08300103#F6FF
CAN-RX can0 00E#6E4621DF00000000
CAN-RX can0 02000000#0000
CAN-RX can0 02000000#0000
CAN-RX can0 08300103#0600
CAN-RX can0 02000000#0000
CAN-RX can0 02000000#0000
CAN-RX can0 02000000#0000
CAN-RX can0 08300103#0500
CAN-RX can0 00E#6E4621DF00000000
CAN-RX can0 02000000#0000
CAN-RX can0 02000000#0000
CAN-RX can0 08300103#E7FF
CAN-RX can0 02000000#0000
CAN-RX can0 03C30F0F#87878787878787
CAN-RX can0 02000000#0000
CAN-RX can0 02000000#0000
CAN-RX can0 08300103#0500
CAN-RX can0 00E#6E4621DF00000000
CAN-RX can0 02000000#0000
CAN-RX can0 02000000#0000
CAN-RX can0 08300103#0B00
CAN-RX can0 02000000#0000
CAN-RX can0 140C0201#0000
CAN-RX can0 02000000#0000
CAN-RX can0 02000000#0000
CAN-RX can0 08300103#0300
CAN-RX can0 00E#6E4621DF00000000
CAN-RX can0 02000000#0000
CAN-RX can0 02000000#0000
CAN-RX can0 08300103#0000
CAN-RX can0 02000000#0000
CAN-RX can0 03C30F0F#87878787878787
CAN-RX can0 02000000#0000
CAN-RX can0 02000000#0000
CAN-RX can0 08300103#FBFF
CAN-RX can0 00E#6E4621DF00000000
CAN-RX can0 02000000#0000
CAN-RX can0 02000000#0000
CAN-RX can0 08300103#FFFF
CAN-RX can0 02000000#0000
CAN-RX can0 02000000#0000
CAN-RX can0 14300200#0000
CAN-RX can0 02000000#0000
CAN-RX can0 08300103#0A00
CAN-RX can0 00E#6E4621DF00000000
CAN-RX can0 02000000#0000
CAN-RX can0 02000000#0000
CAN-RX can0 08300103#0D00
CAN-RX can0 02000000#0000
CAN-RX can0 03C30F0F#87878787878787
CAN-RX can0 02000000#0000
CAN-RX can0 02000000#0000
CAN-RX can0 08300103#0200
CAN-RX can0 00E#6E4621DF00000000
CAN-RX can0 02000000#0000
CAN-RX can0 0C140300#C2
CAN-RX can0 02000000#0000
CAN-RX can0 08300103#FBFF
CAN-RX can0 02000000#0000
CAN-RX can0 02000000#0000
CAN-RX can0 02000000#0000
CAN-RX can0 08300103#F9FF
CAN-RX can0 00E#6E4621DF00000000
CAN-RX can0 02000000#0000
CAN-RX can0 02000000#0000
CAN-RX can0 08300103#0700
CAN-RX can0 02000000#0000
CAN-RX can0 03C30F0F#87878787878787
CAN-RX can0 140C0201#0000
CAN-RX can0 02000000#0000
CAN-RX can0 02000000#0000
CAN-RX can0 00E#6E4621DF00000000
CAN-RX can0 02000000#0000
CAN-RX can0 02000000#0000
CAN-RX can0 02000000#0000
CAN-RX can0 02000000#0000
CAN-RX can0 02000000#0000
CAN-RX can0 0C140200#C0
CAN-RX can0 00E#6E4621DF00000000
CAN-RX can0 02000000#0000
CAN-RX can0 02000000#0000
CAN-RX can0 08300103#FAFF
CAN-RX can0 02000000#0000
CAN-RX can0 03C30F0F#87878787878787
CAN-RX can0 02000000#0000
CAN-RX can0 14300200#0000
CAN-RX can0 02000000#0000
CAN-RX can0 08300103#1700
CAN-RX can0 00E#6E4621DF00000000
CAN-RX can0 02000000#0000
CAN-RX can0 02000000#0000
CAN-RX can0 08300103#FCFF
CAN-RX can0 02000000#0000
CAN-RX can0 02000000#0000
CAN-RX can0 02000000#0000
CAN-RX can0 08300103#0800
CAN-RX can0 0C140200#C1
CAN-RX can0 00E#6E4621DF00000000
CAN-RX can0 02000000#0000
CAN-RX can0 02000000#0000
CAN-RX can0 08300103#FFFF
CAN-RX can0 02000000#0000
CAN-RX can0 03C30F0F#87878787878787
CAN-RX can0 02000000#0000
CAN-RX can0 02000000#0000
CAN-RX can0 08300103#0500
CAN-RX can0 00E#6E4621DF00000000
CAN-RX can0 02000000#0000
CAN-RX can0 02000000#0000
CAN-RX can0 08300103#FFFF
CAN-RX can0 02000000#0000
CAN-RX can0 140C0201#0000
CAN-RX can0 02000000#0000
CAN-RX can0 02000000#0000
CAN-RX can0 08300103#F3FF
CAN-RX can0 00E#6E4621DF00000000
CAN-RX can0 02000000#0000
CAN-RX can0 02000000#0000
CAN-RX can0 08300103#FCFF
CAN-RX can0 02000000#0000
CAN-RX can0 03C30F0F#87878787878787
CAN-RX can0 02000000#0000
CAN-RX can0 02000000#0000
CAN-RX can0 08300103#EFFF
CAN-RX can0 00E#6E4621DF00000000
CAN-RX can0 02000000#0000
CAN-RX can0 02000000#0000
CAN-RX can0 08300103#F4FF
CAN-RX can0 02000000#0000
CAN-RX can0 02000000#0000
CAN-RX can0 14300200#0000
CAN-RX can0 02000000#0000
CAN-RX can0 08300103#0600
CAN-RX can0 00E#6E4621DF00000000
CAN-RX can0 02000000#0000
CAN-RX can0 02000000#0000
CAN-RX can0 08300103#FAFF
CAN-RX can0 02000000#0000
CAN-RX can0 03C30F0F#87878787878787
CAN-RX can0 1C0C0200#1E
CAN-RX can0 02000000#0000
CAN-RX can0 02000000#0000
CAN-RX can0 08300103#0500
CAN-RX can0 00E#6E4621DF00000000
CAN-RX can0 02000000#0000
CAN-RX can0 1C2C0000#152800A90A1A
CAN-RX can0 02000000#0000
CAN-RX can0 08300103#FFFF
CAN-RX can0 02000000#0000
CAN-RX can0 02000000#0000
CAN-RX can0 08300103#0400
CAN-RX can0 02000000#0000
CAN-RX can0 00E#6E4621DF00000000
CAN-RX can0 02000000#0000
CAN-RX can0 02000000#0000
CAN-RX can0 08300103#F1FF
CAN-RX can0 02000000#0000
CAN-RX can0 03C30F0F#87878787878787
CAN-RX can0 140C0201#0000
CAN-RX can0 02000000#0000
CAN-RX can0 08300103#0000
CAN-RX can0 02000000#0000
CAN-RX can0 00E#6E4621DF00000000
CAN-RX can0 02000000#0000
CAN-RX can0 02000000#0000
CAN-RX can0 08300103#0200
CAN-RX can0 02000000#0000
CAN-RX can0 02000000#0000
CAN-RX can0 08300103#FCFF
CAN-RX can0 02000000#0000
CAN-RX can0 00E#6E4621DF00000000
CAN-RX can0 02000000#0000
CAN-RX can0 1C300204#9AE505009AE50500
CAN-RX can0 02000000#0000
CAN-RX can0 08300103#0600
CAN-RX can0 02000000#0000
CAN-RX can0 03C30F0F#87878787878787
CAN-RX can0 02000000#0000
CAN-RX can0 14300200#0000
CAN-RX can0 08300103#0900
CAN-RX can0 02000000#0000
CAN-RX can0 00E#6E4621DF00000000
CAN-RX can0 02000000#0000
CAN-RX can0 02000000#0000
CAN-RX can0 08300103#0200
CAN-RX can0 02000000#0000
CAN-RX can0 02000000#0000
CAN-RX can0 08300103#FEFF
CAN-RX can0 02000000#0000
CAN-RX can0 00E#6E4621DF00000000
CAN-RX can0 02000000#0000
CAN-RX can0 02000000#0000
CAN-RX can0 08300103#0900
CAN-RX can0 02000000#0000
CAN-RX can0 03C30F0F#87878787878787
CAN-RX can0 02000000#0000
CAN-RX can0 08300103#1000
CAN-RX can0 02000000#0000
CAN-RX can0 00E#6E4621DF00000000
CAN-RX can0 02000000#0000
CAN-RX can0 02000000#0000
CAN-RX can0 08300103#FBFF
CAN-RX can0 02000000#0000
CAN-RX can0 140C0201#0000
CAN-RX can0 02000000#0000
CAN-RX can0 08300103#F0FF
CAN-RX can0 02000000#0000
CAN-RX can0 00E#6E4621DF00000000
CAN-RX can0 02000000#0000
CAN-RX can0 02000000#0000
CAN-RX can0 08300103#F8FF
CAN-RX can0 02000000#0000
CAN-RX can0 03C30F0F#87878787878787
CAN-RX can0 02000000#0000
CAN-RX can0 08300103#F9FF
CAN-RX can0 02000000#0000
CAN-RX can0 00E#6E4621DF00000000
CAN-RX can0 02000000#0000
CAN-RX can0 02000000#0000
CAN-RX can0 08300103#FAFF
CAN-RX can0 02000000#0000
CAN-RX can0 02000000#0000
CAN-RX can0 14300200#0000
CAN-RX can0 08300103#F6FF
CAN-RX can0 02000000#0000
CAN-RX can0 00E#6E4621DF00000000
CAN-RX can0 02000000#0000
CAN-RX can0 02000000#0000
CAN-RX can0 08300103#FAFF
CAN-RX can0 02000000#0000
CAN-RX can0 03C30F0F#87878787878787
CAN-RX can0 02000000#0000
CAN-RX can0 08300103#0100
CAN-RX can0 02000000#0000
CAN-RX can0 00E#6E4621DF00000000
CAN-RX can0 02000000#0000
CAN-RX can0 0C140300#C2
CAN-RX can0 02000000#0000
CAN-RX can0 08300103#0B00
CAN-RX can0 02000000#0000
CAN-RX can0 02000000#0000
CAN-RX can0 08300103#1000
CAN-RX can0 02000000#0000
CAN-RX can0 00E#6E4621DF00000000
CAN-RX can0 02000000#0000
CAN-RX can0 02000000#0000
CAN-RX can0 08300103#0000
CAN-RX can0 02000000#0000
CAN-RX can0 03C30F0F#87878787878787
CAN-RX can0 140C0201#0000
CAN-RX can0 02000000#0000
CAN-RX can0 02000000#0000
CAN-RX can0 00E#6E4621DF00000000
CAN-RX can0 02000000#0000
CAN-RX can0 02000000#0000
CAN-RX can0 02000000#0000
CAN-RX can0 02000000#0000
CAN-RX can0 02000000#0000
CAN-RX can0 0C140200#C0
CAN-RX can0 00E#6E4621DF00000000
CAN-RX can0 02000000#0000
CAN-RX can0 02000000#0000
CAN-RX can0 08300103#0200
CAN-RX can0 02000000#0000
CAN-RX can0 03C30F0F#87878787878787
CAN-RX can0 02000000#0000
CAN-RX can0 14300200#0000
CAN-RX can0 08300103#FBFF
CAN-RX can0 02000000#0000
CAN-RX can0 00E#6E4621DF00000000
CAN-RX can0 02000000#0000
CAN-RX can0 02000000#0000
CAN-RX can0 08300103#F9FF
CAN-RX can0 02000000#0000
CAN-RX can0 02000000#0000
CAN-RX can0 08300103#FAFF
CAN-RX can0 02000000#0000
CAN-RX can0 0C140200#C1
CAN-RX can0 00E#6E4621DF00000000
CAN-RX can0 02000000#0000
CAN-RX can0 02000000#0000
CAN-RX can0 08300103#0700
CAN-RX can0 02000000#0000
CAN-RX can0 03C30F0F#87878787878787
CAN-RX can0 02000000#0000
CAN-RX can0 08300103#0D00
CAN-RX can0 02000000#0000
CAN-RX can0 00E#6E4621DF00000000
CAN-RX can0 02000000#0000
CAN-RX can0 02000000#0000
CAN-RX can0 08300103#EDFF
CAN-RX can0 02000000#0000
CAN-RX can0 140C0201#0000
CAN-RX can0 02000000#0000
CAN-RX can0 08300103#FDFF
CAN-RX can0 02000000#0000
CAN-RX can0 00E#6E4621DF00000000
CAN-RX can0 02000000#0000
CAN-RX can0 02000000#0000
CAN-RX can0 08300103#0400
CAN-RX can0 02000000#0000
CAN-RX can0 03C30F0F#87878787878787
CAN-RX can0 02000000#0000
CAN-RX can0 08300103#ECFF
CAN-RX can0 02000000#0000
CAN-RX can0 00E#6E4621DF00000000
CAN-RX can0 02000000#0000
CAN-RX can0 02000000#0000
CAN-RX can0 08300103#0000
CAN-RX can0 02000000#0000
CAN-RX can0 02000000#0000
CAN-RX can0 14300200#0000
CAN-RX can0 08300103#0000
CAN-RX can0 02000000#0000
CAN-RX can0 00E#6E4621DF00000000
CAN-RX can0 02000000#0000
CAN-RX can0 02000000#0000
CAN-RX can0 08300103#0C00
CAN-RX can0 02000000#0000
CAN-RX can0 03C30F0F#87878787878787
CAN-RX can0 1C0C0200#1E
CAN-RX can0 02000000#0000
CAN-RX can0 08300103#FCFF
CAN-RX can0 02000000#0000
CAN-RX can0 00E#6E4621DF00000000
CAN-RX can0 02000000#0000
CAN-RX can0 1C2C0000#162800A90A1A
CAN-RX can0 02000000#0000
CAN-RX can0 08300103#0300
CAN-RX can0 02000000#0000
CAN-RX can0 02000000#0000
CAN-RX can0 08300103#0200
CAN-RX can0 02000000#0000
CAN-RX can0 00E#6E4621DF00000000
CAN-RX can0 02000000#0000
CAN-RX can0 02000000#0000
CAN-RX can0 08300103#0B00
CAN-RX can0 02000000#0000
CAN-RX can0 03C30F0F#87878787878787
CAN-RX can0 140C0201#0000
CAN-RX can0 02000000#0000
CAN-RX can0 08300103#0000
CAN-RX can0 02000000#0000
CAN-RX can0 00E#6E4621DF00000000
CAN-RX can0 02000000#0000
CAN-RX can0 02000000#0000
CAN-RX can0 08300103#F5FF
CAN-RX can0 02000000#0000
CAN-RX can0 02000000#0000
CAN-RX can0 08300103#0000
CAN-RX can0 02000000#0000
CAN-RX can0 00E#6E4621DF00000000
CAN-RX can0 02000000#0000
CAN-RX can0 02000000#0000
CAN-RX can0 08300103#0200
CAN-RX can0 1C300204#9AE505009AE50500
CAN-RX can0 02000000#0000
CAN-RX can0 03C30F0F#87878787878787
CAN-RX can0 02000000#0000
CAN-RX can0 14300200#0000
CAN-RX can0 08300103#0600
CAN-RX can0 02000000#0000
CAN-RX can0 00E#6E4621DF00000000
CAN-RX can0 02000000#0000
CAN-RX can0 02000000#0000
CAN-RX can0 08300103#0700
CAN-RX can0 02000000#0000
CAN-RX can0 02000000#0000
CAN-RX can0 08300103#0600
CAN-RX can0 02000000#0000
CAN-RX can0 00E#6E4621DF00000000
CAN-RX can0 02000000#0000
CAN-RX can0 02000000#0000
CAN-RX can0 08300103#FCFF
CAN-RX can0 02000000#0000
CAN-RX can0 03C30F0F#87878787878787
CAN-RX can0 02000000#0000
CAN-RX can0 08300103#F3FF
CAN-RX can0 02000000#0000
CAN-RX can0 00E#6E4621DF00000000
CAN-RX can0 02000000#0000
CAN-RX can0 02000000#0000
CAN-RX can0 08300103#0E00
CAN-RX can0 02000000#0000
CAN-RX can0 140C0201#0000
CAN-RX can0 02000000#0000
CAN-RX can0 08300103#0300
CAN-RX can0 02000000#0000
CAN-RX can0 00E#6E4621DF00000000
CAN-RX can0 02000000#0000
CAN-RX can0 02000000#0000
CAN-RX can0 08300103#0700
CAN-RX can0 02000000#0000
CAN-RX can0 03C30F0F#87878787878787
CAN-RX can0 02000000#0000
CAN-RX can0 08300103#FAFF
CAN-RX can0 02000000#0000
CAN-RX can0 00E#6E4621DF00000000
CAN-RX can0 02000000#0000
CAN-RX can0 02000000#0000
CAN-RX can0 08300103#0000
CAN-RX can0 02000000#0000
CAN-RX can0 02000000#0000
CAN-RX can0 14300200#0000
CAN-RX can0 08300103#0100
CAN-RX can0 02000000#0000
CAN-RX can0 00E#6E4621DF00000000
CAN-RX can0 02000000#0000
CAN-RX can0 02000000#0000
CAN-RX can0 08300103#ECFF
CAN-RX can0 02000000#0000
CAN-RX can0 03C30F0F#87878787878787
CAN-RX can0 02000000#0000
CAN-RX can0 08300103#0000
CAN-RX can0 02000000#0000
CAN-RX can0 00E#6E4621DF00000000
CAN-RX can0 02000000#0000
CAN-RX can0 0C140300#C2
CAN-RX can0 02000000#0000
CAN-RX can0 08300103#0E00
CAN-RX can0 02000000#0000
CAN-RX can0 02000000#0000
CAN-RX can0 08300103#FBFF
CAN-RX can0 02000000#0000
CAN-RX can0 00E#6E4621DF00000000
CAN-RX can0 02000000#0000
CAN-RX can0 02000000#0000
CAN-RX can0 08300103#FCFF
CAN-RX can0 02000000#0000
CAN-RX can0 03C30F0F#87878787878787
CAN-RX can0 140C0201#0000
CAN-RX can0 02000000#0000
CAN-RX can0 02000000#0000
CAN-RX can0 00E#6E4621DF00000000
CAN-RX can0 02000000#0000
CAN-RX can0 02000000#0000
CAN-RX can0 02000000#0000
CAN-RX can0 02000000#0000
CAN-RX can0 02000000#0000
CAN-RX can0 0C140200#C0
CAN-RX can0 00E#6E4621DF00000000
CAN-RX can0 02000000#0000
CAN-RX can0 02000000#0000
CAN-RX can0 08300103#0000
CAN-RX can0 02000000#0000
CAN-RX can0 03C30F0F#87878787878787
CAN-RX can0 02000000#0000
CAN-RX can0 14300200#0000
CAN-RX can0 08300103#0200
CAN-RX can0 02000000#0000
CAN-RX can0 00E#6E4621DF00000000
CAN-RX can0 02000000#0000
CAN-RX can0 02000000#0000
CAN-RX can0 08300103#F4FF
CAN-RX can0 02000000#0000
CAN-RX can0 02000000#0000
CAN-RX can0 08300103#FBFF
CAN-RX can0 02000000#0000
CAN-RX can0 0C140200#C1
CAN-RX can0 00E#6E4621DF00000000
CAN-RX can0 02000000#0000
CAN-RX can0 02000000#0000
CAN-RX can0 08300103#FDFF
CAN-RX can0 02000000#0000
CAN-RX can0 03C30F0F#87878787878787
CAN-RX can0 02000000#0000
CAN-RX can0 08300103#EDFF
CAN-RX can0 02000000#0000
CAN-RX can0 00E#6E4621DF00000000
CAN-RX can0 02000000#0000
CAN-RX can0 02000000#0000
CAN-RX can0 08300103#FFFF
CAN-RX can0 02000000#0000
CAN-RX can0 140C0201#0000
CAN-RX can0 02000000#0000
CAN-RX can0 08300103#0200
CAN-RX can0 02000000#0000
CAN-RX can0 00E#6E4621DF00000000
CAN-RX can0 02000000#0000
CAN-RX can0 02000000#0000
CAN-RX can0 08300103#FDFF
CAN-RX can0 02000000#0000
CAN-RX can0 03C30F0F#87878787878787
CAN-RX can0 02000000#0000
CAN-RX can0 08300103#F6FF
CAN-RX can0 02000000#0000
CAN-RX can0 00E#6E4621DF00000000
CAN-RX can0 02000000#0000
CAN-RX can0 02000000#0000
CAN-RX can0 08300103#FDFF
CAN-RX can0 02000000#0000
CAN-RX can0 02000000#0000
CAN-RX can0 14300200#0000
CAN-RX can0 08300103#FCFF
CAN-RX can0 02000000#0000
CAN-RX can0 00E#6E4621DF00000000
CAN-RX can0 02000000#0000
CAN-RX can0 02000000#0000
CAN-RX can0 08300103#F8FF
CAN-RX can0 02000000#0000
CAN-RX can0 03C30F0F#87878787878787
CAN-RX can0 1C0C0200#1E
CAN-RX can0 02000000#0000
CAN-RX can0 08300103#F6FF
CAN-RX can0 02000000#0000
CAN-RX can0 00E#6E4621DF00000000
CAN-RX can0 02000000#0000
CAN-RX can0 1C2C0000#172800A90A1A
CAN-RX can0 08300103#1600
CAN-RX can0 02000000#0000
CAN-RX can0 02000000#0000
CAN-RX can0 02000000#0000
CAN-RX can0 08300103#FBFF
CAN-RX can0 02000000#0000
CAN-RX can0 00E#6E4621DF00000000
CAN-RX can0 02000000#0000
CAN-RX can0 08300103#0000
CAN-RX can0 02000000#0000
CAN-RX can0 02000000#0000
CAN-RX can0 03C30F0F#87878787878787
CAN-RX can0 140C0201#0000
CAN-RX can0 02000000#0000
CAN-RX can0 08300103#F2FF
CAN-RX can0 02000000#0000
CAN-RX can0 00E#6E4621DF00000000
CAN-RX can0 02000000#0000
CAN-RX can0 08300103#F6FF
CAN-RX can0 02000000#0000
CAN-RX can0 02000000#0000
CAN-RX can0 02000000#0000
CAN-RX can0 08300103#FBFF
CAN-RX can0 02000000#0000
CAN-RX can0 00E#6E4621DF00000000
CAN-RX can0 02000000#0000
CAN-RX can0 08300103#0100
CAN-RX can0 02000000#0000
CAN-RX can0 02000000#0000
CAN-RX can0 03C30F0F#87878787878787
CAN-RX can0 1C300204#9AE505009AE50500
CAN-RX can0 02000000#0000
CAN-RX can0 14300200#0000
CAN-RX can0 08300103#FFFF
CAN-RX can0 02000000#0000
CAN-RX can0 00E#6E4621DF00000000
CAN-RX can0 02000000#0000
CAN-RX can0 08300103#0000
CAN-RX can0 02000000#0000
CAN-RX can0 02000000#0000
CAN-RX can0 02000000#0000
CAN-RX can0 08300103#F9FF
CAN-RX can0 02000000#0000
CAN-RX can0 00E#6E4621DF00000000
CAN-RX can0 02000000#0000
CAN-RX can0 08300103#F5FF
CAN-RX can0 02000000#0000
CAN-RX can0 02000000#0000
CAN-RX can0 03C30F0F#87878787878787
CAN-RX can0 02000000#0000
CAN-RX can0 08300103#F7FF
CAN-RX can0 02000000#0000
CAN-RX can0 00E#6E4621DF00000000
CAN-RX can0 02000000#0000
CAN-RX can0 08300103#0500
CAN-RX can0 02000000#0000
CAN-RX can0 02000000#0000
CAN-RX can0 140C0201#0000
CAN-RX can0 02000000#0000
CAN-RX can0 08300103#0100
CAN-RX can0 02000000#0000
CAN-RX can0 00E#6E4621DF00000000
CAN-RX can0 02000000#0000
CAN-RX can0 08300103#1000
CAN-RX can0 02000000#0000
CAN-RX can0 02000000#0000
CAN-RX can0 03C30F0F#87878787878787
CAN-RX can0 02000000#0000
CAN-RX can0 08300103#FBFF
CAN-RX can0 02000000#0000
CAN-RX can0 00E#6E4621DF00000000
CAN-RX can0 02000000#0000
CAN-RX can0 08300103#0700
CAN-RX can0 02000000#0000
CAN-RX can0 02000000#0000
CAN-RX can0 02000000#0000
CAN-RX can0 14300200#0000
CAN-RX can0 08300103#FEFF
CAN-RX can0 02000000#0000
CAN-RX can0 00E#6E4621DF00000000
CAN-RX can0 02000000#0000
CAN-RX can0 08300103#0100
CAN-RX can0 02000000#0000
CAN-RX can0 02000000#0000
CAN-RX can0 03C30F0F#87878787878787
CAN-RX can0 02000000#0000
CAN-RX can0 08300103#FEFF
CAN-RX can0 02000000#0000
CAN-RX can0 00E#6E4621DF00000000
CAN-RX can0 02000000#0000
CAN-RX can0 0C140300#C2
CAN-RX can0 08300103#FCFF
CAN-RX can0 02000000#0000
CAN-RX can0 02000000#0000
CAN-RX can0 02000000#0000
CAN-RX can0 08300103#0000
CAN-RX can0 02000000#0000
CAN-RX can0 00E#6E4621DF00000000
CAN-RX can0 02000000#0000
CAN-RX can0 08300103#FDFF
CAN-RX can0 02000000#0000
CAN-RX can0 02000000#0000
CAN-RX can0 03C30F0F#87878787878787
CAN-RX can0 140C0201#0000
CAN-RX can0 02000000#0000
CAN-RX can0 02000000#0000
CAN-RX can0 00E#6E4621DF00000000
CAN-RX can0 02000000#0000
CAN-RX can0 02000000#0000
CAN-RX can0 02000000#0000
CAN-RX can0 02000000#0000
CAN-RX can0 02000000#0000
CAN-RX can0 0C140200#C0
CAN-RX can0 00E#6E4621DF00000000
CAN-RX can0 02000000#0000
CAN-RX can0 08300103#0A00
CAN-RX can0 02000000#0000
CAN-RX can0 02000000#0000
CAN-RX can0 03C30F0F#87878787878787
CAN-RX can0 02000000#0000
CAN-RX can0 14300200#0000
CAN-RX can0 08300103#EFFF
CAN-RX can0 02000000#0000
CAN-RX can0 00E#6E4621DF00000000
CAN-RX can0 02000000#0000
CAN-RX can0 08300103#F3FF
CAN-RX can0 02000000#0000
CAN-RX can0 02000000#0000
CAN-RX can0 02000000#0000
CAN-RX can0 08300103#0000
CAN-RX can0 02000000#0000
CAN-RX can0 0C140200#C1
CAN-RX can0 00E#6E4621DF00000000
CAN-RX can0 02000000#0000
CAN-RX can0 08300103#F4FF
CAN-RX can0 02000000#0000
CAN-RX can0 02000000#0000
CAN-RX can0 03C30F0F#87878787878787
CAN-RX can0 02000000#0000
CAN-RX can0 08300103#FCFF
CAN-RX can0 02000000#0000
CAN-RX can0 00E#6E4621DF00000000
CAN-RX can0 02000000#0000
CAN-RX can0 08300103#0200
CAN-RX can0 02000000#0000
CAN-RX can0 02000000#0000
CAN-RX can0 140C0201#0000
CAN-RX can0 02000000#0000
CAN-RX can0 08300103#F4FF
CAN-RX can0 02000000#0000
CAN-RX can0 00E#6E4621DF00000000
CAN-RX can0 02000000#0000
CAN-RX can0 08300103#F8FF
CAN-RX can0 02000000#0000
CAN-RX can0 02000000#0000
CAN-RX can0 03C30F0F#87878787878787
CAN-RX can0 02000000#0000
CAN-RX can0 08300103#0700
CAN-RX can0 02000000#0000
CAN-RX can0 00E#6E4621DF00000000
CAN-RX can0 02000000#0000
CAN-RX can0 08300103#FFFF
CAN-RX can0 02000000#0000
CAN-RX can0 02000000#0000
CAN-RX can0 02000000#0000
CAN-RX can0 14300200#0000
CAN-RX can0 08300103#0200
CAN-RX can0 02000000#0000
CAN-RX can0 00E#6E4621DF00000000
CAN-RX can0 02000000#0000
CAN-RX can0 08300103#0500
CAN-RX can0 02000000#0000
CAN-RX can0 02000000#0000
CAN-RX can0 03C30F0F#87878787878787
CAN-RX can0 1C0C0200#1E
CAN-RX can0 02000000#0000
CAN-RX can0 08300103#FBFF
CAN-RX can0 02000000#0000
CAN-RX can0 00E#6E4621DF00000000
CAN-RX can0 02000000#0000
CAN-RX can0 1C2C0000#182800A90A1A
CAN-RX can0 08300103#F9FF
CAN-RX can0 02000000#0000
CAN-RX can0 02000000#0000
CAN-RX can0 02000000#0000
CAN-RX can0 08300103#0B00
CAN-RX can0 02000000#0000
CAN-RX can0 00E#6E4621DF00000000
CAN-RX can0 02000000#0000
CAN-RX can0 08300103#FDFF
CAN-RX can0 02000000#0000
CAN-RX can0 02000000#0000
CAN-RX can0 03C30F0F#87878787878787
CAN-RX can0 140C0201#0000
CAN-RX can0 02000000#0000
CAN-RX can0 08300103#0200
CAN-RX can0 02000000#0000
CAN-RX can0 00E#6E4621DF00000000
CAN-RX can0 02000000#0000
CAN-RX can0 08300103#0300
CAN-RX can0 02000000#0000
CAN-RX can0 02000000#0000
CAN-RX can0 02000000#0000
CAN-RX can0 08300103#FBFF
CAN-RX can0 02000000#0000
CAN-RX can0 00E#6E4621DF00000000
CAN-RX can0 02000000#0000
CAN-RX can0 08300103#0000
CAN-RX can0 02000000#0000
CAN-RX can0 02000000#0000
CAN-RX can0 03C30F0F#87878787878787
CAN-RX can0 02000000#0000
CAN-RX can0 08300103#0400
CAN-RX can0 14300200#0000
CAN-RX can0 1C300204#9AE505009AE50500
CAN-RX can0 02000000#0000
CAN-RX can0 00E#6E4621DF00000000
CAN-RX can0 02000000#0000
CAN-RX can0 08300103#0100
CAN-RX can0 02000000#0000
CAN-RX can0 02000000#0000
CAN-RX can0 02000000#0000
CAN-RX can0 08300103#FEFF
CAN-RX can0 02000000#0000
CAN-RX can0 00E#6E4621DF00000000
CAN-RX can0 02000000#0000
CAN-RX can0 08300103#EDFF
CAN-RX can0 02000000#0000
CAN-RX can0 02000000#0000
CAN-RX can0 03C30F0F#87878787878787
CAN-RX can0 02000000#0000
CAN-RX can0 08300103#F5FF
CAN-RX can0 02000000#0000
CAN-RX can0 00E#6E4621DF00000000
CAN-RX can0 02000000#0000
CAN-RX can0 08300103#F3FF
CAN-RX can0 02000000#0000
CAN-RX can0 02000000#0000
CAN-RX can0 140C0201#0000
CAN-RX can0 02000000#0000
CAN-RX can0 08300103#FFFF
CAN-RX can0 02000000#0000
CAN-RX can0 00E#6E4621DF00000000
CAN-RX can0 02000000#0000
CAN-RX can0 08300103#0300
CAN-RX can0 02000000#0000
CAN-RX can0 02000000#0000
CAN-RX can0 03C30F0F#87878787878787
CAN-RX can0 02000000#0000
CAN-RX can0 08300103#1100
CAN-RX can0 02000000#0000
CAN-RX can0 00E#6E4621DF00000000
CAN-RX can0 02000000#0000
CAN-RX can0 08300103#F6FF
CAN-RX can0 02000000#0000
CAN-RX can0 02000000#0000
CAN-RX can0 02000000#0000
CAN-RX can0 08300103#0400
CAN-RX can0 14300200#0000
CAN-RX can0 02000000#0000
CAN-RX can0 00E#6E4621DF00000000
CAN-RX can0 02000000#0000
CAN-RX can0 08300103#FBFF
CAN-RX can0 02000000#0000
CAN-RX can0 02000000#0000
CAN-RX can0 03C30F0F#87878787878787
CAN-RX can0 02000000#0000
CAN-RX can0 08300103#0100
CAN-RX can0 02000000#0000
CAN-RX can0 00E#6E4621DF00000000
CAN-RX can0 02000000#0000
CAN-RX can0 08300103#0800
CAN-RX can0 0C140300#C2
CAN-RX can0 02000000#0000
CAN-RX can0 02000000#0000
CAN-RX can0 02000000#0000
CAN-RX can0 08300103#0B00
CAN-RX can0 02000000#0000
CAN-RX can0 00E#6E4621DF00000000
CAN-RX can0 02000000#0000
CAN-RX can0 08300103#FEFF
CAN-RX can0 02000000#0000
CAN-RX can0 02000000#0000
CAN-RX can0 03C30F0F#87878787878787
CAN-RX can0 140C0201#0000
CAN-RX can0 02000000#0000
CAN-RX can0 02000000#0000
CAN-RX can0 00E#6E4621DF00000000
CAN-RX can0 02000000#0000
CAN-RX can0 02000000#0000
CAN-RX can0 02000000#0000
CAN-RX can0 02000000#0000
CAN-RX can0 02000000#0000
CAN-RX can0 0C140200#C0
CAN-RX can0 00E#6E4621DF00000000
CAN-RX can0 02000000#0000
CAN-RX can0 08300103#0D00
CAN-RX can0 02000000#0000
CAN-RX can0 02000000#0000
CAN-RX can0 03C30F0F#87878787878787
CAN-RX can0 02000000#0000
CAN-RX can0 08300103#0300
CAN-RX can0 14300200#0000
CAN-RX can0 02000000#0000
CAN-RX can0 00E#6E4621DF00000000
CAN-RX can0 02000000#0000
CAN-RX can0 08300103#FFFF
CAN-RX can0 02000000#0000
CAN-RX can0 02000000#0000
CAN-RX can0 02000000#0000
CAN-RX can0 08300103#0C00
CAN-RX can0 02000000#0000
CAN-RX can0 0C140200#C1
CAN-RX can0 00E#6E4621DF00000000
CAN-RX can0 02000000#0000
CAN-RX can0 08300103#F7FF
CAN-RX can0 02000000#0000
CAN-RX can0 02000000#0000
CAN-RX can0 03C30F0F#87878787878787
CAN-RX can0 02000000#0000
CAN-RX can0 08300103#0C00
CAN-RX can0 02000000#0000
CAN-RX can0 00E#6E4621DF00000000
CAN-RX can0 02000000#0000
CAN-RX can0 08300103#F6FF
CAN-RX can0 02000000#0000
CAN-RX can0 02000000#0000
CAN-RX can0 140C0201#0000
CAN-RX can0 02000000#0000
CAN-RX can0 08300103#F7FF
CAN-RX can0 02000000#0000
CAN-RX can0 00E#6E4621DF00000000
CAN-RX can0 02000000#0000
CAN-RX can0 08300103#F6FF
CAN-RX can0 02000000#0000
CAN-RX can0 02000000#0000
CAN-RX can0 03C30F0F#87878787878787
CAN-RX can0 02000000#0000
CAN-RX can0 08300103#0200
CAN-RX can0 02000000#0000
CAN-RX can0 00E#6E4621DF00000000
CAN-RX can0 02000000#0000
CAN-RX can0 08300103#0000
CAN-RX can0 02000000#0000
CAN-RX can0 02000000#0000
CAN-RX can0 02000000#0000
CAN-RX can0 08300103#F7FF
CAN-RX can0 14300200#0000
CAN-RX can0 02000000#0000
CAN-RX can0 00E#6E4621DF00000000
CAN-RX can0 02000000#0000
CAN-RX can0 08300103#F9FF
CAN-RX can0 02000000#0000
CAN-RX can0 02000000#0000
CAN-RX can0 03C30F0F#87878787878787
CAN-RX can0 1C0C0200#1E
CAN-RX can0 02000000#0000
CAN-RX can0 08300103#0100
CAN-RX can0 02000000#0000
CAN-RX can0 00E#6E4621DF00000000
CAN-RX can0 02000000#0000
CAN-RX can0 08300103#F7FF
CAN-RX can0 1C2C0000#192800A90A1A
CAN-RX can0 02000000#0000
CAN-RX can0 02000000#0000
CAN-RX can0 02000000#0000
CAN-RX can0 08300103#0000
CAN-RX can0 02000000#0000
CAN-RX can0 00E#6E4621DF00000000
CAN-RX can0 02000000#0000
CAN-RX can0 08300103#FBFF
CAN-RX can0 02000000#0000
CAN-RX can0 02000000#0000
CAN-RX can0 03C30F0F#87878787878787
CAN-RX can0 140C0201#0000
CAN-RX can0 08300103#FFFF
CAN-RX can0 02000000#0000
CAN-RX can0 02000000#0000
CAN-RX can0 00E#6E4621DF00000000
CAN-RX can0 02000000#0000
CAN-RX can0 08300103#0F00
CAN-RX can0 02000000#0000
CAN-RX can0 02000000#0000
CAN-RX can0 08300103#0400
CAN-RX can0 02000000#0000
CAN-RX can0 02000000#0000
CAN-RX can0 00E#6E4621DF00000000
CAN-RX can0 02000000#0000
CAN-RX can0 08300103#F7FF
CAN-RX can0 02000000#0000
CAN-RX can0 02000000#0000
CAN-RX can0 03C30F0F#87878787878787
CAN-RX can0 08300103#FAFF
CAN-RX can0 02000000#0000
CAN-RX can0 14300200#0000
CAN-RX can0 02000000#0000
CAN-RX can0 1C300204#9AE505009AE50500
CAN-RX can0 00E#6E4621DF00000000
CAN-RX can0 02000000#0000
CAN-RX can0 08300103#F9FF
CAN-RX can0 02000000#0000
CAN-RX can0 02000000#0000
CAN-RX can0 08300103#FEFF
CAN-RX can0 02000000#0000
CAN-RX can0 02000000#0000
CAN-RX can0 00E#6E4621DF00000000
CAN-RX can0 02000000#0000
CAN-RX can0 08300103#0A00
CAN-RX can0 02000000#0000
CAN-RX can0 02000000#0000
CAN-RX can0 03C30F0F#87878787878787
CAN-RX can0 08300103#FDFF
CAN-RX can0 02000000#0000
CAN-RX can0 02000000#0000
CAN-RX can0 00E#6E4621DF00000000
CAN-RX can0 02000000#0000
CAN-RX can0 08300103#FEFF
CAN-RX can0 02000000#0000
CAN-RX can0 02000000#0000
CAN-RX can0 140C0201#0000
CAN-RX can0 08300103#F6FF
CAN-RX can0 02000000#0000
CAN-RX can0 02000000#0000
CAN-RX can0 00E#6E4621DF00000000
CAN-RX can0 02000000#0000
CAN-RX can0 08300103#0100
CAN-RX can0 02000000#0000
CAN-RX can0 02000000#0000
CAN-RX can0 03C30F0F#87878787878787
CAN-RX can0 08300103#0500
CAN-RX can0 02000000#0000
CAN-RX can0 02000000#0000
CAN-RX can0 00E#6E4621DF00000000
CAN-RX can0 02000000#0000
CAN-RX can0 08300103#F4FF
CAN-RX can0 02000000#0000
CAN-RX can0 02000000#0000
CAN-RX can0 08300103#FBFF
CAN-RX can0 02000000#0000
CAN-RX can0 14300200#0000
CAN-RX can0 02000000#0000
CAN-RX can0 00E#6E4621DF00000000
CAN-RX can0 02000000#0000
CAN-RX can0 08300103#0100
CAN-RX can0 02000000#0000
CAN-RX can0 02000000#0000
CAN-RX can0 03C30F0F#87878787878787
CAN-RX can0 08300103#EEFF
CAN-RX can0 02000000#0000
CAN-RX can0 02000000#0000
CAN-RX can0 00E#6E4621DF00000000
CAN-RX can0 02000000#0000
CAN-RX can0 08300103#0D00
CAN-RX can0 0C140300#C2
CAN-RX can0 02000000#0000
CAN-RX can0 02000000#0000
CAN-RX can0 08300103#FEFF
CAN-RX can0 02000000#0000
CAN-RX can0 02000000#0000
CAN-RX can0 00E#6E4621DF00000000
CAN-RX can0 02000000#0000
CAN-RX can0 08300103#0000
CAN-RX can0 02000000#0000
CAN-RX can0 02000000#0000
CAN-RX can0 03C30F0F#87878787878787
CAN-RX can0 140C0201#0000
CAN-RX can0 02000000#0000
CAN-RX can0 02000000#0000
CAN-RX can0 00E#6E4621DF00000000
CAN-RX can0 02000000#0000
CAN-RX can0 02000000#0000
CAN-RX can0 02000000#0000
CAN-RX can0 02000000#0000
CAN-RX can0 02000000#0000
CAN-RX can0 0C140200#C0
CAN-RX can0 00E#6E4621DF00000000
CAN-RX can0 02000000#0000
CAN-RX can0 08300103#FAFF
CAN-RX can0 02000000#0000
CAN-RX can0 02000000#0000
CAN-RX can0 03C30F0F#87878787878787
CAN-RX can0 08300103#0300
CAN-RX can0 02000000#0000
CAN-RX can0 14300200#0000
CAN-RX can0 02000000#0000
CAN-RX can0 00E#6E4621DF00000000
CAN-RX can0 02000000#0000
CAN-RX can0 08300103#F9FF
CAN-RX can0 02000000#0000
CAN-RX can0 02000000#0000
CAN-RX can0 08300103#F9FF
CAN-RX can0 02000000#0000
CAN-RX can0 02000000#0000
CAN-RX can0 0C140200#C1
CAN-RX can0 00E#6E4621DF00000000
CAN-RX can0 02000000#0000
CAN-RX can0 08300103#FFFF
CAN-RX can0 02000000#0000
CAN-RX can0 02000000#0000
CAN-RX can0 03C30F0F#87878787878787
CAN-RX can0 08300103#0A00
CAN-RX can0 02000000#0000
CAN-RX can0 02000000#0000
CAN-RX can0 00E#6E4621DF00000000
CAN-RX can0 02000000#0000
CAN-RX can0 08300103#F7FF
CAN-RX can0 02000000#0000
CAN-RX can0 02000000#0000
CAN-RX can0 140C0201#0000
CAN-RX can0 08300103#0400
CAN-RX can0 02000000#0000
CAN-RX can0 02000000#0000
CAN-RX can0 00E#6E4621DF00000000
CAN-RX can0 02000000#0000
CAN-RX can0 08300103#0200
CAN-RX can0 02000000#0000
CAN-RX can0 02000000#0000
CAN-RX can0 03C30F0F#87878787878787
CAN-RX can0 08300103#F3FF
CAN-RX can0 02000000#0000
CAN-RX can0 02000000#0000
CAN-RX can0 00E#6E4621DF00000000
CAN-RX can0 02000000#0000
CAN-RX can0 08300103#FFFF
CAN-RX can0 02000000#0000
CAN-RX can0 02000000#0000
CAN-RX can0 08300103#0800
CAN-RX can0 02000000#0000
CAN-RX can0 14300200#0000
CAN-RX can0 02000000#0000
CAN-RX can0 00E#6E4621DF00000000
CAN-RX can0 02000000#0000
CAN-RX can0 08300103#EFFF
CAN-RX can0 02000000#0000
CAN-RX can0 02000000#0000
CAN-RX can0 03C30F0F#87878787878787
CAN-RX can0 1C0C0200#1E
CAN-RX can0 08300103#F3FF
CAN-RX can0 02000000#0000
CAN-RX can0 02000000#0000
CAN-RX can0 00E#6E4621DF00000000
CAN-RX can0 02000000#0000
CAN-RX can0 08300103#0700
CAN-RX can0 1C2C0000#1A2800A90A1A
CAN-RX can0 02000000#0000
CAN-RX can0 02000000#0000
CAN-RX can0 08300103#FCFF
CAN-RX can0 02000000#0000
CAN-RX can0 02000000#0000
CAN-RX can0 00E#6E4621DF00000000
CAN-RX can0 02000000#0000
CAN-RX can0 08300103#0300
CAN-RX can0 02000000#0000
CAN-RX can0 02000000#0000
CAN-RX can0 03C30F0F#87878787878787
CAN-RX can0 140C0201#0000
CAN-RX can0 08300103#0000
CAN-RX can0 02000000#0000
CAN-RX can0 02000000#0000
CAN-RX can0 00E#6E4621DF00000000
CAN-RX can0 02000000#0000
CAN-RX can0 08300103#ECFF
CAN-RX can0 02000000#0000
CAN-RX can0 02000000#0000
CAN-RX can0 08300103#F5FF
CAN-RX can0 02000000#0000
CAN-RX can0 02000000#0000
CAN-RX can0 00E#6E4621DF00000000
CAN-RX can0 02000000#0000
CAN-RX can0 08300103#FEFF
CAN-RX can0 02000000#0000
CAN-RX can0 02000000#0000
CAN-RX can0 03C30F0F#87878787878787
CAN-RX can0 08300103#0200
CAN-RX can0 02000000#0000
CAN-RX can0 14300200#0000
CAN-RX can0 02000000#0000
CAN-RX can0 00E#6E4621DF00000000
CAN-RX can0 02000000#0000
CAN-RX can0 08300103#0600
CAN-RX can0 1C300204#9AE505009AE50500
CAN-RX can0 02000000#0000
CAN-RX can0 02000000#0000
CAN-RX can0 08300103#0D00
CAN-RX can0 02000000#0000
CAN-RX can0 02000000#0000
CAN-RX can0 00E#6E4621DF00000000
CAN-RX can0 02000000#0000
CAN-RX can0 08300103#0100
CAN-RX can0 02000000#0000
CAN-RX can0 02000000#0000
CAN-RX can0 03C30F0F#87878787878787
CAN-RX can0 08300103#0B00
CAN-RX can0 02000000#0000
CAN-RX can0 02000000#0000
CAN-RX can0 00E#6E4621DF00000000
CAN-RX can0 02000000#0000
CAN-RX can0 08300103#0700
CAN-RX can0 02000000#0000
CAN-RX can0 02000000#0000
CAN-RX can0 140C0201#0000
CAN-RX can0 08300103#FFFF
CAN-RX can0 02000000#0000
CAN-RX can0 02000000#0000
CAN-RX can0 00E#6E4621DF00000000
CAN-RX can0 02000000#0000
CAN-RX can0 08300103#F6FF
CAN-RX can0 02000000#0000
CAN-RX can0 02000000#0000
CAN-RX can0 03C30F0F#87878787878787
CAN-RX can0 08300103#FCFF
CAN-RX can0 02000000#0000
CAN-RX can0 02000000#0000
CAN-RX can0 00E#6E4621DF00000000
CAN-RX can0 02000000#0000
CAN-RX can0 08300103#FFFF
CAN-RX can0 02000000#0000
CAN-RX can0 02000000#0000
CAN-RX can0 08300103#0300
CAN-RX can0 02000000#0000
CAN-RX can0 14300200#0000
CAN-RX can0 02000000#0000
CAN-RX can0 00E#6E4621DF00000000
CAN-RX can0 02000000#0000
CAN-RX can0 08300103#FAFF
CAN-RX can0 02000000#0000
CAN-RX can0 02000000#0000
CAN-RX can0 03C30F0F#87878787878787
CAN-RX can0 08300103#FFFF
CAN-RX can0 02000000#0000
CAN-RX can0 02000000#0000
CAN-RX can0 00E#6E4621DF00000000
CAN-RX can0 02000000#0000
CAN-RX can0 08300103#0200
CAN-RX can0 0C140300#C2
CAN-RX can0 02000000#0000
CAN-RX can0 02000000#0000
CAN-RX can0 08300103#0200
CAN-RX can0 02000000#0000
CAN-RX can0 02000000#0000
CAN-RX can0 00E#6E4621DF00000000
CAN-RX can0 02000000#0000
CAN-RX can0 08300103#0600
CAN-RX can0 02000000#0000
CAN-RX can0 02000000#0000
CAN-RX can0 03C30F0F#87878787878787
CAN-RX can0 140C0201#0000
CAN-RX can0 02000000#0000
CAN-RX can0 02000000#0000
CAN-RX can0 00E#6E4621DF00000000
CAN-RX can0 02000000#0000
CAN-RX can0 02000000#0000
CAN-RX can0 02000000#0000
CAN-RX can0 02000000#0000
CAN-RX can0 02000000#0000
CAN-RX can0 0C140200#C0
CAN-RX can0 00E#6E4621DF00000000
CAN-RX can0 02000000#0000
CAN-RX can0 08300103#0500
CAN-RX can0 02000000#0000
CAN-RX can0 02000000#0000
CAN-RX can0 03C30F0F#87878787878787
CAN-RX can0 08300103#0C00
CAN-RX can0 02000000#0000
CAN-RX can0 14300200#0000
CAN-RX can0 02000000#0000
CAN-RX can0 00E#6E4621DF00000000
CAN-RX can0 02000000#0000
CAN-RX can0 08300103#F9FF
CAN-RX can0 02000000#0000
CAN-RX can0 02000000#0000
CAN-RX can0 08300103#FBFF
CAN-RX can0 02000000#0000
CAN-RX can0 02000000#0000
CAN-RX can0 0C140200#C1
CAN-RX can0 00E#6E4621DF00000000
CAN-RX can0 02000000#0000
CAN-RX can0 08300103#F4FF
CAN-RX can0 02000000#0000
CAN-RX can0 02000000#0000
CAN-RX can0 03C30F0F#87878787878787
CAN-RX can0 08300103#FAFF
CAN-RX can0 02000000#0000
CAN-RX can0 02000000#0000
CAN-RX can0 00E#6E4621DF00000000
CAN-RX can0 02000000#0000
CAN-RX can0 08300103#FDFF
CAN-RX can0 02000000#0000
CAN-RX can0 02000000#0000
CAN-RX can0 140C0201#0000
CAN-RX can0 08300103#0300
CAN-RX can0 02000000#0000
CAN-RX can0 02000000#0000
CAN-RX can0 00E#6E4621DF00000000
CAN-RX can0 02000000#0000
CAN-RX can0 08300103#F5FF
CAN-RX can0 02000000#0000
CAN-RX can0 02000000#0000
CAN-RX can0 03C30F0F#87878787878787
CAN-RX can0 08300103#F8FF
CAN-RX can0 02000000#0000
CAN-RX can0 02000000#0000
CAN-RX can0 00E#6E4621DF00000000
CAN-RX can0 02000000#0000
CAN-RX can0 08300103#0100
CAN-RX can0 02000000#0000
CAN-RX can0 02000000#0000
CAN-RX can0 08300103#FDFF
CAN-RX can0 02000000#0000
CAN-RX can0 14300200#0000
CAN-RX can0 02000000#0000
CAN-RX can0 00E#6E4621DF00000000
CAN-RX can0 02000000#0000
CAN-RX can0 08300103#F9FF
CAN-RX can0 02000000#0000
CAN-RX can0 02000000#0000
CAN-RX can0 03C30F0F#87878787878787
CAN-RX can0 1C0C0200#1E
CAN-RX can0 08300103#1000
CAN-RX can0 02000000#0000
CAN-RX can0 02000000#0000
CAN-RX can0 00E#6E4621DF00000000
CAN-RX can0 02000000#0000
CAN-RX can0 08300103#0100
CAN-RX can0 1C2C0000#1B2800A90A1A
CAN-RX can0 02000000#0000
CAN-RX can0 02000000#0000
CAN-RX can0 08300103#EDFF
CAN-RX can0 02000000#0000
CAN-RX can0 02000000#0000
CAN-RX can0 00E#6E4621DF00000000
CAN-RX can0 08300103#FEFF
CAN-RX can0 02000000#0000
CAN-RX can0 02000000#0000
CAN-RX can0 02000000#0000
CAN-RX can0 03C30F0F#87878787878787
CAN-RX can0 140C0201#0000
CAN-RX can0 08300103#FFFF
CAN-RX can0 02000000#0000
CAN-RX can0 02000000#0000
CAN-RX can0 00E#6E4621DF00000000
CAN-RX can0 08300103#F6FF
CAN-RX can0 02000000#0000
CAN-RX can0 02000000#0000
CAN-RX can0 02000000#0000
CAN-RX can0 08300103#F6FF
CAN-RX can0 02000000#0000
CAN-RX can0 02000000#0000
CAN-RX can0 00E#6E4621DF00000000
CAN-RX can0 08300103#FFFF
CAN-RX can0 02000000#0000
CAN-RX can0 02000000#0000
CAN-RX can0 02000000#0000
CAN-RX can0 03C30F0F#87878787878787
CAN-RX can0 08300103#0500
CAN-RX can0 02000000#0000
CAN-RX can0 14300200#0000
CAN-RX can0 02000000#0000
CAN-RX can0 00E#6E4621DF00000000
CAN-RX can0 08300103#0900
CAN-RX can0 02000000#0000
CAN-RX can0 02000000#0000
CAN-RX can0 1C300204#9AE505009AE50500
CAN-RX can0 02000000#0000
CAN-RX can0 08300103#0800
CAN-RX can0 02000000#0000
CAN-RX can0 02000000#0000
CAN-RX can0 00E#6E4621DF00000000
CAN-RX can0 08300103#F6FF
CAN-RX can0 02000000#0000
CAN-RX can0 02000000#0000
CAN-RX can0 02000000#0000
CAN-RX can0 03C30F0F#87878787878787
CAN-RX can0 08300103#FFFF
CAN-RX can0 02000000#0000
CAN-RX can0 02000000#0000
CAN-RX can0 00E#6E4621DF00000000
CAN-RX can0 08300103#F5FF
CAN-RX can0 02000000#0000
CAN-RX can0 02000000#0000
CAN-RX can0 02000000#0000
CAN-RX can0 140C0201#0000
CAN-RX can0 08300103#0600
CAN-RX can0 02000000#0000
CAN-RX can0 02000000#0000
CAN-RX can0 00E#6E4621DF00000000
CAN-RX can0 08300103#0100
CAN-RX can0 02000000#0000
CAN-RX can0 02000000#0000
CAN-RX can0 02000000#0000
CAN-RX can0 03C30F0F#87878787878787
CAN-RX can0 08300103#0400
CAN-RX can0 02000000#0000
CAN-RX can0 02000000#0000
CAN-RX can0 00E#6E4621DF00000000
CAN-RX can0 08300103#F9FF
CAN-RX can0 02000000#0000
CAN-RX can0 02000000#0000
CAN-RX can0 02000000#0000
CAN-RX can0 08300103#FBFF
CAN-RX can0 02000000#0000
CAN-RX can0 14300200#0000
CAN-RX can0 02000000#0000
CAN-RX can0 00E#6E4621DF00000000
CAN-RX can0 08300103#F0FF
CAN-RX can0 02000000#0000
CAN-RX can0 02000000#0000
CAN-RX can0 02000000#0000
CAN-RX can0 03C30F0F#87878787878787
CAN-RX can0 08300103#E6FF
CAN-RX can0 02000000#0000
CAN-RX can0 02000000#0000
CAN-RX can0 00E#6E4621DF00000000
CAN-RX can0 08300103#F1FF
CAN-RX can0 02000000#0000
CAN-RX can0 0C140300#C2
CAN-RX can0 02000000#0000
CAN-RX can0 02000000#0000
CAN-RX can0 08300103#0500
CAN-RX can0 02000000#0000
CAN-RX can0 02000000#0000
CAN-RX can0 00E#6E4621DF00000000
CAN-RX can0 08300103#0900
CAN-RX can0 02000000#0000
CAN-RX can0 02000000#0000
CAN-RX can0 02000000#0000
CAN-RX can0 03C30F0F#87878787878787
CAN-RX can0 140C0201#0000
CAN-RX can0 02000000#0000
CAN-RX can0 02000000#0000
CAN-RX can0 00E#6E4621DF00000000
CAN-RX can0 02000000#0000
CAN-RX can0 02000000#0000
CAN-RX can0 02000000#0000
CAN-RX can0 02000000#0000
CAN-RX can0 02000000#0000
CAN-RX can0 0C140200#C0
CAN-RX can0 00E#6E4621DF00000000
CAN-RX can0 08300103#0100
CAN-RX can0 02000000#0000
CAN-RX can0 02000000#0000
CAN-RX can0 02000000#0000
CAN-RX can0 03C30F0F#87878787878787
CAN-RX can0 08300103#0000
CAN-RX can0 02000000#0000
CAN-RX can0 14300200#0000
CAN-RX can0 02000000#0000
CAN-RX can0 00E#6E4621DF00000000
CAN-RX can0 08300103#F4FF
CAN-RX can0 02000000#0000
CAN-RX can0 02000000#0000
CAN-RX can0 02000000#0000
CAN-RX can0 08300103#F2FF
CAN-RX can0 02000000#0000
CAN-RX can0 02000000#0000
CAN-RX can0 0C140200#C1
CAN-RX can0 00E#6E4621DF00000000
CAN-RX can0 08300103#0300
CAN-RX can0 02000000#0000
CAN-RX can0 02000000#0000
CAN-RX can0 02000000#0000
CAN-RX can0 03C30F0F#87878787878787
CAN-RX can0 08300103#FDFF
CAN-RX can0 02000000#0000
CAN-RX can0 02000000#0000
CAN-RX can0 00E#6E4621DF00000000
CAN-RX can0 08300103#FBFF
CAN-RX can0 02000000#0000
CAN-RX can0 02000000#0000
CAN-RX can0 02000000#0000
CAN-RX can0 140C0201#0000
CAN-RX can0 08300103#FCFF
CAN-RX can0 02000000#0000
CAN-RX can0 02000000#0000
CAN-RX can0 00E#6E4621DF00000000
CAN-RX can0 08300103#F9FF
CAN-RX can0 02000000#0000
CAN-RX can0 02000000#0000
CAN-RX can0 02000000#0000
CAN-RX can0 03C30F0F#87878787878787
CAN-RX can0 08300103#0600
CAN-RX can0 02000000#0000
CAN-RX can0 02000000#0000
CAN-RX can0 00E#6E4621DF00000000
CAN-RX can0 08300103#0800
CAN-RX can0 02000000#0000
CAN-RX can0 02000000#0000
CAN-RX can0 02000000#0000
CAN-RX can0 08300103#FAFF
CAN-RX can0 02000000#0000
CAN-RX can0 14300200#0000
CAN-RX can0 02000000#0000
CAN-RX can0 00E#6E4621DF00000000
CAN-RX can0 08300103#FFFF
CAN-RX can0 02000000#0000
CAN-RX can0 02000000#0000
CAN-RX can0 02000000#0000
CAN-RX can0 03C30F0F#87878787878787
CAN-RX can0 1C0C0200#1E
CAN-RX can0 08300103#0700
CAN-RX can0 02000000#0000
CAN-RX can0 02000000#0000
CAN-RX can0 00E#6E4621DF00000000
CAN-RX can0 08300103#F7FF
CAN-RX can0 02000000#0000
CAN-RX can0 1C2C0000#1C2800A90A1A
CAN-RX can0 02000000#0000
CAN-RX can0 02000000#0000
CAN-RX can0 08300103#EEFF
CAN-RX can0 02000000#0000
CAN-RX can0 02000000#0000
CAN-RX can0 00E#6E4621DF00000000
CAN-RX can0 08300103#FAFF
CAN-RX can0 02000000#0000
CAN-RX can0 02000000#0000
CAN-RX can0 02000000#0000
CAN-RX can0 03C30F0F#87878787878787
CAN-RX can0 140C0201#0000
CAN-RX can0 08300103#F9FF
CAN-RX can0 02000000#0000
CAN-RX can0 02000000#0000
CAN-RX can0 00E#6E4621DF00000000
CAN-RX can0 08300103#0A00
CAN-RX can0 02000000#0000
CAN-RX can0 02000000#0000
CAN-RX can0 02000000#0000
CAN-RX can0 08300103#0D00
CAN-RX can0 02000000#0000
CAN-RX can0 02000000#0000
CAN-RX can0 00E#6E4621DF00000000
CAN-RX can0 08300103#FBFF
CAN-RX can0 02000000#0000
CAN-RX can0 02000000#0000
CAN-RX can0 02000000#0000
CAN-RX can0 03C30F0F#87878787878787
CAN-RX can0 08300103#FAFF
CAN-RX can0 02000000#0000
CAN-RX can0 14300200#0000
CAN-RX can0 02000000#0000
CAN-RX can0 00E#6E4621DF00000000
CAN-RX can0 08300103#F7FF
CAN-RX can0 02000000#0000
CAN-RX can0 02000000#0000
CAN-RX can0 02000000#0000
CAN-RX can0 1C300204#9AE505009AE50500
CAN-RX can0 08300103#FAFF
CAN-RX can0 02000000#0000
CAN-RX can0 02000000#0000
CAN-RX can0 00E#6E4621DF00000000
CAN-RX can0 08300103#F7FF
CAN-RX can0 02000000#0000
CAN-RX can0 02000000#0000
CAN-RX can0 02000000#0000
CAN-RX can0 03C30F0F#87878787878787
CAN-RX can0 08300103#FCFF
CAN-RX can0 02000000#0000
CAN-RX can0 02000000#0000
CAN-RX can0 00E#6E4621DF00000000
CAN-RX can0 08300103#F9FF
CAN-RX can0 02000000#0000
CAN-RX can0 02000000#0000
CAN-RX can0 02000000#0000
CAN-RX can0 08300103#FEFF
CAN-RX can0 140C0201#0000
CAN-RX can0 02000000#0000
CAN-RX can0 02000000#0000
CAN-RX can0 00E#6E4621DF00000000
CAN-RX can0 08300103#0000
CAN-RX can0 02000000#0000
CAN-RX can0 02000000#0000
CAN-RX can0 02000000#0000
CAN-RX can0 03C30F0F#87878787878787
CAN-RX can0 08300103#0200
CAN-RX can0 02000000#0000
CAN-RX can0 02000000#0100
CAN-RX can0 062#90000040
CAN-RX can0 00E#6E4621DF00000000
CAN-RX can0 02000000#01FF
CAN-RX can0 02000000#02FF
CAN-RX can0 08300103#FDFF
CAN-RX can0 02000000#02FE
CAN-RX can0 02000000#02FD
CAN-RX can0 14300200#0000
CAN-RX can0 02000000#02FD
CAN-RX can0 08300103#F9FF
CAN-RX can0 00E#6E4621DF00000000
CAN-RX can0 02000000#03FC
CAN-RX can0 02000000#03FB
CAN-RX can0 08300103#0700
CAN-RX can0 02000000#04FB
CAN-RX can0 03C30F0F#87878787878787
CAN-RX can0 02000000#03FA
CAN-RX can0 02000000#04F9
CAN-RX can0 08300103#0000
CAN-RX can0 00E#6E4621DF00000000
CAN-RX can0 02000000#04F9
CAN-RX can0 0C140300#C2
CAN-RX can0 02000000#04F9
CAN-RX can0 08300103#1A00
CAN-RX can0 02000000#04F9
CAN-RX can0 02000000#04F9
CAN-RX can0 02000000#04F9
CAN-RX can0 08300103#2200
CAN-RX can0 00E#6E4621DF00000000
CAN-RX can0 02000000#04F9
CAN-RX can0 02000000#04F9
CAN-RX can0 1C240001#
CAN-RX can0 08300103#4D00
CAN-RX can0 02000000#04F9
CAN-RX can0 03C30F0F#87878787878787
CAN-RX can0 140C0201#0000
CAN-RX can0 02000000#04F9
CAN-RX can0 02000000#04F9
CAN-RX can0 08300103#4800
CAN-RX can0 00E#6E4621DF00000000
CAN-RX can0 02000000#04F9
CAN-RX can0 02000000#04F9
CAN-RX can0 08300103#2C00
CAN-RX can0 02000000#04F9
CAN-RX can0 02000000#04F8
CAN-RX can0 02000000#04F8
CAN-RX can0 08300103#2300
CAN-RX can0 0C140200#C0
CAN-RX can0 00E#6E4621DF00000000
CAN-RX can0 02000000#05F7
CAN-RX can0 02000000#05F7
CAN-RX can0 08300103#0E00
CAN-RX can0 02000000#05F7
CAN-RX can0 03C30F0F#87878787878787
CAN-RX can0 02000000#05F7
CAN-RX can0 14300200#0200
CAN-RX can0 02000000#05F7
CAN-RX can0 08300103#0A00
CAN-RX can0 00E#6E4621DF00000000
CAN-RX can0 02000000#05F7
CAN-RX can0 02000000#05F7
CAN-RX can0 08300103#FFFF
CAN-RX can0 02000000#05F7
CAN-RX can0 02000000#05F7
CAN-RX can0 02000000#05F7
CAN-RX can0 08300103#0C00
CAN-RX can0 0C140200#C1
CAN-RX can0 00E#6E4621DF00000000
CAN-RX can0 02000000#05F7
CAN-RX can0 02000000#05F7
CAN-RX can0 08300103#0700
CAN-RX can0 02000000#05F7
CAN-RX can0 03C30F0F#87878787878787
CAN-RX can0 02000000#05F7
CAN-RX can0 02000000#05F7
CAN-RX can0 08300103#0D00
CAN-RX can0 00E#6E4621DF00000000
CAN-RX can0 02000000#05F7
CAN-RX can0 02000000#05F7
CAN-RX can0 08300103#0B00
CAN-RX can0 02000000#05F7
CAN-RX can0 140C0201#0000
CAN-RX can0 02000000#05F7
CAN-RX can0 02000000#05F7
CAN-RX can0 08300103#1100
CAN-RX can0 00E#6E4621DF00000000
CAN-RX can0 02000000#05F7
CAN-RX can0 02000000#05F7
CAN-RX can0 08300103#1A00
CAN-RX can0 02000000#05F7
CAN-RX can0 03C30F0F#87878787878787
CAN-RX can0 02000000#05F7
CAN-RX can0 02000000#05F7
CAN-RX can0 08300103#0100
CAN-RX can0 00E#6E4621DF00000000
CAN-RX can0 02000000#05F7
CAN-RX can0 02000000#05F7
CAN-RX can0 08300103#0A00
CAN-RX can0 02000000#05F7
CAN-RX can0 02000000#05F7
CAN-RX can0 14300200#0800
CAN-RX can0 02000000#05F7
CAN-RX can0 08300103#F8FF
CAN-RX can0 00E#6E4621DF00000000
CAN-RX can0 02000000#05F7
CAN-RX can0 02000000#05F7
CAN-RX can0 08300103#FAFF
CAN-RX can0 02000000#05F7
CAN-RX can0 03C30F0F#87878787878787
CAN-RX can0 1C0C0200#1E
CAN-RX can0 02000000#05F7
CAN-RX can0 02000000#05F7
CAN-RX can0 08300103#FBFF
CAN-RX can0 00E#6E4621DF00000000
CAN-RX can0 02000000#05F7
CAN-RX can0 1C2C0000#1D2800A90A1A
CAN-RX can0 02000000#05F6
CAN-RX can0 08300103#0700
CAN-RX can0 02000000#05F7
CAN-RX can0 02000000#05F6
CAN-RX can0 02000000#05F6
CAN-RX can0 08300103#1F00
CAN-RX can0 00E#6E4621DF00000000
CAN-RX can0 02000000#05F7
CAN-RX can0 02000000#05F7
CAN-RX can0 08300103#1400
CAN-RX can0 02000000#05F6
CAN-RX can0 03C30F0F#87878787878787
CAN-RX can0 140C0201#0100
CAN-RX can0 02000000#05F7
CAN-RX can0 08300103#1400
CAN-RX can0 02000000#05F7
CAN-RX can0 00E#6E4621DF00000000
CAN-RX can0 02000000#05F7
CAN-RX can0 02000000#05F7
CAN-RX can0 08300103#0800
CAN-RX can0 02000000#05F6
CAN-RX can0 02000000#05F7
CAN-RX can0 08300103#0300
CAN-RX can0 02000000#05F6
CAN-RX can0 00E#6E4621DF00000000
CAN-RX can0 02000000#05F7
CAN-RX can0 02000000#05F7
CAN-RX can0 08300103#FFFF
CAN-RX can0 02000000#05F7
CAN-RX can0 03C30F0F#87878787878787
CAN-RX can0 02000000#05F6
CAN-RX can0 14300200#0800
CAN-RX can0 08300103#EDFF
CAN-RX can0 02000000#05F7
CAN-RX can0 00E#6E4621DF00000000
CAN-RX can0 02000000#05F7
CAN-RX can0 02000000#05F6
CAN-RX can0 08300103#F5FF
CAN-RX can0 02000000#05F7
CAN-RX can0 02000000#05F7
CAN-RX can0 1C300204#9AE505009AE50500
CAN-RX can0 08300103#FCFF
CAN-RX can0 02000000#05F7
CAN-RX can0 00E#6E4621DF00000000
CAN-RX can0 02000000#05F7
CAN-RX can0 02000000#05F7
CAN-RX can0 08300103#0600
CAN-RX can0 02000000#05F7
CAN-RX can0 03C30F0F#87878787878787
CAN-RX can0 02000000#05F7
CAN-RX can0 08300103#0900
CAN-RX can0 02000000#05F7
CAN-RX can0 00E#6E4621DF00000000
CAN-RX can0 02000000#05F7
CAN-RX can0 02000000#05F7
CAN-RX can0 08300103#0600
CAN-RX can0 02000000#05F7
CAN-RX can0 140C0201#0100
CAN-RX can0 02000000#05F6
CAN-RX can0 08300103#FFFF
CAN-RX can0 02000000#05F6
CAN-RX can0 00E#6E4621DF00000000
CAN-RX can0 02000000#05F6
CAN-RX can0 02000000#05F6
CAN-RX can0 08300103#0100
CAN-RX can0 02000000#05F6
CAN-RX can0 03C30F0F#87878787878787
CAN-RX can0 02000000#05F6
CAN-RX can0 08300103#0200
CAN-RX can0 02000000#05F6
CAN-RX can0 00E#6E4621DF00000000
CAN-RX can0 02000000#05F5
CAN-RX can0 02000000#05F4
CAN-RX can0 08300103#FAFF
CAN-RX can0 02000000#05F4
CAN-RX can0 02000000#05F4
CAN-RX can0 14300200#0900
CAN-RX can0 08300103#FFFF
CAN-RX can0 02000000#05F4
CAN-RX can0 00E#6E4621DF00000000
CAN-RX can0 02000000#05F3
CAN-RX can0 02000000#05F3
CAN-RX can0 08300103#0600
CAN-RX can0 02000000#05F3
CAN-RX can0 03C30F0F#87878787878787
CAN-RX can0 02000000#05F3
CAN-RX can0 08300103#0E00
CAN-RX can0 02000000#05F3
CAN-RX can0 00E#6E4621DF00000000
CAN-RX can0 02000000#05F2
CAN-RX can0 0C140300#C2
CAN-RX can0 02000000#05F2
CAN-RX can0 08300103#F5FF
CAN-RX can0 02000000#06F2
CAN-RX can0 02000000#06F2
CAN-RX can0 08300103#0600
CAN-RX can0 02000000#06F1
CAN-RX can0 00E#6E4621DF00000000
CAN-RX can0 02000000#07F1
CAN-RX can0 02000000#07F0
CAN-RX can0 08300103#1100
CAN-RX can0 02000000#07F0
CAN-RX can0 03C30F0F#87878787878787
CAN-RX can0 140C0201#0200
CAN-RX can0 02000000#07EF
CAN-RX can0 08300103#1C00
CAN-RX can0 02000000#07EF
CAN-RX can0 00E#6E4621DF00000000
CAN-RX can0 02000000#07EF
CAN-RX can0 02000000#07EF
CAN-RX can0 08300103#2200
CAN-RX can0 02000000#07EE
CAN-RX can0 02000000#07EE
CAN-RX can0 08300103#1F00
CAN-RX can0 02000000#07ED
CAN-RX can0 0C140200#C0
CAN-RX can0 00E#6E4621DF00000000
CAN-RX can0 02000000#08EC
CAN-RX can0 02000000#07EC
CAN-RX can0 08300103#0C00
CAN-RX can0 02000000#08EC
CAN-RX can0 03C30F0F#87878787878787
CAN-RX can0 02000000#08EB
CAN-RX can0 14300200#0A00
CAN-RX can0 08300103#1300
CAN-RX can0 02000000#08EA
CAN-RX can0 00E#6E4621DF00000000
CAN-RX can0 02000000#08EA
CAN-RX can0 02000000#08E9
CAN-RX can0 08300103#0500
CAN-RX can0 02000000#08E9
CAN-RX can0 02000000#09E9
CAN-RX can0 08300103#1B00
CAN-RX can0 02000000#09E8
CAN-RX can0 0C140200#C1
CAN-RX can0 00E#6E4621DF00000000
CAN-RX can0 02000000#09E7
CAN-RX can0 02000000#09E7
CAN-RX can0 08300103#1B00
CAN-RX can0 02000000#09E6
CAN-RX can0 03C30F0F#87878787878787
CAN-RX can0 02000000#09E5
CAN-RX can0 08300103#1200
CAN-RX can0 02000000#0AE5
CAN-RX can0 00E#6E4621DF00000000
CAN-RX can0 02000000#0AE4
CAN-RX can0 02000000#0BE4
CAN-RX can0 08300103#1300
CAN-RX can0 02000000#0BE3
CAN-RX can0 140C0201#0400
CAN-RX can0 02000000#0BE3
CAN-RX can0 08300103#1400
CAN-RX can0 02000000#0CE2
CAN-RX can0 00E#6E4621DF00000000
CAN-RX can0 02000000#0CE1
CAN-RX can0 02000000#0DE0
CAN-RX can0 08300103#2500
CAN-RX can0 02000000#0DE0
CAN-RX can0 03C30F0F#87878787878787
CAN-RX can0 02000000#0DDF
CAN-RX can0 08300103#3800
CAN-RX can0 02000000#0DDE
CAN-RX can0 00E#6E4621DF00000000
CAN-RX can0 02000000#0DDD
CAN-RX can0 02000000#0EDD
CAN-RX can0 08300103#3D00
CAN-RX can0 02000000#0EDC
CAN-RX can0 02000000#0EDC
CAN-RX can0 14300200#1000
CAN-RX can0 08300103#3F00
CAN-RX can0 02000000#0EDC
CAN-RX can0 00E#6E4621DF00000000
CAN-RX can0 02000000#0EDB
CAN-RX can0 02000000#0EDB
CAN-RX can0 08300103#3F00
CAN-RX can0 02000000#0DDA
CAN-RX can0 03C30F0F#87878787878787
CAN-RX can0 1C0C0200#1E
CAN-RX can0 02000000#0DDA
CAN-RX can0 08300103#3A00
CAN-RX can0 02000000#0DD9
CAN-RX can0 00E#6E4621DF00000000
CAN-RX can0 02000000#0DD9
CAN-RX can0 1C2C0000#1E2800A90A1A
CAN-RX can0 02000000#0DD8
CAN-RX can0 08300103#3800
CAN-RX can0 02000000#0DD8
CAN-RX can0 02000000#0DD8
CAN-RX can0 08300103#3800
CAN-RX can0 02000000#0DD8
CAN-RX can0 00E#6E4621DF00000000
CAN-RX can0 02000000#0DD8
CAN-RX can0 02000000#0DD8
CAN-RX can0 08300103#3A00
CAN-RX can0 02000000#0DD8
CAN-RX can0 03C30F0F#87878787878787
CAN-RX can0 140C0201#0B00
CAN-RX can0 02000000#0DD8
CAN-RX can0 08300103#4100
CAN-RX can0 02000000#0DD7
CAN-RX can0 00E#6E4621DF00000000
CAN-RX can0 02000000#0DD7
CAN-RX can0 02000000#0DD7
CAN-RX can0 08300103#3D00
CAN-RX can0 02000000#0DD7
CAN-RX can0 02000000#0DD7
CAN-RX can0 08300103#5700
CAN-RX can0 02000000#0DD7
CAN-RX can0 00E#6E4621DF00000000
CAN-RX can0 02000000#0DD7
CAN-RX can0 02000000#0DD7
CAN-RX can0 08300103#4700
CAN-RX can0 02000000#0DD7
CAN-RX can0 03C30F0F#87878787878787
CAN-RX can0 02000000#0DD7
CAN-RX can0 14300200#1700
CAN-RX can0 08300103#3800
CAN-RX can0 02000000#0CD6
CAN-RX can0 00E#6E4621DF00000000
CAN-RX can0 02000000#0CD6
CAN-RX can0 02000000#0CD6
CAN-RX can0 08300103#4B00
CAN-RX can0 02000000#0CD6
CAN-RX can0 02000000#0CD6
CAN-RX can0 08300103#5300
CAN-RX can0 02000000#0CD6
CAN-RX can0 1C300204#9AE505009AE50500
CAN-RX can0 00E#6E4621DF00000000
CAN-RX can0 02000000#0CD6
CAN-RX can0 02000000#0CD5
CAN-RX can0 08300103#5700
CAN-RX can0 02000000#0CD6
CAN-RX can0 03C30F0F#87878787878787
CAN-RX can0 02000000#0CD6
CAN-RX can0 08300103#5500
CAN-RX can0 02000000#0BD5
CAN-RX can0 00E#6E4621DF00000000
CAN-RX can0 02000000#0BD5
CAN-RX can0 02000000#0BD5
CAN-RX can0 08300103#4E00
CAN-RX can0 02000000#0BD5
CAN-RX can0 140C0201#1100
CAN-RX can0 02000000#0BD5
CAN-RX can0 08300103#4E00
CAN-RX can0 02000000#0CD6
CAN-RX can0 00E#6E4621DF00000000
CAN-RX can0 02000000#0BD5
CAN-RX can0 02000000#0BD5
CAN-RX can0 08300103#4500
CAN-RX can0 02000000#0BD5
CAN-RX can0 03C30F0F#87878787878787
CAN-RX can0 02000000#0BD5
CAN-RX can0 08300103#4600
CAN-RX can0 02000000#0BD5
CAN-RX can0 00E#6E4621DF00000000
CAN-RX can0 02000000#0BD5
CAN-RX can0 02000000#0BD5
CAN-RX can0 08300103#4D00
CAN-RX can0 02000000#0BD5
CAN-RX can0 02000000#0BD5
CAN-RX can0 14300200#1900
CAN-RX can0 08300103#5100
CAN-RX can0 02000000#0BD5
CAN-RX can0 00E#6E4621DF00000000
CAN-RX can0 02000000#0BD5
CAN-RX can0 02000000#0BD5
CAN-RX can0 08300103#3D00
CAN-RX can0 02000000#0BD5
CAN-RX can0 03C30F0F#87878787878787
CAN-RX can0 02000000#0BD5
CAN-RX can0 08300103#4700
CAN-RX can0 02000000#0BD5
CAN-RX can0 00E#6E4621DF00000000
CAN-RX can0 02000000#0BD5
CAN-RX can0 0C140300#C2
CAN-RX can0 02000000#0BD5
CAN-RX can0 08300103#4600
CAN-RX can0 02000000#0BD6
CAN-RX can0 02000000#0BD5
CAN-RX can0 08300103#4B00
CAN-RX can0 02000000#0BD5
CAN-RX can0 00E#6E4621DF00000000
CAN-RX can0 02000000#0BD5
CAN-RX can0 02000000#0BD6
CAN-RX can0 08300103#4800
CAN-RX can0 02000000#0BD5
CAN-RX can0 03C30F0F#87878787878787
CAN-RX can0 140C0201#1500
CAN-RX can0 02000000#0BD6
CAN-RX can0 08300103#4300
CAN-RX can0 02000000#0BD5
CAN-RX can0 00E#6E4621DF00000000
CAN-RX can0 02000000#0BD6
CAN-RX can0 02000000#0BD6
CAN-RX can0 08300103#3D00
CAN-RX can0 02000000#0BD6
CAN-RX can0 02000000#0BD6
CAN-RX can0 08300103#3900
CAN-RX can0 02000000#0BD6
CAN-RX can0 0C140200#C0
CAN-RX can0 00E#6E4621DF00000000
CAN-RX can0 02000000#0BD6
CAN-RX can0 02000000#0BD6
CAN-RX can0 08300103#4A00
CAN-RX can0 02000000#0AD6
CAN-RX can0 03C30F0F#87878787878787
CAN-RX can0 02000000#0AD6
CAN-RX can0 14300200#1900
CAN-RX can0 08300103#3400
CAN-RX can0 02000000#0AD6
CAN-RX can0 00E#6E4621DF00000000
CAN-RX can0 02000000#09D6
CAN-RX can0 02000000#0AD7
CAN-RX can0 08300103#3900
CAN-RX can0 02000000#09D7
CAN-RX can0 02000000#09D7
CAN-RX can0 08300103#3100
CAN-RX can0 02000000#09D7
CAN-RX can0 0C140200#C1
CAN-RX can0 00E#6E4621DF00000000
CAN-RX can0 02000000#09D7
CAN-RX can0 02000000#09D7
CAN-RX can0 08300103#4700
CAN-RX can0 02000000#09D8
CAN-RX can0 03C30F0F#87878787878787
CAN-RX can0 02000000#09D8
CAN-RX can0 08300103#5800
CAN-RX can0 02000000#09D8
CAN-RX can0 00E#6E4621DF00000000
CAN-RX can0 02000000#09D8
CAN-RX can0 02000000#08D8
CAN-RX can0 08300103#4200
CAN-RX can0 02000000#09D8
CAN-RX can0 140C0201#1500
CAN-RX can0 02000000#08D8
CAN-RX can0 08300103#3300
CAN-RX can0 02000000#09D8
CAN-RX can0 00E#6E4621DF00000000
CAN-RX can0 02000000#08D8
CAN-RX can0 02000000#08D8
CAN-RX can0 08300103#3700
CAN-RX can0 02000000#08D8
CAN-RX can0 03C30F0F#87878787878787
CAN-RX can0 02000000#08D8
CAN-RX can0 08300103#3B00
CAN-RX can0 02000000#09D8
CAN-RX can0 00E#6E4621DF00000000
CAN-RX can0 02000000#08D8
CAN-RX can0 02000000#08D8
CAN-RX can0 08300103#3800
CAN-RX can0 02000000#09D8
CAN-RX can0 02000000#08D8
CAN-RX can0 14300200#1900
CAN-RX can0 08300103#2400
CAN-RX can0 02000000#08D8
CAN-RX can0 00E#6E4621DF00000000
CAN-RX can0 02000000#09D8
CAN-RX can0 02000000#08D8
CAN-RX can0 08300103#2F00
CAN-RX can0 02000000#08D8
CAN-RX can0 03C30F0F#87878787878787
CAN-RX can0 1C0C0200#1E
CAN-RX can0 02000000#08D8
CAN-RX can0 08300103#3C00
CAN-RX can0 02000000#08D8
CAN-RX can0 00E#6E4621DF00000000
CAN-RX can0 02000000#08D8
CAN-RX can0 1C2C0000#1F2800A90A1A
CAN-RX can0 02000000#08D8
CAN-RX can0 08300103#2700
CAN-RX can0 02000000#08D8
CAN-RX can0 02000000#08D8
CAN-RX can0 08300103#3C00
CAN-RX can0 02000000#08D8
CAN-RX can0 00E#6E4621DF00000000
CAN-RX can0 02000000#08D8
CAN-RX can0 08300103#2100
CAN-RX can0 02000000#08D8
CAN-RX can0 02000000#08D8
CAN-RX can0 03C30F0F#87878787878787
CAN-RX can0 140C0201#1600
CAN-RX can0 02000000#08D8
CAN-RX can0 08300103#3A00
CAN-RX can0 02000000#08D8
CAN-RX can0 00E#6E4621DF00000000
CAN-RX can0 02000000#08D8
CAN-RX can0 08300103#3E00
CAN-RX can0 02000000#08D8
CAN-RX can0 02000000#08D8
CAN-RX can0 02000000#08D8
CAN-RX can0 08300103#3200
CAN-RX can0 02000000#08D8
CAN-RX can0 00E#6E4621DF00000000
CAN-RX can0 02000000#08D7
CAN-RX can0 08300103#3000
CAN-RX can0 02000000#08D7
CAN-RX can0 02000000#07D7
CAN-RX can0 03C30F0F#87878787878787
CAN-RX can0 02000000#07D7
CAN-RX can0 14300200#1800
CAN-RX can0 08300103#4500
CAN-RX can0 02000000#08D7
CAN-RX can0 00E#6E4621DF00000000
CAN-RX can0 02000000#07D7
CAN-RX can0 08300103#4300
CAN-RX can0 02000000#07D7
CAN-RX can0 02000000#07D7
CAN-RX can0 02000000#07D7
CAN-RX can0 08300103#5400
CAN-RX can0 02000000#08D7
CAN-RX can0 00E#6E4621DF00000000
CAN-RX can0 02000000#07D7
CAN-RX can0 1C300204#9AE505009AE50500
CAN-RX can0 08300103#3700
CAN-RX can0 02000000#07D7
CAN-RX can0 02000000#07D6
CAN-RX can0 03C30F0F#87878787878787
CAN-RX can0 02000000#07D6
CAN-RX can0 08300103#3300
CAN-RX can0 02000000#07D6
CAN-RX can0 00E#6E4621DF00000000
CAN-RX can0 02000000#07D6
CAN-RX can0 08300103#3600
CAN-RX can0 02000000#07D6
CAN-RX can0 02000000#07D6
CAN-RX can0 140C0201#1700
CAN-RX can0 02000000#07D7
CAN-RX can0 08300103#3D00
CAN-RX can0 02000000#07D6
CAN-RX can0 00E#6E4621DF00000000
CAN-RX can0 02000000#07D6
CAN-RX can0 08300103#3600
CAN-RX can0 02000000#07D6
CAN-RX can0 02000000#07D6
CAN-RX can0 03C30F0F#87878787878787
CAN-RX can0 02000000#07D6
CAN-RX can0 08300103#4000
CAN-RX can0 02000000#07D6
CAN-RX can0 00E#6E4621DF00000000
CAN-RX can0 02000000#07D6
CAN-RX can0 08300103#2C00
CAN-RX can0 02000000#07D6
CAN-RX can0 02000000#06D6
CAN-RX can0 02000000#06D6
CAN-RX can0 14300200#1900
CAN-RX can0 08300103#3F00
CAN-RX can0 02000000#06D6
CAN-RX can0 00E#6E4621DF00000000
CAN-RX can0 02000000#05D6
CAN-RX can0 08300103#5200
CAN-RX can0 02000000#05D6
CAN-RX can0 02000000#06D7
CAN-RX can0 03C30F0F#87878787878787
CAN-RX can0 02000000#05D6
CAN-RX can0 08300103#4200
CAN-RX can0 02000000#05D6
CAN-RX can0 00E#6E4621DF00000000
CAN-RX can0 02000000#06D6
CAN-RX can0 0C140300#C2
CAN-RX can0 08300103#3C00
CAN-RX can0 02000000#05D6
CAN-RX can0 02000000#05D6
CAN-RX can0 02000000#05D6
CAN-RX can0 08300103#2400
CAN-RX can0 02000000#05D6
CAN-RX can0 00E#6E4621DF00000000
CAN-RX can0 02000000#05D6
CAN-RX can0 08300103#2D00
CAN-RX can0 02000000#05D6
CAN-RX can0 02000000#05D6
CAN-RX can0 03C30F0F#87878787878787
CAN-RX can0 140C0201#1700
CAN-RX can0 02000000#05D6
CAN-RX can0 08300103#3700
CAN-RX can0 02000000#05D6
CAN-RX can0 00E#6E4621DF00000000
CAN-RX can0 02000000#05D6
CAN-RX can0 08300103#4B00
CAN-RX can0 02000000#05D7
CAN-RX can0 02000000#05D7
CAN-RX can0 02000000#05D7
CAN-RX can0 08300103#4100
CAN-RX can0 02000000#05D7
CAN-RX can0 0C140200#C0
CAN-RX can0 00E#6E4621DF00000000
CAN-RX can0 02000000#05D7
CAN-RX can0 08300103#4900
CAN-RX can0 02000000#05D7
CAN-RX can0 02000000#05D7
CAN-RX can0 03C30F0F#87878787878787
CAN-RX can0 02000000#05D7
CAN-RX can0 14300200#1900
CAN-RX can0 08300103#4A00
CAN-RX can0 02000000#04D7
CAN-RX can0 00E#6E4621DF00000000
CAN-RX can0 02000000#04D8
CAN-RX can0 08300103#5400
CAN-RX can0 02000000#04D8
CAN-RX can0 02000000#04D8
CAN-RX can0 02000000#04D8
CAN-RX can0 08300103#4000
CAN-RX can0 02000000#04D8
CAN-RX can0 0C140200#C1
CAN-RX can0 00E#6E4621DF00000000
CAN-RX can0 02000000#04D8
CAN-RX can0 08300103#5A00
CAN-RX can0 02000000#04D8
CAN-RX can0 02000000#04D9
CAN-RX can0 03C30F0F#87878787878787
CAN-RX can0 02000000#04D9
CAN-RX can0 08300103#3E00
CAN-RX can0 02000000#04D9
CAN-RX can0 00E#6E4621DF00000000
CAN-RX can0 02000000#04D9
CAN-RX can0 08300103#3200
CAN-RX can0 02000000#04D9
CAN-RX can0 02000000#04D9
CAN-RX can0 140C0201#1500
CAN-RX can0 02000000#04DA
CAN-RX can0 08300103#3700
CAN-RX can0 02000000#04DA
CAN-RX can0 00E#6E4621DF00000000
CAN-RX can0 02000000#03DB
CAN-RX can0 08300103#3800
CAN-RX can0 02000000#03DB
CAN-RX can0 02000000#03DC
CAN-RX can0 03C30F0F#87878787878787
CAN-RX can0 02000000#03DC
CAN-RX can0 08300103#2F00
CAN-RX can0 02000000#03DD
CAN-RX can0 00E#6E4621DF00000000
CAN-RX can0 02000000#02DD
CAN-RX can0 08300103#1D00
CAN-RX can0 02000000#02DD
CAN-RX can0 02000000#02DE
CAN-RX can0 02000000#02DF
CAN-RX can0 14300200#1800
CAN-RX can0 08300103#3B00
CAN-RX can0 02000000#02DF
CAN-RX can0 00E#6E4621DF00000000
CAN-RX can0 02000000#02DF
CAN-RX can0 08300103#3000
CAN-RX can0 02000000#01DF
CAN-RX can0 02000000#02E0
CAN-RX can0 03C30F0F#87878787878787
CAN-RX can0 1C0C0200#1E
CAN-RX can0 02000000#01E0
CAN-RX can0 08300103#3000
CAN-RX can0 02000000#02E1
CAN-RX can0 00E#6E4621DF00000000
CAN-RX can0 02000000#01E1
CAN-RX can0 1C2C0000#202800A90A1A
CAN-RX can0 08300103#2B00
CAN-RX can0 02000000#01E1
CAN-RX can0 02000000#01E1
CAN-RX can0 02000000#01E2
CAN-RX can0 08300103#3200
CAN-RX can0 02000000#00E2
CAN-RX can0 00E#6E4621DF00000000
CAN-RX can0 02000000#00E2
CAN-RX can0 08300103#2900
CAN-RX can0 02000000#01E2
CAN-RX can0 02000000#00E2
CAN-RX can0 03C30F0F#87878787878787
CAN-RX can0 140C0201#1100
CAN-RX can0 02000000#00E2
CAN-RX can0 08300103#1C00
CAN-RX can0 02000000#00E2
CAN-RX can0 00E#6E4621DF00000000
CAN-RX can0 02000000#00E2
CAN-RX can0 08300103#0700
CAN-RX can0 02000000#00E2
CAN-RX can0 02000000#00E2
CAN-RX can0 02000000#00E2
CAN-RX can0 08300103#2100
CAN-RX can0 02000000#00E2
CAN-RX can0 00E#6E4621DF00000000
CAN-RX can0 02000000#00E3
CAN-RX can0 08300103#2000
CAN-RX can0 02000000#00E3
CAN-RX can0 02000000#00E2
CAN-RX can0 03C30F0F#87878787878787
CAN-RX can0 02000000#00E3
CAN-RX can0 14300200#1500
CAN-RX can0 08300103#2500
CAN-RX can0 02000000#00E3
CAN-RX can0 00E#6E4621DF00000000
CAN-RX can0 02000000#00E3
CAN-RX can0 08300103#1100
CAN-RX can0 02000000#00E3
CAN-RX can0 02000000#00E3
CAN-RX can0 02000000#00E3
CAN-RX can0 08300103#0500
CAN-RX can0 02000000#FFE3
CAN-RX can0 00E#6E4621DF00000000
CAN-RX can0 02000000#FFE3
CAN-RX can0 08300103#F8FF
CAN-RX can0 02000000#00E3
CAN-RX can0 1C300204#9AE505009AE50500
CAN-RX can0 02000000#FFE3
CAN-RX can0 03C30F0F#87878787878787
CAN-RX can0 02000000#FFE3
CAN-RX can0 08300103#F1FF
CAN-RX can0 02000000#FFE3
CAN-RX can0 00E#6E4621DF00000000
CAN-RX can0 02000000#FFE2
CAN-RX can0 08300103#F8FF
CAN-RX can0 02000000#FFE2
CAN-RX can0 02000000#FFE2
CAN-RX can0 140C0201#0D00
CAN-RX can0 02000000#FFE2
CAN-RX can0 08300103#0F00
CAN-RX can0 02000000#FFE2
CAN-RX can0 00E#6E4621DF00000000
CAN-RX can0 02000000#FFE2
CAN-RX can0 08300103#0400
CAN-RX can0 02000000#FFE2
CAN-RX can0 02000000#FFE2
CAN-RX can0 03C30F0F#87878787878787
CAN-RX can0 02000000#FFE3
CAN-RX can0 08300103#0400
CAN-RX can0 02000000#00E3
CAN-RX can0 00E#6E4621DF00000000
CAN-RX can0 02000000#FFE2
CAN-RX can0 08300103#1100
CAN-RX can0 02000000#FFE2
CAN-RX can0 02000000#FFE3
CAN-RX can0 02000000#FFE2
CAN-RX can0 08300103#0E00
CAN-RX can0 14300200#1400
CAN-RX can0 02000000#FFE2
CAN-RX can0 00E#6E4621DF00000000
CAN-RX can0 02000000#FFE2
CAN-RX can0 08300103#0000
CAN-RX can0 02000000#FFE2
CAN-RX can0 02000000#FFE2
CAN-RX can0 03C30F0F#87878787878787
CAN-RX can0 02000000#FFE1
CAN-RX can0 08300103#0500
CAN-RX can0 02000000#FFE1
CAN-RX can0 00E#6E4621DF00000000
CAN-RX can0 02000000#FFE1
CAN-RX can0 0C140300#C2
CAN-RX can0 08300103#FCFF
CAN-RX can0 02000000#FFE0
CAN-RX can0 02000000#FFE0
CAN-RX can0 02000000#FFE0
CAN-RX can0 08300103#0000
CAN-RX can0 02000000#FFDF
CAN-RX can0 00E#6E4621DF00000000
CAN-RX can0 02000000#00DF
CAN-RX can0 08300103#0C00
CAN-RX can0 02000000#00DF
CAN-RX can0 02000000#FFDF
CAN-RX can0 03C30F0F#87878787878787
CAN-RX can0 140C0201#0D00
CAN-RX can0 02000000#00DF
CAN-RX can0 08300103#0400
CAN-RX can0 02000000#FFDF
CAN-RX can0 00E#6E4621DF00000000
CAN-RX can0 02000000#FFDE
CAN-RX can0 08300103#F6FF
CAN-RX can0 02000000#FFDE
CAN-RX can0 02000000#FFDD
CAN-RX can0 02000000#FFDD
CAN-RX can0 08300103#E6FF
CAN-RX can0 02000000#FFDD
CAN-RX can0 0C140200#C0
CAN-RX can0 00E#6E4621DF00000000
CAN-RX can0 02000000#FFDD
CAN-RX can0 08300103#F8FF
CAN-RX can0 02000000#FFDC
CAN-RX can0 02000000#FFDC
CAN-RX can0 03C30F0F#87878787878787
CAN-RX can0 02000000#00DC
CAN-RX can0 08300103#0400
CAN-RX can0 14300200#1500
CAN-RX can0 02000000#FFDC
CAN-RX can0 00E#6E4621DF00000000
CAN-RX can0 02000000#FFDC
CAN-RX can0 08300103#F4FF
CAN-RX can0 02000000#FFDB
CAN-RX can0 02000000#FFDB
CAN-RX can0 02000000#FFDB
CAN-RX can0 08300103#F3FF
CAN-RX can0 02000000#FFDB
CAN-RX can0 0C140200#C1
CAN-RX can0 00E#6E4621DF00000000
CAN-RX can0 02000000#FFDB
CAN-RX can0 08300103#0200
CAN-RX can0 02000000#FFDB
CAN-RX can0 02000000#FFDA
CAN-RX can0 03C30F0F#87878787878787
CAN-RX can0 02000000#FFDA
CAN-RX can0 08300103#1300
CAN-RX can0 02000000#FFD9
CAN-RX can0 00E#6E4621DF00000000
CAN-RX can0 02000000#FFDA
CAN-RX can0 08300103#1100
CAN-RX can0 02000000#FFD9
CAN-RX can0 02000000#FFD9
CAN-RX can0 140C0201#0D00
CAN-RX can0 02000000#FFD9
CAN-RX can0 08300103#FEFF
CAN-RX can0 02000000#FED9
CAN-RX can0 00E#6E4621DF00000000
CAN-RX can0 02000000#FED9
CAN-RX can0 08300103#EEFF
CAN-RX can0 02000000#FED8
CAN-RX can0 02000000#FED8
CAN-RX can0 03C30F0F#87878787878787
CAN-RX can0 02000000#FED8
CAN-RX can0 08300103#F7FF
CAN-RX can0 02000000#FED8
CAN-RX can0 00E#6E4621DF00000000
CAN-RX can0 02000000#FED8
CAN-RX can0 08300103#0000
CAN-RX can0 02000000#FED8
CAN-RX can0 02000000#FED8
CAN-RX can0 02000000#FED8
CAN-RX can0 08300103#0E00
CAN-RX can0 14300200#1900
CAN-RX can0 02000000#FED8
CAN-RX can0 00E#6E4621DF00000000
CAN-RX can0 02000000#FED8
CAN-RX can0 08300103#FCFF
CAN-RX can0 02000000#FED8
CAN-RX can0 02000000#FDD7
CAN-RX can0 03C30F0F#87878787878787
CAN-RX can0 1C0C0200#1E
CAN-RX can0 02000000#FED8
CAN-RX can0 08300103#FFFF
CAN-RX can0 02000000#FDD7
CAN-RX can0 00E#6E4621DF00000000
CAN-RX can0 02000000#FDD7
CAN-RX can0 08300103#FAFF
CAN-RX can0 1C2C0000#212800A90A1A
CAN-RX can0 02000000#FDD7
CAN-RX can0 02000000#FDD7
CAN-RX can0 02000000#FDD6
CAN-RX can0 08300103#F3FF
CAN-RX can0 02000000#FDD7
CAN-RX can0 00E#6E4621DF00000000
CAN-RX can0 02000000#FDD7
CAN-RX can0 08300103#F9FF
CAN-RX can0 02000000#FDD7
CAN-RX can0 02000000#FDD7
CAN-RX can0 03C30F0F#87878787878787
CAN-RX can0 140C0201#0C00
CAN-RX can0 08300103#F4FF
CAN-RX can0 02000000#FDD6
CAN-RX can0 02000000#FDD7
CAN-RX can0 00E#6E4621DF00000000
CAN-RX can0 02000000#FDD7
CAN-RX can0 08300103#E5FF
CAN-RX can0 02000000#FCD6
CAN-RX can0 02000000#FCD6
CAN-RX can0 08300103#E9FF
CAN-RX can0 02000000#FDD7
CAN-RX can0 02000000#FDD7
CAN-RX can0 00E#6E4621DF00000000
CAN-RX can0 02000000#FCD7
CAN-RX can0 08300103#FDFF
CAN-RX can0 02000000#FCD6
CAN-RX can0 02000000#FCD6
CAN-RX can0 03C30F0F#87878787878787
CAN-RX can0 08300103#F8FF
CAN-RX can0 02000000#FCD6
CAN-RX can0 14300200#1B00
CAN-RX can0 02000000#FCD6
CAN-RX can0 00E#6E4621DF00000000
CAN-RX can0 02000000#FCD6
CAN-RX can0 08300103#F6FF
CAN-RX can0 02000000#FCD6
CAN-RX can0 02000000#FCD7
CAN-RX can0 08300103#FCFF
CAN-RX can0 02000000#FCD7
CAN-RX can0 02000000#FCD6
CAN-RX can0 00E#6E4621DF00000000
CAN-RX can0 02000000#FCD6
CAN-RX can0 08300103#0700
CAN-RX can0 02000000#FCD6
CAN-RX can0 02000000#FCD6
CAN-RX can0 03C30F0F#87878787878787
CAN-RX can0 1C300204#9AE505009AE50500
CAN-RX can0 08300103#0300
CAN-RX can0 02000000#FCD6
CAN-RX can0 02000000#FCD6
CAN-RX can0 00E#6E4621DF00000000
CAN-RX can0 02000000#FCD6
CAN-RX can0 08300103#FEFF
CAN-RX can0 02000000#FCD6
CAN-RX can0 02000000#FCD6
CAN-RX can0 140C0201#0B00
CAN-RX can0 08300103#F1FF
CAN-RX can0 02000000#FCD6
CAN-RX can0 02000000#FCD6
CAN-RX can0 00E#6E4621DF00000000
CAN-RX can0 02000000#FCD6
CAN-RX can0 08300103#F6FF
CAN-RX can0 02000000#FCD6
CAN-RX can0 02000000#FCD6
CAN-RX can0 03C30F0F#87878787878787
CAN-RX can0 08300103#0000
CAN-RX can0 02000000#FCD6
CAN-RX can0 02000000#FCD6
CAN-RX can0 00E#6E4621DF00000000
CAN-RX can0 02000000#FCD5
CAN-RX can0 08300103#F3FF
CAN-RX can0 02000000#FCD6
CAN-RX can0 02000000#FCD5
CAN-RX can0 08300103#0900
CAN-RX can0 02000000#FCD5
CAN-RX can0 14300200#1B00
CAN-RX can0 02000000#FCD5
CAN-RX can0 00E#6E4621DF00000000
CAN-RX can0 02000000#FCD5
CAN-RX can0 08300103#FAFF
CAN-RX can0 02000000#FCD5
CAN-RX can0 02000000#FCD5
CAN-RX can0 03C30F0F#87878787878787
CAN-RX can0 08300103#F6FF
CAN-RX can0 02000000#FCD4
CAN-RX can0 02000000#FCD4
CAN-RX can0 00E#6E4621DF00000000
CAN-RX can0 02000000#FCD4
CAN-RX can0 08300103#F8FF
CAN-RX can0 0C140300#C2
CAN-RX can0 02000000#FCD4
CAN-RX can0 02000000#FCD4
CAN-RX can0 08300103#FCFF
CAN-RX can0 02000000#FCD4
CAN-RX can0 02000000#FCD3
CAN-RX can0 00E#6E4621DF00000000
CAN-RX can0 02000000#FCD3
CAN-RX can0 08300103#0000
CAN-RX can0 02000000#FCD3
CAN-RX can0 02000000#FCD3
CAN-RX can0 03C30F0F#87878787878787
CAN-RX can0 140C0201#0B00
CAN-RX can0 08300103#FCFF
CAN-RX can0 02000000#FCD2
CAN-RX can0 02000000#FCD2
CAN-RX can0 00E#6E4621DF00000000
CAN-RX can0 02000000#FCD2
CAN-RX can0 08300103#FDFF
CAN-RX can0 02000000#FCD2
CAN-RX can0 02000000#FCD2
CAN-RX can0 08300103#FDFF
CAN-RX can0 02000000#FCD1
CAN-RX can0 02000000#FCD1
CAN-RX can0 0C140200#C0
CAN-RX can0 00E#6E4621DF00000000
CAN-RX can0 02000000#FCD1
CAN-RX can0 08300103#0400
CAN-RX can0 02000000#FCD1
CAN-RX can0 02000000#FCD1
CAN-RX can0 03C30F0F#87878787878787
CAN-RX can0 08300103#FCFF
CAN-RX can0 02000000#FCD1
CAN-RX can0 14300200#1B00
CAN-RX can0 02000000#FCD1
CAN-RX can0 00E#6E4621DF00000000
CAN-RX can0 02000000#FCD1
CAN-RX can0 08300103#FDFF
CAN-RX can0 02000000#FCD0
CAN-RX can0 02000000#FCD0
CAN-RX can0 08300103#FCFF
CAN-RX can0 02000000#FCD0
CAN-RX can0 02000000#FCCF
CAN-RX can0 0C140200#C1
CAN-RX can0 00E#6E4621DF00000000
CAN-RX can0 02000000#FCCF
CAN-RX can0 08300103#F2FF
CAN-RX can0 02000000#FCCF
CAN-RX can0 02000000#FCCE
CAN-RX can0 03C30F0F#87878787878787
CAN-RX can0 08300103#FEFF
CAN-RX can0 02000000#FCCE
CAN-RX can0 02000000#FCCE
CAN-RX can0 00E#6E4621DF00000000
CAN-RX can0 02000000#FCCE
CAN-RX can0 08300103#0100
CAN-RX can0 02000000#FDCE
CAN-RX can0 02000000#FCCD
CAN-RX can0 140C0201#0C00
CAN-RX can0 08300103#0900
CAN-RX can0 02000000#FCCD
CAN-RX can0 02000000#FCCD
CAN-RX can0 00E#6E4621DF00000000
CAN-RX can0 02000000#FCCC
CAN-RX can0 08300103#1400
CAN-RX can0 02000000#FCCC
CAN-RX can0 02000000#FCCC
CAN-RX can0 03C30F0F#87878787878787
CAN-RX can0 08300103#1100
CAN-RX can0 02000000#FCCC
CAN-RX can0 02000000#FCCC
CAN-RX can0 00E#6E4621DF00000000
CAN-RX can0 02000000#FCCB
CAN-RX can0 08300103#1500
CAN-RX can0 02000000#FCCB
CAN-RX can0 02000000#FCCB
CAN-RX can0 08300103#1100
CAN-RX can0 02000000#FCCB
CAN-RX can0 14300200#1A00
CAN-RX can0 02000000#FCCB
CAN-RX can0 00E#6E4621DF00000000
CAN-RX can0 02000000#FDCB
CAN-RX can0 08300103#1800
CAN-RX can0 02000000#FCCB
CAN-RX can0 02000000#FCCB
CAN-RX can0 03C30F0F#87878787878787
CAN-RX can0 1C0C0200#1E
CAN-RX can0 08300103#2000
CAN-RX can0 02000000#FCCB
CAN-RX can0 02000000#FCCB
CAN-RX can0 00E#6E4621DF00000000
CAN-RX can0 02000000#FCCB
CAN-RX can0 08300103#2200
CAN-RX can0 1C2C0000#222800A90A1A
CAN-RX can0 02000000#FCCB
CAN-RX can0 02000000#FDCB
CAN-RX can0 08300103#1100
CAN-RX can0 02000000#FCCB
CAN-RX can0 02000000#FCCB
CAN-RX can0 00E#6E4621DF00000000
CAN-RX can0 02000000#FCCB
CAN-RX can0 08300103#2500
CAN-RX can0 02000000#FCCA
CAN-RX can0 02000000#FCCA
CAN-RX can0 03C30F0F#87878787878787
CAN-RX can0 140C0201#1200
CAN-RX can0 08300103#1200
CAN-RX can0 02000000#FDCB
CAN-RX can0 02000000#FCCA
CAN-RX can0 00E#6E4621DF00000000
CAN-RX can0 02000000#FDCB
CAN-RX can0 08300103#2B00
CAN-RX can0 02000000#FCCA
CAN-RX can0 02000000#FCCA
CAN-RX can0 08300103#2900
CAN-RX can0 02000000#FCCA
CAN-RX can0 02000000#FCCA
CAN-RX can0 00E#6E4621DF00000000
CAN-RX can0 02000000#FCCB
CAN-RX can0 08300103#3700
CAN-RX can0 02000000#FCCA
CAN-RX can0 02000000#FCCB
CAN-RX can0 03C30F0F#87878787878787
CAN-RX can0 08300103#2F00
CAN-RX can0 02000000#FCCA
CAN-RX can0 14300200#1F00
CAN-RX can0 02000000#FDCB
CAN-RX can0 00E#6E4621DF00000000
CAN-RX can0 02000000#FCCA
CAN-RX can0 08300103#3F00
CAN-RX can0 02000000#FCCA
CAN-RX can0 02000000#FCCA
CAN-RX can0 08300103#3000
CAN-RX can0 02000000#FCCA
CAN-RX can0 02000000#FCCA
CAN-RX can0 00E#6E4621DF00000000
CAN-RX can0 02000000#FCCA
CAN-RX can0 08300103#3600
CAN-RX can0 02000000#FCCA
CAN-RX can0 02000000#FCCA
CAN-RX can0 03C30F0F#87878787878787
CAN-RX can0 08300103#3600
CAN-RX can0 02000000#FCCA
CAN-RX can0 1C300204#9AE505009AE50500
CAN-RX can0 02000000#FCCA
CAN-RX can0 00E#6E4621DF00000000
CAN-RX can0 02000000#FCCA
CAN-RX can0 08300103#3800
CAN-RX can0 02000000#FCCA
CAN-RX can0 02000000#FCCA
CAN-RX can0 140C0201#1300
CAN-RX can0 08300103#3400
CAN-RX can0 02000000#FCCA
CAN-RX can0 02000000#FCCA
CAN-RX can0 00E#6E4621DF00000000
CAN-RX can0 02000000#FCCA
CAN-RX can0 08300103#3200
CAN-RX can0 02000000#FCCA
CAN-RX can0 02000000#FCCB
CAN-RX can0 03C30F0F#87878787878787
CAN-RX can0 08300103#3800
CAN-RX can0 02000000#FCCB
CAN-RX can0 02000000#FCCB
CAN-RX can0 00E#6E4621DF00000000
CAN-RX can0 02000000#FCCB
CAN-RX can0 08300103#5700
CAN-RX can0 02000000#FCCB
CAN-RX can0 02000000#FCCB
CAN-RX can0 08300103#3E00
CAN-RX can0 02000000#FCCB
CAN-RX can0 14300200#2000
CAN-RX can0 02000000#FCCB
CAN-RX can0 00E#6E4621DF00000000
CAN-RX can0 02000000#FCCB
CAN-RX can0 08300103#3900
CAN-RX can0 02000000#FCCB
CAN-RX can0 02000000#FCCB
CAN-RX can0 03C30F0F#87878787878787
CAN-RX can0 08300103#4400
CAN-RX can0 02000000#FCCB
CAN-RX can0 02000000#FCCB
CAN-RX can0 00E#6E4621DF00000000
CAN-RX can0 02000000#FCCC
CAN-RX can0 08300103#5C00
CAN-RX can0 0C140300#C2
CAN-RX can0 02000000#FCCC
CAN-RX can0 02000000#FCCC
CAN-RX can0 08300103#3A00
CAN-RX can0 02000000#FCCC
CAN-RX can0 02000000#FCCC
CAN-RX can0 00E#6E4621DF00000000
CAN-RX can0 02000000#FCCC
CAN-RX can0 08300103#4200
CAN-RX can0 02000000#FCCC
CAN-RX can0 02000000#FCCC
CAN-RX can0 03C30F0F#87878787878787
CAN-RX can0 140C0201#1200
CAN-RX can0 08300103#4000
CAN-RX can0 02000000#FCCD
CAN-RX can0 02000000#FCCD
CAN-RX can0 00E#6E4621DF00000000
CAN-RX can0 02000000#FBCD
CAN-RX can0 08300103#4300
CAN-RX can0 02000000#FBCE
CAN-RX can0 02000000#FBCE
CAN-RX can0 08300103#4500
CAN-RX can0 02000000#FBCE
CAN-RX can0 02000000#FBCE
CAN-RX can0 0C140200#C0
CAN-RX can0 00E#6E4621DF00000000
CAN-RX can0 02000000#FBCE
CAN-RX can0 08300103#3E00
CAN-RX can0 02000000#FBCE
CAN-RX can0 02000000#FBCE
CAN-RX can0 03C30F0F#87878787878787
CAN-RX can0 08300103#3D00
CAN-RX can0 02000000#FBCE
CAN-RX can0 14300200#1F00
CAN-RX can0 02000000#FBCE
CAN-RX can0 00E#6E4621DF00000000
CAN-RX can0 02000000#FBCF
CAN-RX can0 08300103#4200
CAN-RX can0 02000000#FBCF
CAN-RX can0 02000000#FBCF
CAN-RX can0 08300103#4700
CAN-RX can0 02000000#FBCF
CAN-RX can0 02000000#FBD0
CAN-RX can0 0C140200#C1
CAN-RX can0 00E#6E4621DF00000000
CAN-RX can0 02000000#FBD0
CAN-RX can0 08300103#5600
CAN-RX can0 02000000#FBD0
CAN-RX can0 02000000#FBD0
CAN-RX can0 03C30F0F#87878787878787
CAN-RX can0 08300103#3B00
CAN-RX can0 02000000#FBD0
CAN-RX can0 02000000#FBD1
CAN-RX can0 00E#6E4621DF00000000
CAN-RX can0 02000000#FBD0
CAN-RX can0 08300103#2600
CAN-RX can0 02000000#FBD1
CAN-RX can0 02000000#FAD1
CAN-RX can0 140C0201#1000
CAN-RX can0 08300103#1F00
CAN-RX can0 02000000#FAD1
CAN-RX can0 02000000#FAD1
CAN-RX can0 00E#6E4621DF00000000
CAN-RX can0 02000000#FBD2
CAN-RX can0 08300103#2700
CAN-RX can0 02000000#FAD1
CAN-RX can0 02000000#FAD2
CAN-RX can0 03C30F0F#87878787878787
CAN-RX can0 08300103#3F00
CAN-RX can0 02000000#FAD1
CAN-RX can0 02000000#FAD2
CAN-RX can0 00E#6E4621DF00000000
CAN-RX can0 02000000#FAD2
CAN-RX can0 08300103#3100
CAN-RX can0 02000000#FAD2
CAN-RX can0 02000000#FAD2
CAN-RX can0 08300103#2600
CAN-RX can0 02000000#FAD2
CAN-RX can0 14300200#1E00
CAN-RX can0 02000000#FAD2
CAN-RX can0 00E#6E4621DF00000000
CAN-RX can0 02000000#FAD2
CAN-RX can0 08300103#2F00
CAN-RX can0 02000000#FAD3
CAN-RX can0 02000000#FAD3
CAN-RX can0 03C30F0F#87878787878787
CAN-RX can0 1C0C0200#1E
CAN-RX can0 08300103#3600
CAN-RX can0 02000000#FAD3
CAN-RX can0 02000000#FAD3
CAN-RX can0 00E#6E4621DF00000000
CAN-RX can0 02000000#FAD3
CAN-RX can0 08300103#3700
CAN-RX can0 1C2C0000#232800A90A1A
CAN-RX can0 02000000#FAD3
CAN-RX can0 02000000#FAD3
CAN-RX can0 08300103#2900
CAN-RX can0 02000000#FAD3
CAN-RX can0 02000000#FAD3
CAN-RX can0 00E#6E4621DF00000000
CAN-RX can0 02000000#FAD3
CAN-RX can0 08300103#2100
CAN-RX can0 02000000#FAD3
CAN-RX can0 02000000#FAD3
CAN-RX can0 03C30F0F#87878787878787
CAN-RX can0 140C0201#0E00
CAN-RX can0 08300103#2A00
CAN-RX can0 02000000#FAD3
CAN-RX can0 02000000#FAD3
CAN-RX can0 00E#6E4621DF00000000
CAN-RX can0 08300103#2A00
CAN-RX can0 02000000#FAD4
CAN-RX can0 02000000#FAD4
CAN-RX can0 02000000#FAD4
CAN-RX can0 08300103#2D00
CAN-RX can0 02000000#FAD4
CAN-RX can0 02000000#FAD4
CAN-RX can0 00E#6E4621DF00000000
CAN-RX can0 08300103#3300
CAN-RX can0 02000000#FAD4
CAN-RX can0 02000000#FAD4
CAN-RX can0 02000000#F9D4
CAN-RX can0 03C30F0F#87878787878787
CAN-RX can0 08300103#1D00
CAN-RX can0 02000000#F9D4
CAN-RX can0 14300200#1C00
CAN-RX can0 02000000#F9D4
CAN-RX can0 00E#6E4621DF00000000
CAN-RX can0 08300103#1600
CAN-RX can0 02000000#F9D4
CAN-RX can0 02000000#F9D4
CAN-RX can0 02000000#F9D4
CAN-RX can0 08300103#2500
CAN-RX can0 02000000#F9D4
CAN-RX can0 02000000#F9D4
CAN-RX can0 00E#6E4621DF00000000
CAN-RX can0 08300103#3200
CAN-RX can0 02000000#F9D5
CAN-RX can0 02000000#F9D4
CAN-RX can0 02000000#F9D4
CAN-RX can0 03C30F0F#87878787878787
CAN-RX can0 08300103#2900
CAN-RX can0 02000000#F9D4
CAN-RX can0 02000000#F9D4
CAN-RX can0 1C300204#9AE505009AE50500
CAN-RX can0 00E#6E4621DF00000000
CAN-RX can0 08300103#1B00
CAN-RX can0 02000000#F9D4
CAN-RX can0 02000000#F9D4
CAN-RX can0 02000000#F9D4
CAN-RX can0 140C0201#0E00
CAN-RX can0 08300103#1700
CAN-RX can0 02000000#F8D4
CAN-RX can0 02000000#F8D4
CAN-RX can0 00E#6E4621DF00000000
CAN-RX can0 08300103#1B00
CAN-RX can0 02000000#F8D4
CAN-RX can0 02000000#F9D4
CAN-RX can0 02000000#F9D4
CAN-RX can0 03C30F0F#87878787878787
CAN-RX can0 08300103#2F00
CAN-RX can0 02000000#F8D4
CAN-RX can0 02000000#F8D4
CAN-RX can0 00E#6E4621DF00000000
CAN-RX can0 08300103#1800
CAN-RX can0 02000000#F8D4
CAN-RX can0 02000000#F8D5
CAN-RX can0 02000000#F8D4
CAN-RX can0 08300103#1C00
CAN-RX can0 02000000#F9D5
CAN-RX can0 14300200#1B00
CAN-RX can0 02000000#F8D4
CAN-RX can0 00E#6E4621DF00000000
CAN-RX can0 08300103#0C00
CAN-RX can0 02000000#F8D4
CAN-RX can0 02000000#F8D5
CAN-RX can0 02000000#F8D5
CAN-RX can0 03C30F0F#87878787878787
CAN-RX can0 08300103#1700
CAN-RX can0 02000000#F8D5
CAN-RX can0 02000000#F8D5
CAN-RX can0 00E#6E4621DF00000000
CAN-RX can0 08300103#1900
CAN-RX can0 02000000#F8D5
CAN-RX can0 0C140300#C2
CAN-RX can0 02000000#F8D5
CAN-RX can0 02000000#F8D5
CAN-RX can0 08300103#1800
CAN-RX can0 02000000#F8D5
CAN-RX can0 02000000#F8D5
CAN-RX can0 00E#6E4621DF00000000
CAN-RX can0 08300103#0900
CAN-RX can0 02000000#F8D5
CAN-RX can0 02000000#F7D6
CAN-RX can0 02000000#F7D6
CAN-RX can0 03C30F0F#87878787878787
CAN-RX can0 140C0201#0E00
CAN-RX can0 08300103#FBFF
CAN-RX can0 02000000#F7D8
CAN-RX can0 02000000#F7D8
CAN-RX can0 00E#6E4621DF00000000
CAN-RX can0 08300103#0B00
CAN-RX can0 02000000#F8D9
CAN-RX can0 02000000#F7D9
CAN-RX can0 02000000#F7D9
CAN-RX can0 08300103#0E00
CAN-RX can0 02000000#F8DA
CAN-RX can0 02000000#F8DA
CAN-RX can0 0C140200#C0
CAN-RX can0 00E#6E4621DF00000000
CAN-RX can0 08300103#1400
CAN-RX can0 02000000#F8DA
CAN-RX can0 02000000#F7DB
CAN-RX can0 02000000#F7DB
CAN-RX can0 03C30F0F#87878787878787
CAN-RX can0 08300103#1300
CAN-RX can0 02000000#F7DB
CAN-RX can0 14300200#1A00
CAN-RX can0 02000000#F7DB
CAN-RX can0 00E#6E4621DF00000000
CAN-RX can0 08300103#2700
CAN-RX can0 02000000#F7DB
CAN-RX can0 02000000#F7DB
CAN-RX can0 02000000#F7DB
CAN-RX can0 08300103#2700
CAN-RX can0 02000000#F6DB
CAN-RX can0 02000000#F6DC
CAN-RX can0 0C140200#C1
CAN-RX can0 00E#6E4621DF00000000
CAN-RX can0 08300103#1000
CAN-RX can0 02000000#F6DC
CAN-RX can0 02000000#F6DD
CAN-RX can0 02000000#F5DD
CAN-RX can0 03C30F0F#87878787878787
CAN-RX can0 08300103#0300
CAN-RX can0 02000000#F5DE
CAN-RX can0 02000000#F5DF
CAN-RX can0 00E#6E4621DF00000000
CAN-RX can0 08300103#0600
CAN-RX can0 02000000#F5DF
CAN-RX can0 02000000#F5E0
CAN-RX can0 02000000#F5E1
CAN-RX can0 140C0201#0D00
CAN-RX can0 08300103#F2FF
CAN-RX can0 02000000#F5E1
CAN-RX can0 02000000#F5E2
CAN-RX can0 00E#6E4621DF00000000
CAN-RX can0 08300103#F8FF
CAN-RX can0 02000000#F5E3
CAN-RX can0 02000000#F5E4
CAN-RX can0 02000000#F5E4
CAN-RX can0 03C30F0F#87878787878787
CAN-RX can0 08300103#F1FF
CAN-RX can0 02000000#F5E4
CAN-RX can0 02000000#F4E5
CAN-RX can0 00E#6E4621DF00000000
CAN-RX can0 08300103#F8FF
CAN-RX can0 02000000#F5E5
CAN-RX can0 02000000#F4E5
CAN-RX can0 02000000#F4E6
CAN-RX can0 08300103#FFFF
CAN-RX can0 02000000#F3E6
CAN-RX can0 14300200#1500
CAN-RX can0 02000000#F3E7
CAN-RX can0 00E#6E4621DF00000000
CAN-RX can0 08300103#FAFF
CAN-RX can0 02000000#F2E7
CAN-RX can0 02000000#F2E7
CAN-RX can0 02000000#F1E7
CAN-RX can0 03C30F0F#87878787878787
CAN-RX can0 1C0C0200#1E
CAN-RX can0 08300103#2400
CAN-RX can0 02000000#F0E8
CAN-RX can0 02000000#F0E8
CAN-RX can0 00E#6E4621DF00000000
CAN-RX can0 08300103#FCFF
CAN-RX can0 02000000#F0E9
CAN-RX can0 1C2C0000#242800A90A1A
CAN-RX can0 02000000#EFE9
CAN-RX can0 02000000#EEE9
CAN-RX can0 08300103#F7FF
CAN-RX can0 02000000#EEE9
CAN-RX can0 02000000#EEE9
CAN-RX can0 00E#6E4621DF00000000
CAN-RX can0 08300103#FFFF
CAN-RX can0 02000000#EEEA
CAN-RX can0 02000000#EDE9
CAN-RX can0 02000000#EDEA
CAN-RX can0 03C30F0F#87878787878787
CAN-RX can0 140C0201#0B00
CAN-RX can0 08300103#0100
CAN-RX can0 02000000#ECEA
CAN-RX can0 02000000#ECEA
CAN-RX can0 00E#6E4621DF00000000
CAN-RX can0 08300103#F2FF
CAN-RX can0 02000000#ECEA
CAN-RX can0 02000000#EBEA
CAN-RX can0 02000000#EBEA
CAN-RX can0 08300103#EAFF
CAN-RX can0 02000000#EAEA
CAN-RX can0 02000000#E9EB
CAN-RX can0 00E#6E4621DF00000000
CAN-RX can0 08300103#F6FF
CAN-RX can0 02000000#E9EA
CAN-RX can0 02000000#E8EB
CAN-RX can0 02000000#E8EC
CAN-RX can0 03C30F0F#87878787878787
CAN-RX can0 08300103#DFFF
CAN-RX can0 02000000#E7EB
CAN-RX can0 14300200#1200
CAN-RX can0 02000000#E6EC
CAN-RX can0 00E#6E4621DF00000000
CAN-RX can0 08300103#E3FF
CAN-RX can0 02000000#E5EC
CAN-RX can0 02000000#E5EC
CAN-RX can0 02000000#E4EC
CAN-RX can0 08300103#DCFF
CAN-RX can0 02000000#E2EC
CAN-RX can0 02000000#E2ED
CAN-RX can0 00E#6E4621DF00000000
CAN-RX can0 08300103#E0FF
CAN-RX can0 02000000#E0ED
CAN-RX can0 02000000#DFEE
CAN-RX can0 02000000#DEEE
CAN-RX can0 03C30F0F#87878787878787
CAN-RX can0 08300103#C5FF
CAN-RX can0 02000000#DCEF
CAN-RX can0 02000000#DBEF
CAN-RX can0 00E#6E4621DF00000000
CAN-RX can0 08300103#CDFF
CAN-RX can0 02000000#D9F0
CAN-RX can0 1C300204#9AE505009AE50500
CAN-RX can0 02000000#D8F0
CAN-RX can0 02000000#D6F1
CAN-RX can0 140C0201#1000
CAN-RX can0 08300103#E7FF
CAN-RX can0 02000000#D4F1
CAN-RX can0 02000000#D2F2
CAN-RX can0 00E#6E4621DF00000000
CAN-RX can0 08300103#FDFF
CAN-RX can0 02000000#D0F3
CAN-RX can0 02000000#CFF3
CAN-RX can0 02000000#CDF4
CAN-RX can0 03C30F0F#87878787878787
CAN-RX can0 08300103#E1FF
CAN-RX can0 02000000#CBF4
CAN-RX can0 02000000#CAF4
CAN-RX can0 00E#6E4621DF00000000
CAN-RX can0 08300103#A2FF
CAN-RX can0 02000000#C9F5
CAN-RX can0 02000000#C7F4
CAN-RX can0 02000000#C6F4
CAN-RX can0 08300103#62FF
CAN-RX can0 02000000#C5F4
CAN-RX can0 14300200#1B00
CAN-RX can0 02000000#C4F5
CAN-RX can0 00E#6E4621DF00000000
CAN-RX can0 08300103#36FF
CAN-RX can0 02000000#C3F5
CAN-RX can0 02000000#C3F5
CAN-RX can0 02000000#C2F6
CAN-RX can0 03C30F0F#87878787878787
CAN-RX can0 08300103#3AFF
CAN-RX can0 02000000#C3F6
CAN-RX can0 02000000#C2F6
CAN-RX can0 00E#6E4621DF00000000
CAN-RX can0 08300103#54FF
CAN-RX can0 02000000#C2F7
CAN-RX can0 0C140300#C2
CAN-RX can0 02000000#C3F7
CAN-RX can0 02000000#C5F7
CAN-RX can0 08300103#2FFF
CAN-RX can0 02000000#CAF9
CAN-RX can0 02000000#E6FF
CAN-RX can0 00E#6E4621DF00000000
CAN-RX can0 08300103#37FF
CAN-RX can0 02000000#1200
CAN-RX can0 02000000#1B00
CAN-RX can0 02000000#0000
CAN-RX can0 03C30F0F#87878787878787
CAN-RX can0 08300103#38FF
CAN-RX can0 140C0201#3000
CAN-RX can0 02000000#EAFE
CAN-RX can0 02000000#0000
CAN-RX can0 00E#6E4621DF00000000
CAN-RX can0 08300103#39FF
CAN-RX can0 02000000#0000
CAN-RX can0 02000000#0000
CAN-RX can0 02000000#0000
CAN-RX can0 08300103#56FF
CAN-RX can0 02000000#0000
CAN-RX can0 02000000#0000
CAN-RX can0 0C140200#C0
CAN-RX can0 00E#6E4621DF00000000
CAN-RX can0 08300103#6CFF
CAN-RX can0 02000000#0000
CAN-RX can0 02000000#0000
CAN-RX can0 02000000#0000
CAN-RX can0 03C30F0F#87878787878787
CAN-RX can0 08300103#71FF
CAN-RX can0 02000000#0000
CAN-RX can0 14300200#2000
CAN-RX can0 02000000#0000
CAN-RX can0 00E#6E4621DF00000000
CAN-RX can0 08300103#60FF
CAN-RX can0 02000000#0000
CAN-RX can0 02000000#0000
CAN-RX can0 02000000#0000
CAN-RX can0 08300103#71FF
CAN-RX can0 02000000#0000
CAN-RX can0 0C000206#
CAN-RX can0 02000000#0000
CAN-RX can0 0C140200#C1
CAN-RX can0 00E#6E4621DF00000000
CAN-RX can0 08300103#72FF
CAN-RX can0 02000000#0000
CAN-RX can0 02000000#0000
CAN-RX can0 02000000#0000
CAN-RX can0 03C30F0F#87878787878787
CAN-RX can0 08300103#7DFF
CAN-RX can0 02000000#0000
CAN-RX can0 02000000#0000
CAN-RX can0 00E#6E4621DF00000000
CAN-RX can0 08300103#92FF
CAN-RX can0 02000000#0000
CAN-RX can0 02000000#0000
CAN-RX can0 02000000#0000
CAN-RX can0 08300103#A0FF
CAN-RX can0 140C0201#1B00
CAN-RX can0 02000000#0000
CAN-RX can0 02000000#0000
CAN-RX can0 00E#6E4621DF00000000
CAN-RX can0 08300103#B7FF
CAN-RX can0 02000000#0000
CAN-RX can0 02000000#0000
CAN-RX can0 02000000#0000
CAN-RX can0 03C30F0F#87878787878787
CAN-RX can0 08300103#D0FF
CAN-RX can0 02000000#0000
CAN-RX can0 02000000#0000
CAN-RX can0 00E#6E4621DF00000000
CAN-RX can0 08300103#EEFF
CAN-RX can0 02000000#0000
CAN-RX can0 02000000#0000
CAN-RX can0 02000000#0000
CAN-RX can0 08300103#0F00
CAN-RX can0 02000000#0000
CAN-RX can0 14300200#1000
CAN-RX can0 02000000#0000
CAN-RX can0 00E#6E4621DF00000000
CAN-RX can0 08300103#4000
CAN-RX can0 02000000#0000
CAN-RX can0 02000000#0000
CAN-RX can0 02000000#0000
CAN-RX can0 03C30F0F#87878787878787
CAN-RX can0 08300103#6300
CAN-RX can0 1C0C0200#1E
CAN-RX can0 02000000#0000
CAN-RX can0 02000000#0000
CAN-RX can0 00E#6E4621DF00000000
CAN-RX can0 08300103#6000
CAN-RX can0 02000000#0000
CAN-RX can0 1C2C0000#252800A90A1A
CAN-RX can0 02000000#0000
CAN-RX can0 02000000#0000
CAN-RX can0 08300103#3600
CAN-RX can0 02000000#0000
CAN-RX can0 02000000#0000
CAN-RX can0 00E#6E4621DF00000000
CAN-RX can0 08300103#2400
CAN-RX can0 02000000#0000
CAN-RX can0 02000000#0000
CAN-RX can0 02000000#0000
CAN-RX can0 03C30F0F#87878787878787
CAN-RX can0 08300103#2100
CAN-RX can0 140C0201#0800
CAN-RX can0 02000000#0000
CAN-RX can0 02000000#0000
CAN-RX can0 00E#6E4621DF00000000
CAN-RX can0 08300103#1600
CAN-RX can0 02000000#0000
CAN-RX can0 02000000#0000
CAN-RX can0 08300103#1700
CAN-RX can0 02000000#0000
CAN-RX can0 02000000#0000
CAN-RX can0 02000000#0000
CAN-RX can0 00E#6E4621DF00000000
CAN-RX can0 08300103#1600
CAN-RX can0 02000000#0000
CAN-RX can0 02000000#0000
CAN-RX can0 08300103#0F00
CAN-RX can0 02000000#0000
CAN-RX can0 03C30F0F#87878787878787
CAN-RX can0 02000000#0000
CAN-RX can0 14300200#0C00
CAN-RX can0 02000000#0000
CAN-RX can0 00E#6E4621DF00000000
CAN-RX can0 08300103#1A00
CAN-RX can0 02000000#0000
CAN-RX can0 02000000#0000
CAN-RX can0 08300103#1200
CAN-RX can0 02000000#0000
CAN-RX can0 02000000#0000
CAN-RX can0 02000000#0000
CAN-RX can0 00E#6E4621DF00000000
CAN-RX can0 08300103#0A00
CAN-RX can0 02000000#0000
CAN-RX can0 02000000#0000
CAN-RX can0 08300103#0100
CAN-RX can0 02000000#0000
CAN-RX can0 03C30F0F#87878787878787
CAN-RX can0 02000000#0000
CAN-RX can0 02000000#0000
CAN-RX can0 00E#6E4621DF00000000
CAN-RX can0 08300103#F2FF
CAN-RX can0 02000000#0000
CAN-RX can0 02000000#0000
CAN-RX can0 1C300204#9AE505009AE50500
CAN-RX can0 08300103#DFFF
CAN-RX can0 02000000#0000
CAN-RX can0 140C0201#0300
CAN-RX can0 02000000#0000
CAN-RX can0 02000000#0000
CAN-RX can0 00E#6E4621DF00000000
CAN-RX can0 08300103#B8FF
CAN-RX can0 02000000#0000
CAN-RX can0 02000000#0000
CAN-RX can0 08300103#B8FF
CAN-RX can0 02000000#0000
CAN-RX can0 03C30F0F#87878787878787
CAN-RX can0 02000000#0000
CAN-RX can0 02000000#0000
CAN-RX can0 00E#6E4621DF00000000
CAN-RX can0 08300103#BEFF
CAN-RX can0 02000000#0000
CAN-RX can0 02000000#0000
CAN-RX can0 08300103#DAFF
CAN-RX can0 02000000#0000
CAN-RX can0 02000000#0000
CAN-RX can0 14300200#0100
CAN-RX can0 02000000#0000
CAN-RX can0 00E#6E4621DF00000000
CAN-RX can0 08300103#EBFF
CAN-RX can0 02000000#0000
CAN-RX can0 02000000#0000
CAN-RX can0 08300103#1800
CAN-RX can0 02000000#0000
CAN-RX can0 03C30F0F#87878787878787
CAN-RX can0 02000000#0000
CAN-RX can0 02000000#0000
CAN-RX can0 00E#6E4621DF00000000
CAN-RX can0 08300103#1400
CAN-RX can0 02000000#0000
CAN-RX can0 0C140300#C2
CAN-RX can0 02000000#0000
CAN-RX can0 08300103#1800
CAN-RX can0 02000000#0000
CAN-RX can0 02000000#0000
CAN-RX can0 02000000#0000
CAN-RX can0 062#90000000
CAN-RX can0 00E#6E4621DF00000000
CAN-RX can0 08300103#0800
CAN-RX can0 02000000#0000
CAN-RX can0 02000000#0000
CAN-RX can0 02000000#0000
CAN-RX can0 03C30F0F#87878787878787
CAN-RX can0 140C0201#0000
CAN-RX can0 02000000#0000
CAN-RX can0 02000000#0000
CAN-RX can0 00E#6E4621DF00000000
CAN-RX can0 02000000#0000
CAN-RX can0 02000000#0000
CAN-RX can0 02000000#0000
CAN-RX can0 02000000#0000
CAN-RX can0 02000000#0000
CAN-RX can0 0C140200#C0
CAN-RX can0 08300103#0D00
CAN-RX can0 00E#6E4621DF00000000
CAN-RX can0 02000000#0000
CAN-RX can0 02000000#0000
CAN-RX can0 08300103#FCFF
CAN-RX can0 02000000#0000
CAN-RX can0 03C30F0F#87878787878787
CAN-RX can0 02000000#0000
CAN-RX can0 14300200#0000
CAN-RX can0 02000000#0000
CAN-RX can0 08300103#FFFF
CAN-RX can0 00E#6E4621DF00000000
CAN-RX can0 02000000#0000
CAN-RX can0 02000000#0000
CAN-RX can0 08300103#F9FF
CAN-RX can0 02000000#0000
CAN-RX can0 02000000#0000
CAN-RX can0 02000000#0000
CAN-RX can0 0C140200#C1
CAN-RX can0 08300103#0700
CAN-RX can0 00E#6E4621DF00000000
CAN-RX can0 02000000#0000
CAN-RX can0 02000000#0000
CAN-RX can0 08300103#FDFF
CAN-RX can0 02000000#0000
CAN-RX can0 03C30F0F#87878787878787
CAN-RX can0 02000000#0000
CAN-RX can0 02000000#0000
CAN-RX can0 08300103#0600
CAN-RX can0 00E#6E4621DF00000000
CAN-RX can0 02000000#0000
CAN-RX can0 02000000#0000
CAN-RX can0 08300103#0200
CAN-RX can0 02000000#0000
CAN-RX can0 140C0201#0000
CAN-RX can0 02000000#0000
CAN-RX can0 02000000#0000
CAN-RX can0 08300103#0300
CAN-RX can0 00E#6E4621DF00000000
CAN-RX can0 02000000#0000
CAN-RX can0 02000000#0000
CAN-RX can0 08300103#F5FF
CAN-RX can0 02000000#0000
CAN-RX can0 03C30F0F#87878787878787
CAN-RX can0 02000000#0000
CAN-RX can0 02000000#0000
CAN-RX can0 08300103#FAFF
CAN-RX can0 00E#6E4621DF00000000
CAN-RX can0 02000000#0000
CAN-RX can0 02000000#0000
CAN-RX can0 08300103#0700
CAN-RX can0 02000000#0000
CAN-RX can0 02000000#0000
CAN-RX can0 14300200#0000
CAN-RX can0 02000000#0000
CAN-RX can0 08300103#FCFF
CAN-RX can0 00E#6E4621DF00000000
CAN-RX can0 02000000#0000
CAN-RX can0 02000000#0000
CAN-RX can0 08300103#F3FF
CAN-RX can0 02000000#0000
CAN-RX can0 03C30F0F#87878787878787
CAN-RX can0 1C0C0200#1E
CAN-RX can0 02000000#0000
CAN-RX can0 02000000#0000
CAN-RX can0 08300103#F7FF
CAN-RX can0 00E#6E4621DF00000000
CAN-RX can0 02000000#0000
CAN-RX can0 1C2C0000#262800A90A1A
CAN-RX can0 02000000#0000
CAN-RX can0 08300103#0000
CAN-RX can0 02000000#0000
CAN-RX can0 02000000#0000
CAN-RX can0 02000000#0000
CAN-RX can0 08300103#0500
CAN-RX can0 00E#6E4621DF00000000
CAN-RX can0 02000000#0000
CAN-RX can0 02000000#0000
CAN-RX can0 08300103#FEFF
CAN-RX can0 02000000#0000
CAN-RX can0 03C30F0F#87878787878787
CAN-RX can0 140C0201#0000
CAN-RX can0 02000000#0000
CAN-RX can0 02000000#0000
CAN-RX can0 08300103#F8FF
CAN-RX can0 00E#6E4621DF00000000
CAN-RX can0 02000000#0000
CAN-RX can0 02000000#0000
CAN-RX can0 08300103#0F00
CAN-RX can0 02000000#0000
CAN-RX can0 02000000#0000
CAN-RX can0 02000000#0000
CAN-RX can0 08300103#0F00
CAN-RX can0 00E#6E4621DF00000000
CAN-RX can0 02000000#0000
CAN-RX can0 02000000#0000
CAN-RX can0 08300103#1600
CAN-RX can0 02000000#0000
CAN-RX can0 03C30F0F#87878787878787
CAN-RX can0 02000000#0000
CAN-RX can0 14300200#0000
CAN-RX can0 02000000#0000
CAN-RX can0 08300103#0400
CAN-RX can0 00E#6E4621DF00000000
CAN-RX can0 02000000#0000
CAN-RX can0 02000000#0000
CAN-RX can0 08300103#0C00
CAN-RX can0 02000000#0000
CAN-RX can0 02000000#0000
CAN-RX can0 02000000#0000
CAN-RX can0 08300103#EEFF
CAN-RX can0 00E#6E4621DF00000000
CAN-RX can0 02000000#0000
CAN-RX can0 02000000#0000
CAN-RX can0 08300103#F5FF
CAN-RX can0 02000000#0000
CAN-RX can0 03C30F0F#87878787878787
CAN-RX can0 02000000#0000
CAN-RX can0 02000000#0000
CAN-RX can0 08300103#1300
CAN-RX can0 00E#6E4621DF00000000
CAN-RX can0 02000000#0000
CAN-RX can0 02000000#0000
CAN-RX can0 08300103#F8FF
CAN-RX can0 02000000#0000
CAN-RX can0 140C0201#0000
CAN-RX can0 1C300204#9AE505009AE50500
CAN-RX can0 02000000#0000
CAN-RX can0 02000000#0000
CAN-RX can0 08300103#FFFF
CAN-RX can0 00E#6E4621DF00000000
CAN-RX can0 02000000#0000
CAN-RX can0 02000000#0000
CAN-RX can0 08300103#F7FF
CAN-RX can0 02000000#0000
CAN-RX can0 03C30F0F#87878787878787
CAN-RX can0 02000000#0000
CAN-RX can0 02000000#0000
CAN-RX can0 08300103#0700
CAN-RX can0 00E#6E4621DF00000000
CAN-RX can0 02000000#0000
CAN-RX can0 02000000#0000
CAN-RX can0 08300103#FFFF
CAN-RX can0 02000000#0000
CAN-RX can0 02000000#0000
CAN-RX can0 14300200#0000
CAN-RX can0 02000000#0000
CAN-RX can0 08300103#F5FF
CAN-RX can0 00E#6E4621DF00000000
CAN-RX can0 02000000#0000
CAN-RX can0 02000000#0000
CAN-RX can0 08300103#FCFF
CAN-RX can0 02000000#0000
CAN-RX can0 03C30F0F#87878787878787
CAN-RX can0 02000000#0000
CAN-RX can0 02000000#0000
CAN-RX can0 08300103#FFFF
CAN-RX can0 00E#6E4621DF00000000
CAN-RX can0 02000000#0000
CAN-RX can0 0C140300#C2
CAN-RX can0 02000000#0000
CAN-RX can0 08300103#F0FF
CAN-RX can0 02000000#0000
CAN-RX can0 02000000#0000
CAN-RX can0 02000000#0000
CAN-RX can0 08300103#FBFF
CAN-RX can0 00E#6E4621DF00000000
CAN-RX can0 02000000#0000
CAN-RX can0 02000000#0000
CAN-RX can0 02000000#0000
CAN-RX can0 03C30F0F#87878787878787
CAN-RX can0 140C0201#0000
CAN-RX can0 02000000#0000
CAN-RX can0 02000000#0000
CAN-RX can0 00E#6E4621DF00000000
CAN-RX can0 02000000#0000
CAN-RX can0 02000000#0000
CAN-RX can0 02000000#0000
CAN-RX can0 02000000#0000
CAN-RX can0 02000000#0000
CAN-RX can0 08300103#0100
CAN-RX can0 0C140200#C0
CAN-RX can0 00E#6E4621DF00000000
CAN-RX can0 02000000#0000
CAN-RX can0 02000000#0000
CAN-RX can0 08300103#0B00
CAN-RX can0 02000000#0000
CAN-RX can0 03C30F0F#87878787878787
CAN-RX can0 02000000#0000
CAN-RX can0 14300200#0000
CAN-RX can0 02000000#0000
CAN-RX can0 08300103#0500
CAN-RX can0 00E#6E4621DF00000000
CAN-RX can0 02000000#0000
CAN-RX can0 02000000#0000
CAN-RX can0 08300103#F5FF
CAN-RX can0 02000000#0000
CAN-RX can0 02000000#0000
CAN-RX can0 02000000#0000
CAN-RX can0 08300103#0B00
CAN-RX can0 0C140200#C1
CAN-RX can0 00E#6E4621DF00000000
CAN-RX can0 02000000#0000
CAN-RX can0 02000000#0000
CAN-RX can0 08300103#0500
CAN-RX can0 02000000#0000
CAN-RX can0 03C30F0F#87878787878787
CAN-RX can0 02000000#0000
CAN-RX can0 02000000#0000
CAN-RX can0 08300103#F6FF
CAN-RX can0 00E#6E4621DF00000000
CAN-RX can0 02000000#0000
CAN-RX can0 02000000#0000
CAN-RX can0 08300103#0E00
CAN-RX can0 02000000#0000
CAN-RX can0 140C0201#0000
CAN-RX can0 02000000#0000
CAN-RX can0 02000000#0000
CAN-RX can0 08300103#0200
CAN-RX can0 00E#6E4621DF00000000
CAN-RX can0 02000000#0000
CAN-RX can0 02000000#0000
CAN-RX can0 08300103#FAFF
CAN-RX can0 02000000#0000
CAN-RX can0 03C30F0F#87878787878787
CAN-RX can0 02000000#0000
CAN-RX can0 02000000#0000
CAN-RX can0 08300103#FBFF
CAN-RX can0 00E#6E4621DF00000000
CAN-RX can0 02000000#0000
CAN-RX can0 02000000#0000
CAN-RX can0 08300103#F0FF
CAN-RX can0 02000000#0000
CAN-RX can0 02000000#0000
CAN-RX can0 14300200#0000
CAN-RX can0 02000000#0000
CAN-RX can0 08300103#F3FF
CAN-RX can0 00E#6E4621DF00000000
CAN-RX can0 02000000#0000
CAN-RX can0 02000000#0000
CAN-RX can0 08300103#FDFF
CAN-RX can0 02000000#0000
CAN-RX can0 03C30F0F#87878787878787
CAN-RX can0 1C0C0200#1E
CAN-RX can0 02000000#0000
CAN-RX can0 02000000#0000
CAN-RX can0 08300103#0400
CAN-RX can0 00E#6E4621DF00000000
CAN-RX can0 02000000#0000
CAN-RX can0 1C2C0000#272800A90A1A
CAN-RX can0 02000000#0000
CAN-RX can0 08300103#FEFF
CAN-RX can0 02000000#0000
CAN-RX can0 02000000#0000
CAN-RX can0 02000000#0000
CAN-RX can0 08300103#0000
CAN-RX can0 0C000205#
CAN-RX can0 00E#6E4621DF00000000
CAN-RX can0 02000000#0000
CAN-RX can0 02000000#0000
CAN-RX can0 08300103#0700
CAN-RX can0 02000000#0000
CAN-RX can0 03C30F0F#87878787878787
CAN-RX can0 140C0201#0000
CAN-RX can0 02000000#0000
CAN-RX can0 02000000#0000
CAN-RX can0 08300103#0E00
CAN-RX can0 00E#6E4621DF00000000
CAN-RX can0 02000000#0000
CAN-RX can0 02000000#0000
CAN-RX can0 08300103#F7FF
CAN-RX can0 02000000#0000
CAN-RX can0 02000000#0000
CAN-RX can0 08300103#0900
CAN-RX can0 02000000#0000
CAN-RX can0 00E#6E4621DF00000000
CAN-RX can0 02000000#0000
CAN-RX can0 02000000#0000
CAN-RX can0 08300103#FBFF
CAN-RX can0 02000000#0000
CAN-RX can0 03C30F0F#87878787878787
CAN-RX can0 02000000#0000
CAN-RX can0 14300200#0000
CAN-RX can0 08300103#0200
CAN-RX can0 02000000#0000
CAN-RX can0 00E#6E4621DF00000000
CAN-RX can0 02000000#0000
CAN-RX can0 02000000#0000
CAN-RX can0 08300103#0300
CAN-RX can0 02000000#0000
CAN-RX can0 02000000#0000
CAN-RX can0 08300103#F1FF
CAN-RX can0 02000000#0000
CAN-RX can0 00E#6E4621DF00000000
CAN-RX can0 02000000#0000
CAN-RX can0 02000000#0000
CAN-RX can0 08300103#EFFF
CAN-RX can0 02000000#0000
CAN-RX can0 03C30F0F#87878787878787
CAN-RX can0 02000000#0000
CAN-RX can0 08300103#FAFF
CAN-RX can0 02000000#0000
CAN-RX can0 00E#6E4621DF00000000
CAN-RX can0 02000000#0000
CAN-RX can0 02000000#0000
CAN-RX can0 08300103#0700
CAN-RX can0 02000000#0000
CAN-RX can0 140C0201#0000
CAN-RX can0 02000000#0000
CAN-RX can0 1C300204#9AE505009AE50500
CAN-RX can0 08300103#0400
CAN-RX can0 02000000#0000
CAN-RX can0 00E#6E4621DF00000000
CAN-RX can0 02000000#0000
CAN-RX can0 02000000#0000
CAN-RX can0 08300103#0500
CAN-RX can0 02000000#0000
CAN-RX can0 03C30F0F#87878787878787
CAN-RX can0 02000000#0000
CAN-RX can0 08300103#FDFF
CAN-RX can0 02000000#0000
CAN-RX can0 00E#6E4621DF00000000
CAN-RX can0 02000000#0000
CAN-RX can0 02000000#0000
CAN-RX can0 08300103#0000
CAN-RX can0 02000000#0000
CAN-RX can0 02000000#0000
CAN-RX can0 14300200#0000
CAN-RX can0 08300103#F5FF
CAN-RX can0 02000000#0000
CAN-RX can0 00E#6E4621DF00000000
CAN-RX can0 02000000#0000
CAN-RX can0 02000000#0000
CAN-RX can0 08300103#F9FF
CAN-RX can0 02000000#0000
CAN-RX can0 03C30F0F#87878787878787
CAN-RX can0 02000000#0000
CAN-RX can0 08300103#FEFF
CAN-RX can0 02000000#0000
CAN-RX can0 00E#6E4621DF00000000
CAN-RX can0 02000000#0000
CAN-RX can0 0C140300#C2
CAN-RX can0 02000000#0000
CAN-RX can0 08300103#FBFF
CAN-RX can0 02000000#0000
CAN-RX can0 02000000#0000
CAN-RX can0 08300103#F7FF
CAN-RX can0 02000000#0000
CAN-RX can0 00E#6E4621DF00000000
CAN-RX can0 02000000#0000
CAN-RX can0 02000000#0000
CAN-RX can0 02000000#0000
CAN-RX can0 03C30F0F#87878787878787
CAN-RX can0 140C0201#0000
CAN-RX can0 02000000#0000
CAN-RX can0 02000000#0000
CAN-RX can0 00E#6E4621DF00000000
CAN-RX can0 02000000#0000
CAN-RX can0 02000000#0000
CAN-RX can0 02000000#0000
CAN-RX can0 02000000#0000
CAN-RX can0 08300103#F8FF
CAN-RX can0 02000000#0000
CAN-RX can0 0C140200#C0
CAN-RX can0 00E#6E4621DF00000000
CAN-RX can0 02000000#0000
CAN-RX can0 02000000#0000
CAN-RX can0 08300103#FEFF
CAN-RX can0 02000000#0000
CAN-RX can0 03C30F0F#87878787878787
CAN-RX can0 02000000#0000
CAN-RX can0 14300200#0000
CAN-RX can0 08300103#0C00
CAN-RX can0 02000000#0000
CAN-RX can0 00E#6E4621DF00000000
CAN-RX can0 02000000#0000
CAN-RX can0 02000000#0000
CAN-RX can0 08300103#FAFF
CAN-RX can0 02000000#0000
CAN-RX can0 02000000#0000
CAN-RX can0 08300103#1200
CAN-RX can0 02000000#0000
CAN-RX can0 0C140200#C1
CAN-RX can0 00E#6E4621DF00000000
CAN-RX can0 02000000#0000
CAN-RX can0 02000000#0000
CAN-RX can0 08300103#0900
CAN-RX can0 02000000#0000
CAN-RX can0 03C30F0F#87878787878787
CAN-RX can0 02000000#0000
CAN-RX can0 08300103#0900
CAN-RX can0 02000000#0000
CAN-RX can0 00E#6E4621DF00000000
CAN-RX can0 02000000#0000
CAN-RX can0 02000000#0000
CAN-RX can0 08300103#0000
CAN-RX can0 02000000#0000
CAN-RX can0 140C0201#0000
CAN-RX can0 02000000#0000
CAN-RX can0 08300103#0800
CAN-RX can0 02000000#0000
CAN-RX can0 00E#6E4621DF00000000
CAN-RX can0 02000000#0000
CAN-RX can0 02000000#0000
CAN-RX can0 08300103#0100
CAN-RX can0 02000000#0000
CAN-RX can0 03C30F0F#87878787878787
CAN-RX can0 02000000#0000
CAN-RX can0 08300103#F9FF
CAN-RX can0 02000000#0000
CAN-RX can0 00E#6E4621DF00000000
CAN-RX can0 02000000#0000
CAN-RX can0 02000000#0000
CAN-RX can0 08300103#F1FF
CAN-RX can0 02000000#0000
CAN-RX can0 02000000#0000
CAN-RX can0 14300200#0000
CAN-RX can0 08300103#F9FF
CAN-RX can0 02000000#0000
CAN-RX can0 00E#6E4621DF00000000
CAN-RX can0 02000000#0000
CAN-RX can0 02000000#0000
CAN-RX can0 08300103#0300
CAN-RX can0 02000000#0000
CAN-RX can0 03C30F0F#87878787878787
CAN-RX can0 1C0C0200#1E
CAN-RX can0 02000000#0000
CAN-RX can0 08300103#FFFF
CAN-RX can0 02000000#0000
CAN-RX can0 00E#6E4621DF00000000
CAN-RX can0 02000000#0000
CAN-RX can0 1C2C0000#282800A90A1A
CAN-RX can0 02000000#0000
CAN-RX can0 08300103#1C00
CAN-RX can0 02000000#0000
CAN-RX can0 02000000#0000
CAN-RX can0 08300103#0000
CAN-RX can0 02000000#0000
CAN-RX can0 00E#6E4621DF00000000
CAN-RX can0 02000000#0000
CAN-RX can0 02000000#0000
CAN-RX can0 08300103#0800
CAN-RX can0 02000000#0000
CAN-RX can0 03C30F0F#87878787878787
CAN-RX can0 140C0201#0000
CAN-RX can0 02000000#0000
CAN-RX can0 08300103#0000
CAN-RX can0 02000000#0000
CAN-RX can0 00E#6E4621DF00000000
CAN-RX can0 02000000#0000
CAN-RX can0 02000000#0000
CAN-RX can0 08300103#F6FF
CAN-RX can0 02000000#0000
CAN-RX can0 02000000#0000
CAN-RX can0 08300103#FFFF
CAN-RX can0 02000000#0000
CAN-RX can0 00E#6E4621DF00000000
CAN-RX can0 02000000#0000
CAN-RX can0 02000000#0000
CAN-RX can0 08300103#FCFF
CAN-RX can0 02000000#0000
CAN-RX can0 03C30F0F#87878787878787
CAN-RX can0 02000000#0000
CAN-RX can0 14300200#0000
CAN-RX can0 08300103#FFFF
CAN-RX can0 02000000#0000
CAN-RX can0 00E#6E4621DF00000000
CAN-RX can0 02000000#0000
CAN-RX can0 02000000#0000
CAN-RX can0 08300103#FFFF
CAN-RX can0 02000000#0000
CAN-RX can0 02000000#0000
CAN-RX can0 08300103#0100
CAN-RX can0 02000000#0000
CAN-RX can0 00E#6E4621DF00000000
CAN-RX can0 02000000#0000
CAN-RX can0 02000000#0000
CAN-RX can0 08300103#FDFF
CAN-RX can0 02000000#0000
CAN-RX can0 03C30F0F#87878787878787
CAN-RX can0 02000000#0000
CAN-RX can0 08300103#FCFF
CAN-RX can0 02000000#0000
CAN-RX can0 00E#6E4621DF00000000
CAN-RX can0 02000000#0000
CAN-RX can0 02000000#0000
CAN-RX can0 08300103#F9FF
CAN-RX can0 02000000#0000
CAN-RX can0 140C0201#0000
CAN-RX can0 02000000#0000
CAN-RX can0 08300103#0B00
CAN-RX can0 02000000#0000
CAN-RX can0 1C300204#9AE505009AE50500
CAN-RX can0 00E#6E4621DF00000000
CAN-RX can0 02000000#0000
CAN-RX can0 02000000#0000
CAN-RX can0 08300103#FEFF
CAN-RX can0 02000000#0000
CAN-RX can0 03C30F0F#87878787878787
CAN-RX can0 02000000#0000
CAN-RX can0 08300103#0B00
CAN-RX can0 02000000#0000
CAN-RX can0 00E#6E4621DF00000000
CAN-RX can0 02000000#0000
CAN-RX can0 02000000#0000
CAN-RX can0 08300103#FCFF
CAN-RX can0 02000000#0000
CAN-RX can0 02000000#0000
CAN-RX can0 14300200#0000
CAN-RX can0 08300103#FDFF
CAN-RX can0 02000000#0000
CAN-RX can0 00E#6E4621DF00000000
CAN-RX can0 02000000#0000
CAN-RX can0 02000000#0000
CAN-RX can0 08300103#F5FF
CAN-RX can0 02000000#0000
CAN-RX can0 03C30F0F#87878787878787
CAN-RX can0 02000000#0000
CAN-RX can0 08300103#F1FF
CAN-RX can0 02000000#0000
CAN-RX can0 00E#6E4621DF00000000
CAN-RX can0 02000000#0000
CAN-RX can0 0C140300#C2
CAN-RX can0 02000000#0000
CAN-RX can0 08300103#FEFF
CAN-RX can0 02000000#0000
CAN-RX can0 02000000#0000
CAN-RX can0 08300103#0000
CAN-RX can0 02000000#0000
CAN-RX can0 00E#6E4621DF00000000
CAN-RX can0 02000000#0000
CAN-RX can0 02000000#0000
CAN-RX can0 02000000#0000
CAN-RX can0 03C30F0F#87878787878787
CAN-RX can0 140C0201#0000
CAN-RX can0 02000000#0000
CAN-RX can0 02000000#0000
CAN-RX can0 00E#6E4621DF00000000
CAN-RX can0 02000000#0000
CAN-RX can0 02000000#0000
CAN-RX can0 02000000#0000
CAN-RX can0 02000000#0000
CAN-RX can0 08300103#FEFF
CAN-RX can0 02000000#0000
CAN-RX can0 0C140200#C0
CAN-RX can0 00E#6E4621DF00000000
CAN-RX can0 02000000#0000
CAN-RX can0 02000000#0000
CAN-RX can0 08300103#F4FF
CAN-RX can0 02000000#0000
CAN-RX can0 03C30F0F#87878787878787
CAN-RX can0 02000000#0000
CAN-RX can0 14300200#0000
CAN-RX can0 08300103#F7FF
CAN-RX can0 02000000#0000
CAN-RX can0 00E#6E4621DF00000000
CAN-RX can0 02000000#0000
CAN-RX can0 02000000#0000
CAN-RX can0 08300103#0100
CAN-RX can0 02000000#0000
CAN-RX can0 02000000#0000
CAN-RX can0 08300103#F7FF
CAN-RX can0 02000000#0000
CAN-RX can0 0C140200#C1
CAN-RX can0 00E#6E4621DF00000000
CAN-RX can0 02000000#0000
CAN-RX can0 02000000#0000
CAN-RX can0 08300103#0400
CAN-RX can0 02000000#0000
CAN-RX can0 03C30F0F#87878787878787
CAN-RX can0 02000000#0000
CAN-RX can0 08300103#0600
CAN-RX can0 02000000#0000
CAN-RX can0 00E#6E4621DF00000000
CAN-RX can0 02000000#0000
CAN-RX can0 02000000#0000
CAN-RX can0 08300103#FBFF
CAN-RX can0 02000000#0000
CAN-RX can0 140C0201#0000
CAN-RX can0 02000000#0000
CAN-RX can0 08300103#0500
CAN-RX can0 02000000#0000
CAN-RX can0 00E#6E4621DF00000000
CAN-RX can0 02000000#0000
CAN-RX can0 02000000#0000
CAN-RX can0 08300103#0800
CAN-RX can0 02000000#0000
CAN-RX can0 03C30F0F#87878787878787
CAN-RX can0 02000000#0000
CAN-RX can0 08300103#F3FF
CAN-RX can0 02000000#0000
CAN-RX can0 00E#6E4621DF00000000
CAN-RX can0 02000000#0000
CAN-RX can0 02000000#0000
CAN-RX can0 08300103#0C00
CAN-RX can0 02000000#0000
CAN-RX can0 02000000#0000
CAN-RX can0 14300200#0000
CAN-RX can0 08300103#0300
CAN-RX can0 02000000#0000
CAN-RX can0 00E#6E4621DF00000000
CAN-RX can0 02000000#0000
CAN-RX can0 02000000#0000
CAN-RX can0 08300103#FEFF
CAN-RX can0 02000000#0000
CAN-RX can0 03C30F0F#87878787878787
CAN-RX can0 1C0C0200#1E
CAN-RX can0 02000000#0000
CAN-RX can0 08300103#0400
CAN-RX can0 02000000#0000
CAN-RX can0 00E#6E4621DF00000000
CAN-RX can0 02000000#0000
CAN-RX can0 1C2C0000#292800A90A1A
CAN-RX can0 02000000#0000
CAN-RX can0 08300103#FCFF
CAN-RX can0 02000000#0000
CAN-RX can0 02000000#0000
CAN-RX can0 08300103#F7FF
CAN-RX can0 02000000#0000
CAN-RX can0 00E#6E4621DF00000000
CAN-RX can0 02000000#0000
CAN-RX can0 02000000#0000
CAN-RX can0 08300103#F7FF
CAN-RX can0 02000000#0000
CAN-RX can0 03C30F0F#87878787878787
CAN-RX can0 140C0201#0000
CAN-RX can0 02000000#0000
CAN-RX can0 08300103#0C00
CAN-RX can0 02000000#0000
CAN-RX can0 00E#6E4621DF00000000
CAN-RX can0 02000000#0000
CAN-RX can0 02000000#0000
CAN-RX can0 08300103#FCFF
CAN-RX can0 02000000#0000
CAN-RX can0 02000000#0000
CAN-RX can0 08300103#EAFF
CAN-RX can0 02000000#0000
CAN-RX can0 00E#6E4621DF00000000
CAN-RX can0 02000000#0000
CAN-RX can0 08300103#0400
CAN-RX can0 02000000#0000
CAN-RX can0 02000000#0000
CAN-RX can0 03C30F0F#87878787878787
CAN-RX can0 02000000#0000
CAN-RX can0 14300200#0000
CAN-RX can0 08300103#0700
CAN-RX can0 02000000#0000
CAN-RX can0 00E#6E4621DF00000000
CAN-RX can0 02000000#0000
CAN-RX can0 08300103#F1FF
CAN-RX can0 02000000#0000
CAN-RX can0 02000000#0000
CAN-RX can0 02000000#0000
CAN-RX can0 08300103#F4FF
CAN-RX can0 02000000#0000
CAN-RX can0 00E#6E4621DF00000000
CAN-RX can0 02000000#0000
CAN-RX can0 08300103#FEFF
CAN-RX can0 02000000#0000
CAN-RX can0 02000000#0000
CAN-RX can0 03C30F0F#87878787878787
CAN-RX can0 02000000#0000
CAN-RX can0 08300103#0900
CAN-RX can0 02000000#0000
CAN-RX can0 00E#6E4621DF00000000
CAN-RX can0 02000000#0000
CAN-RX can0 08300103#FFFF
CAN-RX can0 02000000#0000
CAN-RX can0 02000000#0000
CAN-RX can0 140C0201#0000
CAN-RX can0 02000000#0000
CAN-RX can0 08300103#0100
CAN-RX can0 02000000#0000
CAN-RX can0 00E#6E4621DF00000000
CAN-RX can0 02000000#0000
CAN-RX can0 1C300204#9AE505009AE50500
CAN-RX can0 08300103#E5FF
CAN-RX can0 02000000#0000
CAN-RX can0 02000000#0000
CAN-RX can0 03C30F0F#87878787878787
CAN-RX can0 02000000#0000
CAN-RX can0 08300103#ECFF
CAN-RX can0 02000000#0000
CAN-RX can0 00E#6E4621DF00000000
CAN-RX can0 02000000#0000
CAN-RX can0 08300103#FCFF
CAN-RX can0 02000000#0000
CAN-RX can0 02000000#0000
CAN-RX can0 02000000#0000
CAN-RX can0 14300200#0000
CAN-RX can0 08300103#0000
CAN-RX can0 02000000#0000
CAN-RX can0 00E#6E4621DF00000000
CAN-RX can0 02000000#0000
CAN-RX can0 08300103#0700
CAN-RX can0 02000000#0000
CAN-RX can0 02000000#0000
CAN-RX can0 03C30F0F#87878787878787
CAN-RX can0 02000000#0000
CAN-RX can0 08300103#F4FF
CAN-RX can0 02000000#0000
CAN-RX can0 00E#6E4621DF00000000
CAN-RX can0 02000000#0000
CAN-RX can0 0C140300#C2
CAN-RX can0 08300103#FDFF
CAN-RX can0 02000000#0000
CAN-RX can0 02000000#0000
CAN-RX can0 02000000#0000
CAN-RX can0 08300103#0D00
CAN-RX can0 02000000#0000
CAN-RX can0 00E#6E4621DF00000000
CAN-RX can0 02000000#0000
CAN-RX can0 02000000#0000
CAN-RX can0 02000000#0000
CAN-RX can0 03C30F0F#87878787878787
CAN-RX can0 140C0201#0000
CAN-RX can0 02000000#0000
CAN-RX can0 02000000#0000
CAN-RX can0 00E#6E4621DF00000000
CAN-RX can0 02000000#0000
CAN-RX can0 02000000#0000
CAN-RX can0 02000000#0000
CAN-RX can0 02000000#0000
CAN-RX can0 08300103#0300
CAN-RX can0 02000000#0000
CAN-RX can0 0C140200#C0
CAN-RX can0 00E#6E4621DF00000000
CAN-RX can0 02000000#0000
CAN-RX can0 08300103#EDFF
CAN-RX can0 02000000#0000
CAN-RX can0 02000000#0000
CAN-RX can0 03C30F0F#87878787878787
CAN-RX can0 02000000#0000
CAN-RX can0 14300200#0000
CAN-RX can0 08300103#F6FF
CAN-RX can0 02000000#0000
CAN-RX can0 00E#6E4621DF00000000
CAN-RX can0 02000000#0000
CAN-RX can0 08300103#F7FF
CAN-RX can0 02000000#0000
CAN-RX can0 02000000#0000
CAN-RX can0 02000000#0000
CAN-RX can0 08300103#F3FF
CAN-RX can0 02000000#0000
CAN-RX can0 0C140200#C1
CAN-RX can0 00E#6E4621DF00000000
CAN-RX can0 02000000#0000
CAN-RX can0 08300103#0C00
CAN-RX can0 02000000#0000
CAN-RX can0 02000000#0000
CAN-RX can0 03C30F0F#87878787878787
CAN-RX can0 02000000#0000
CAN-RX can0 08300103#FBFF
CAN-RX can0 02000000#0000
CAN-RX can0 00E#6E4621DF00000000
CAN-RX can0 02000000#0000
CAN-RX can0 08300103#FFFF
CAN-RX can0 02000000#0000
CAN-RX can0 02000000#0000
CAN-RX can0 140C0201#0000
CAN-RX can0 02000000#0000
CAN-RX can0 08300103#F0FF
CAN-RX can0 02000000#0000
CAN-RX can0 00E#6E4621DF00000000
CAN-RX can0 02000000#0000
CAN-RX can0 08300103#FEFF
CAN-RX can0 02000000#0000
CAN-RX can0 02000000#0000
CAN-RX can0 03C30F0F#87878787878787
CAN-RX can0 02000000#0000
CAN-RX can0 08300103#0100
CAN-RX can0 02000000#0000
CAN-RX can0 00E#6E4621DF00000000
CAN-RX can0 02000000#0000
CAN-RX can0 08300103#0000
CAN-RX can0 02000000#0000
CAN-RX can0 02000000#0000
CAN-RX can0 02000000#0000
CAN-RX can0 14300200#0000
CAN-RX can0 08300103#0300
CAN-RX can0 02000000#0000
CAN-RX can0 00E#6E4621DF00000000
CAN-RX can0 02000000#0000
CAN-RX can0 08300103#0500
CAN-RX can0 02000000#0000
CAN-RX can0 02000000#0000
CAN-RX can0 03C30F0F#87878787878787
CAN-RX can0 1C0C0200#1E
CAN-RX can0 02000000#0000
CAN-RX can0 08300103#FDFF
CAN-RX can0 02000000#0000
CAN-RX can0 00E#6E4621DF00000000
CAN-RX can0 02000000#0000
CAN-RX can0 1C2C0000#2A2800A90A1A
CAN-RX can0 08300103#0300
CAN-RX can0 02000000#0000
CAN-RX can0 02000000#0000
CAN-RX can0 02000000#0000
CAN-RX can0 08300103#0200
CAN-RX can0 02000000#0000
CAN-RX can0 00E#6E4621DF00000000
CAN-RX can0 02000000#0000
CAN-RX can0 08300103#FFFF
CAN-RX can0 02000000#0000
CAN-RX can0 02000000#0000
CAN-RX can0 03C30F0F#87878787878787
CAN-RX can0 140C0201#0000
CAN-RX can0 02000000#0000
CAN-RX can0 08300103#F8FF
CAN-RX can0 02000000#0000
CAN-RX can0 00E#6E4621DF00000000
CAN-RX can0 02000000#0000
CAN-RX can0 08300103#0300
CAN-RX can0 02000000#0000
CAN-RX can0 02000000#0000
CAN-RX can0 02000000#0000
CAN-RX can0 08300103#0100
CAN-RX can0 02000000#0000
CAN-RX can0 00E#6E4621DF00000000
CAN-RX can0 02000000#0000
CAN-RX can0 08300103#0100
CAN-RX can0 02000000#0000
CAN-RX can0 02000000#0000
CAN-RX can0 03C30F0F#87878787878787
CAN-RX can0 02000000#0000
CAN-RX can0 14300200#0000
CAN-RX can0 08300103#0200
CAN-RX can0 02000000#0000
CAN-RX can0 00E#6E4621DF00000000
CAN-RX can0 02000000#0000
CAN-RX can0 08300103#0400
CAN-RX can0 02000000#0000
CAN-RX can0 02000000#0000
CAN-RX can0 02000000#0000
CAN-RX can0 08300103#0900
CAN-RX can0 02000000#0000
CAN-RX can0 00E#6E4621DF00000000
CAN-RX can0 02000000#0000
CAN-RX can0 08300103#EEFF
CAN-RX can0 02000000#0000
CAN-RX can0 02000000#0000
CAN-RX can0 03C30F0F#87878787878787
CAN-RX can0 02000000#0000
CAN-RX can0 08300103#E9FF
CAN-RX can0 02000000#0000
CAN-RX can0 00E#6E4621DF00000000
CAN-RX can0 02000000#0000
CAN-RX can0 08300103#F2FF
CAN-RX can0 02000000#0000
CAN-RX can0 02000000#0000
CAN-RX can0 140C0201#0000
CAN-RX can0 02000000#0000
CAN-RX can0 08300103#FCFF
CAN-RX can0 02000000#0000
CAN-RX can0 00E#6E4621DF00000000
CAN-RX can0 02000000#0000
CAN-RX can0 08300103#F6FF
CAN-RX can0 02000000#0000
CAN-RX can0 1C300204#9AE505009AE50500
CAN-RX can0 02000000#0000
CAN-RX can0 03C30F0F#87878787878787
CAN-RX can0 02000000#0000
CAN-RX can0 08300103#FCFF
CAN-RX can0 02000000#0000
CAN-RX can0 00E#6E4621DF00000000
CAN-RX can0 02000000#0000
CAN-RX can0 08300103#F6FF
CAN-RX can0 02000000#0000
CAN-RX can0 02000000#0000
CAN-RX can0 02000000#0000
CAN-RX can0 14300200#0000
CAN-RX can0 08300103#0400
CAN-RX can0 02000000#0000
CAN-RX can0 00E#6E4621DF00000000
CAN-RX can0 02000000#0000
CAN-RX can0 08300103#F9FF
CAN-RX can0 02000000#0000
CAN-RX can0 02000000#0000
CAN-RX can0 03C30F0F#87878787878787
CAN-RX can0 02000000#0000
CAN-RX can0 08300103#0400
CAN-RX can0 02000000#0000
CAN-RX can0 00E#6E4621DF00000000
CAN-RX can0 02000000#0000
CAN-RX can0 0C140300#C2
CAN-RX can0 08300103#FBFF
CAN-RX can0 02000000#0000
CAN-RX can0 02000000#0000
CAN-RX can0 02000000#0000
CAN-RX can0 08300103#FEFF
CAN-RX can0 02000000#0000
CAN-RX can0 00E#6E4621DF00000000
CAN-RX can0 02000000#0000
CAN-RX can0 02000000#0000
CAN-RX can0 02000000#0000
CAN-RX can0 03C30F0F#87878787878787
CAN-RX can0 140C0201#0000
CAN-RX can0 02000000#0000
CAN-RX can0 02000000#0000
CAN-RX can0 00E#6E4621DF00000000
CAN-RX can0 02000000#0000
CAN-RX can0 02000000#0000
CAN-RX can0 02000000#0000
CAN-RX can0 02000000#0000
CAN-RX can0 08300103#1000
CAN-RX can0 02000000#0000
CAN-RX can0 0C140200#C0
CAN-RX can0 00E#6E4621DF00000000
CAN-RX can0 02000000#0000
CAN-RX can0 08300103#0B00
CAN-RX can0 02000000#0000
CAN-RX can0 02000000#0000
CAN-RX can0 03C30F0F#87878787878787
CAN-RX can0 02000000#0000
CAN-RX can0 08300103#0000
CAN-RX can0 14300200#0000
CAN-RX can0 02000000#0000
CAN-RX can0 00E#6E4621DF00000000
CAN-RX can0 02000000#0000
CAN-RX can0 08300103#F5FF
CAN-RX can0 02000000#0000
CAN-RX can0 02000000#0000
CAN-RX can0 02000000#0000
CAN-RX can0 08300103#FEFF
CAN-RX can0 02000000#0000
CAN-RX can0 0C140200#C1
CAN-RX can0 00E#6E4621DF00000000
CAN-RX can0 02000000#0000
CAN-RX can0 08300103#F8FF
CAN-RX can0 02000000#0000
CAN-RX can0 02000000#0000
CAN-RX can0 03C30F0F#87878787878787
CAN-RX can0 02000000#0000
CAN-RX can0 08300103#F6FF
CAN-RX can0 02000000#0000
CAN-RX can0 00E#6E4621DF00000000
CAN-RX can0 02000000#0000
CAN-RX can0 08300103#0100
CAN-RX can0 02000000#0000
CAN-RX can0 02000000#0000
CAN-RX can0 140C0201#0000
CAN-RX can0 02000000#0000
CAN-RX can0 08300103#0200
CAN-RX can0 02000000#0000
CAN-RX can0 00E#6E4621DF00000000
CAN-RX can0 02000000#0000
CAN-RX can0 08300103#1000
CAN-RX can0 02000000#0000
CAN-RX can0 02000000#0000
CAN-RX can0 03C30F0F#87878787878787
CAN-RX can0 02000000#0000
CAN-RX can0 08300103#FCFF
CAN-RX can0 02000000#0000
CAN-RX can0 00E#6E4621DF00000000
CAN-RX can0 02000000#0000
CAN-RX can0 08300103#EFFF
CAN-RX can0 02000000#0000
CAN-RX can0 02000000#0000
CAN-RX can0 02000000#0000
CAN-RX can0 08300103#0000
CAN-RX can0 14300200#0000
CAN-RX can0 02000000#0000
CAN-RX can0 00E#6E4621DF00000000
CAN-RX can0 02000000#0000
CAN-RX can0 08300103#F4FF
CAN-RX can0 02000000#0000
CAN-RX can0 02000000#0000
CAN-RX can0 03C30F0F#87878787878787
CAN-RX can0 1C0C0200#1E
CAN-RX can0 02000000#0000
CAN-RX can0 08300103#FDFF
CAN-RX can0 02000000#0000
CAN-RX can0 00E#6E4621DF00000000
CAN-RX can0 02000000#0000
CAN-RX can0 08300103#FBFF
CAN-RX can0 1C2C0000#2B2800A90A1A
CAN-RX can0 02000000#0000
CAN-RX can0 02000000#0000
CAN-RX can0 02000000#0000
CAN-RX can0 08300103#FBFF
CAN-RX can0 02000000#0000
CAN-RX can0 00E#6E4621DF00000000
CAN-RX can0 02000000#0000
CAN-RX can0 08300103#1000
CAN-RX can0 02000000#0000
CAN-RX can0 02000000#0000
CAN-RX can0 03C30F0F#87878787878787
CAN-RX can0 140C0201#0000
CAN-RX can0 02000000#0000
CAN-RX can0 08300103#0100
CAN-RX can0 02000000#0000
CAN-RX can0 00E#6E4621DF00000000
CAN-RX can0 02000000#0000
CAN-RX can0 08300103#0400
CAN-RX can0 02000000#0000
CAN-RX can0 02000000#0000
CAN-RX can0 02000000#0000
CAN-RX can0 08300103#F8FF
CAN-RX can0 02000000#0000
CAN-RX can0 00E#6E4621DF00000000
CAN-RX can0 02000000#0000
CAN-RX can0 08300103#ECFF
CAN-RX can0 02000000#0000
CAN-RX can0 02000000#0000
CAN-RX can0 03C30F0F#87878787878787
CAN-RX can0 08300103#F7FF
CAN-RX can0 02000000#0000
CAN-RX can0 14300200#0000
CAN-RX can0 02000000#0000
CAN-RX can0 00E#6E4621DF00000000
CAN-RX can0 02000000#0000
CAN-RX can0 08300103#EEFF
CAN-RX can0 02000000#0000
CAN-RX can0 02000000#0000
CAN-RX can0 08300103#FBFF
CAN-RX can0 02000000#0000
CAN-RX can0 02000000#0000
CAN-RX can0 00E#6E4621DF00000000
CAN-RX can0 02000000#0000
CAN-RX can0 08300103#0100
CAN-RX can0 02000000#0000
CAN-RX can0 02000000#0000
CAN-RX can0 03C30F0F#87878787878787
CAN-RX can0 08300103#FCFF
CAN-RX can0 02000000#0000
CAN-RX can0 02000000#0000
CAN-RX can0 00E#6E4621DF00000000
CAN-RX can0 02000000#0000
CAN-RX can0 08300103#0000
CAN-RX can0 02000000#0000
CAN-RX can0 02000000#0000
CAN-RX can0 140C0201#0000
CAN-RX can0 08300103#1300
CAN-RX can0 02000000#0000
CAN-RX can0 02000000#0000
CAN-RX can0 00E#6E4621DF00000000
CAN-RX can0 02000000#0000
CAN-RX can0 08300103#0900
CAN-RX can0 02000000#0000
CAN-RX can0 02000000#0000
CAN-RX can0 03C30F0F#87878787878787
CAN-RX can0 1C300204#9AE505009AE50500
CAN-RX can0 08300103#FEFF
CAN-RX can0 02000000#0000
CAN-RX can0 02000000#0000
CAN-RX can0 00E#6E4621DF00000000
CAN-RX can0 02000000#0000
CAN-RX can0 08300103#FBFF
CAN-RX can0 02000000#0000
CAN-RX can0 02000000#0000
CAN-RX can0 08300103#FCFF
CAN-RX can0 02000000#0000
CAN-RX can0 14300200#0000
CAN-RX can0 02000000#0000
CAN-RX can0 00E#6E4621DF00000000
CAN-RX can0 02000000#0000
CAN-RX can0 08300103#FCFF
CAN-RX can0 02000000#0000
CAN-RX can0 02000000#0000
CAN-RX can0 03C30F0F#87878787878787
CAN-RX can0 08300103#0400
CAN-RX can0 02000000#0000
CAN-RX can0 02000000#0000
CAN-RX can0 00E#6E4621DF00000000
CAN-RX can0 02000000#0000
CAN-RX can0 0C140300#C2
CAN-RX can0 08300103#0000
CAN-RX can0 02000000#0000
CAN-RX can0 02000000#0000
CAN-RX can0 08300103#FBFF
CAN-RX can0 02000000#0000
CAN-RX can0 02000000#0000
CAN-RX can0 00E#6E4621DF00000000
CAN-RX can0 02000000#0000
CAN-RX can0 02000000#0000
CAN-RX can0 02000000#0000
CAN-RX can0 03C30F0F#87878787878787
CAN-RX can0 140C0201#0000
CAN-RX can0 02000000#0000
CAN-RX can0 02000000#0000
CAN-RX can0 00E#6E4621DF00000000
CAN-RX can0 02000000#0000
CAN-RX can0 02000000#0000
CAN-RX can0 02000000#0000
CAN-RX can0 08300103#0400
CAN-RX can0 02000000#0000
CAN-RX can0 02000000#0000
CAN-RX can0 0C140200#C0
CAN-RX can0 00E#6E4621DF00000000
CAN-RX can0 02000000#0000
CAN-RX can0 08300103#0000
CAN-RX can0 02000000#0000
CAN-RX can0 02000000#0000
CAN-RX can0 03C30F0F#87878787878787
CAN-RX can0 08300103#F8FF
CAN-RX can0 02000000#0000
CAN-RX can0 14300200#0000
CAN-RX can0 02000000#0000
CAN-RX can0 00E#6E4621DF00000000
CAN-RX can0 02000000#0000
CAN-RX can0 08300103#F8FF
CAN-RX can0 02000000#0000
CAN-RX can0 02000000#0000
CAN-RX can0 08300103#F6FF
CAN-RX can0 02000000#0000
CAN-RX can0 02000000#0000
CAN-RX can0 0C140200#C1
CAN-RX can0 00E#6E4621DF00000000
CAN-RX can0 02000000#0000
CAN-RX can0 08300103#FBFF
CAN-RX can0 02000000#0000
CAN-RX can0 02000000#0000
CAN-RX can0 03C30F0F#87878787878787
CAN-RX can0 08300103#0500
CAN-RX can0 02000000#0000
CAN-RX can0 02000000#0000
CAN-RX can0 00E#6E4621DF00000000
CAN-RX can0 02000000#0000
CAN-RX can0 08300103#F2FF
CAN-RX can0 02000000#0000
CAN-RX can0 02000000#0000
CAN-RX can0 140C0201#0000
CAN-RX can0 08300103#0000
CAN-RX can0 02000000#0000
CAN-RX can0 02000000#0000
CAN-RX can0 00E#6E4621DF00000000
CAN-RX can0 02000000#0000
CAN-RX can0 08300103#FCFF
CAN-RX can0 02000000#0000
CAN-RX can0 02000000#0000
CAN-RX can0 03C30F0F#87878787878787
CAN-RX can0 08300103#0400
CAN-RX can0 02000000#0000
CAN-RX can0 02000000#0000
CAN-RX can0 00E#6E4621DF00000000
CAN-RX can0 02000000#0000
CAN-RX can0 08300103#0800
CAN-RX can0 02000000#0000
CAN-RX can0 02000000#0000
CAN-RX can0 08300103#0E00
CAN-RX can0 02000000#0000
CAN-RX can0 14300200#0000
CAN-RX can0 02000000#0000
CAN-RX can0 00E#6E4621DF00000000
CAN-RX can0 02000000#0000
CAN-RX can0 08300103#0700
CAN-RX can0 02000000#0000
CAN-RX can0 02000000#0000
CAN-RX can0 03C30F0F#87878787878787
CAN-RX can0 1C0C0200#1E
CAN-RX can0 08300103#F7FF
CAN-RX can0 02000000#0000
CAN-RX can0 02000000#0000
CAN-RX can0 00E#6E4621DF00000000
CAN-RX can0 02000000#0000
CAN-RX can0 08300103#0A00
CAN-RX can0 1C2C0000#2C2800A90A1A
CAN-RX can0 02000000#0000
CAN-RX can0 02000000#0000
CAN-RX can0 08300103#0600
CAN-RX can0 02000000#0000
CAN-RX can0 02000000#0000
CAN-RX can0 00E#6E4621DF00000000
CAN-RX can0 02000000#0000
CAN-RX can0 08300103#FEFF
CAN-RX can0 02000000#0000
CAN-RX can0 02000000#0000
CAN-RX can0 03C30F0F#87878787878787
CAN-RX can0 140C0201#0000
CAN-RX can0 08300103#F3FF
CAN-RX can0 02000000#0000
CAN-RX can0 02000000#0000
CAN-RX can0 00E#6E4621DF00000000
CAN-RX can0 02000000#0000
CAN-RX can0 08300103#FFFF
CAN-RX can0 02000000#0000
CAN-RX can0 02000000#0000
CAN-RX can0 08300103#FDFF
CAN-RX can0 02000000#0000
CAN-RX can0 02000000#0000
CAN-RX can0 00E#6E4621DF00000000
CAN-RX can0 02000000#0000
CAN-RX can0 08300103#FAFF
CAN-RX can0 02000000#0000
CAN-RX can0 02000000#0000
CAN-RX can0 03C30F0F#87878787878787
CAN-RX can0 08300103#0200
CAN-RX can0 02000000#0000
CAN-RX can0 14300200#0000
CAN-RX can0 02000000#0000
CAN-RX can0 00E#6E4621DF00000000
CAN-RX can0 02000000#0000
CAN-RX can0 08300103#FCFF
CAN-RX can0 02000000#0000
CAN-RX can0 02000000#0000
CAN-RX can0 08300103#0400
CAN-RX can0 02000000#0000
CAN-RX can0 02000000#0000
CAN-RX can0 00E#6E4621DF00000000
CAN-RX can0 02000000#0000
CAN-RX can0 08300103#0D00
CAN-RX can0 02000000#0000
CAN-RX can0 02000000#0000
CAN-RX can0 03C30F0F#87878787878787
CAN-RX can0 08300103#0900
CAN-RX can0 02000000#0000
CAN-RX can0 02000000#0000
CAN-RX can0 00E#6E4621DF00000000
CAN-RX can0 02000000#0000
CAN-RX can0 08300103#F9FF
CAN-RX can0 02000000#0000
CAN-RX can0 02000000#0000
CAN-RX can0 140C0201#0000
CAN-RX can0 08300103#0700
CAN-RX can0 02000000#0000
CAN-RX can0 02000000#0000
CAN-RX can0 00E#6E4621DF00000000
CAN-RX can0 02000000#0000
CAN-RX can0 08300103#FBFF
CAN-RX can0 02000000#0000
CAN-RX can0 02000000#0000
CAN-RX can0 03C30F0F#87878787878787
CAN-RX can0 08300103#FAFF
CAN-RX can0 02000000#0000
CAN-RX can0 1C300204#9AE505009AE50500
CAN-RX can0 02000000#0000
CAN-RX can0 00E#6E4621DF00000000
CAN-RX can0 02000000#0000
CAN-RX can0 08300103#FAFF
CAN-RX can0 02000000#0000
CAN-RX can0 02000000#0000
CAN-RX can0 08300103#0400
CAN-RX can0 02000000#0000
CAN-RX can0 14300200#0000
CAN-RX can0 02000000#0000
CAN-RX can0 00E#6E4621DF00000000
CAN-RX can0 02000000#0000
CAN-RX can0 08300103#EDFF
CAN-RX can0 02000000#0000
CAN-RX can0 02000000#0000
CAN-RX can0 03C30F0F#87878787878787
CAN-RX can0 08300103#FBFF
CAN-RX can0 02000000#0000
CAN-RX can0 02000000#0000
CAN-RX can0 00E#6E4621DF00000000
CAN-RX can0 02000000#0000
CAN-RX can0 0C140300#C2
CAN-RX can0 08300103#F6FF
CAN-RX can0 02000000#0000
CAN-RX can0 02000000#0000
CAN-RX can0 08300103#0800
CAN-RX can0 02000000#0000
CAN-RX can0 02000000#0000
CAN-RX can0 00E#6E4621DF00000000
CAN-RX can0 02000000#0000
CAN-RX can0 02000000#0000
CAN-RX can0 02000000#0000
CAN-RX can0 03C30F0F#87878787878787
CAN-RX can0 140C0201#0000
CAN-RX can0 02000000#0000
CAN-RX can0 02000000#0000
CAN-RX can0 00E#6E4621DF00000000
CAN-RX can0 02000000#0000
CAN-RX can0 02000000#0000
CAN-RX can0 02000000#0000
CAN-RX can0 08300103#0000
CAN-RX can0 02000000#0000
CAN-RX can0 02000000#0000
CAN-RX can0 0C140200#C0
CAN-RX can0 00E#6E4621DF00000000
CAN-RX can0 02000000#0000
CAN-RX can0 08300103#FCFF
CAN-RX can0 02000000#0000
CAN-RX can0 02000000#0000
CAN-RX can0 03C30F0F#87878787878787
CAN-RX can0 08300103#0500
CAN-RX can0 02000000#0000
CAN-RX can0 14300200#0000
CAN-RX can0 02000000#0000
CAN-RX can0 00E#6E4621DF00000000
CAN-RX can0 02000000#0000
CAN-RX can0 08300103#0400
CAN-RX can0 02000000#0000
CAN-RX can0 02000000#0000
CAN-RX can0 08300103#0100
CAN-RX can0 02000000#0000
CAN-RX can0 02000000#0000
CAN-RX can0 0C140200#C1
CAN-RX can0 00E#6E4621DF00000000
CAN-RX can0 02000000#0000
CAN-RX can0 08300103#0F00
CAN-RX can0 02000000#0000
CAN-RX can0 02000000#0000
CAN-RX can0 03C30F0F#87878787878787
CAN-RX can0 08300103#FFFF
CAN-RX can0 02000000#0000
CAN-RX can0 02000000#0000
CAN-RX can0 00E#6E4621DF00000000
CAN-RX can0 02000000#0000
CAN-RX can0 08300103#F2FF
CAN-RX can0 02000000#0000
CAN-RX can0 02000000#0000
CAN-RX can0 140C0201#0000
CAN-RX can0 08300103#FDFF
CAN-RX can0 02000000#0000
CAN-RX can0 02000000#0000
CAN-RX can0 00E#6E4621DF00000000
CAN-RX can0 02000000#0000
CAN-RX can0 08300103#F9FF
CAN-RX can0 02000000#0000
CAN-RX can0 02000000#0000
CAN-RX can0 03C30F0F#87878787878787
CAN-RX can0 08300103#0800
CAN-RX can0 02000000#0000
CAN-RX can0 02000000#0000
CAN-RX can0 00E#6E4621DF00000000
CAN-RX can0 02000000#0000
CAN-RX can0 08300103#0100
CAN-RX can0 02000000#0000
CAN-RX can0 02000000#0000
CAN-RX can0 08300103#0300
CAN-RX can0 02000000#0000
CAN-RX can0 14300200#0000
CAN-RX can0 02000000#0000
CAN-RX can0 00E#6E4621DF00000000
CAN-RX can0 02000000#0000
CAN-RX can0 08300103#FDFF
CAN-RX can0 02000000#0000
CAN-RX can0 02000000#0000
CAN-RX can0 03C30F0F#87878787878787
CAN-RX can0 1C0C0200#1E
CAN-RX can0 08300103#0400
CAN-RX can0 02000000#0000
CAN-RX can0 02000000#0000
CAN-RX can0 00E#6E4621DF00000000
CAN-RX can0 02000000#0000
CAN-RX can0 08300103#FBFF
CAN-RX can0 1C2C0000#2D2800A90A1A
CAN-RX can0 02000000#0000
CAN-RX can0 02000000#0000
CAN-RX can0 08300103#1100
CAN-RX can0 02000000#0000
CAN-RX can0 02000000#0000
CAN-RX can0 00E#6E4621DF00000000
CAN-RX can0 02000000#0000
CAN-RX can0 08300103#F8FF
CAN-RX can0 02000000#0000
CAN-RX can0 02000000#0000
CAN-RX can0 03C30F0F#87878787878787
CAN-RX can0 140C0201#0000
CAN-RX can0 08300103#FAFF
CAN-RX can0 02000000#0000
CAN-RX can0 02000000#0000
CAN-RX can0 00E#6E4621DF00000000
CAN-RX can0 02000000#0000
CAN-RX can0 08300103#FAFF
CAN-RX can0 02000000#0000
CAN-RX can0 02000000#0000
CAN-RX can0 08300103#0900
CAN-RX can0 02000000#0000
CAN-RX can0 02000000#0000
CAN-RX can0 00E#6E4621DF00000000
CAN-RX can0 02000000#0000
CAN-RX can0 08300103#0A00
CAN-RX can0 02000000#0000
CAN-RX can0 02000000#0000
CAN-RX can0 03C30F0F#87878787878787
CAN-RX can0 08300103#FDFF
CAN-RX can0 02000000#0000
CAN-RX can0 14300200#0000
CAN-RX can0 02000000#0000
CAN-RX can0 00E#6E4621DF00000000
CAN-RX can0 08300103#0500
CAN-RX can0 02000000#0000
CAN-RX can0 02000000#0000
CAN-RX can0 02000000#0000
CAN-RX can0 08300103#FAFF
CAN-RX can0 02000000#0000
CAN-RX can0 02000000#0000
CAN-RX can0 00E#6E4621DF00000000
CAN-RX can0 08300103#0700
CAN-RX can0 02000000#0000
CAN-RX can0 02000000#0000
CAN-RX can0 02000000#0000
CAN-RX can0 03C30F0F#87878787878787
CAN-RX can0 08300103#0200
CAN-RX can0 02000000#0000
CAN-RX can0 02000000#0000
CAN-RX can0 00E#6E4621DF00000000
CAN-RX can0 08300103#F9FF
CAN-RX can0 02000000#0000
CAN-RX can0 02000000#0000
CAN-RX can0 02000000#0000
CAN-RX can0 140C0201#0000
CAN-RX can0 08300103#0B00
CAN-RX can0 02000000#0000
CAN-RX can0 02000000#0000
CAN-RX can0 00E#6E4621DF00000000
CAN-RX can0 08300103#FBFF
CAN-RX can0 02000000#0000
CAN-RX can0 02000000#0000
CAN-RX can0 02000000#0000
CAN-RX can0 03C30F0F#87878787878787
CAN-RX can0 08300103#0000
CAN-RX can0 02000000#0000
CAN-RX can0 02000000#0000
CAN-RX can0 1C300204#9AE505009AE50500
CAN-RX can0 00E#6E4621DF00000000
CAN-RX can0 08300103#F4FF
CAN-RX can0 02000000#0000
CAN-RX can0 02000000#0000
CAN-RX can0 02000000#0000
CAN-RX can0 08300103#1300
CAN-RX can0 02000000#0000
CAN-RX can0 14300200#0000
CAN-RX can0 02000000#0000
CAN-RX can0 00E#6E4621DF00000000
CAN-RX can0 08300103#0E00
CAN-RX can0 02000000#0000
CAN-RX can0 02000000#0000
CAN-RX can0 02000000#0000
CAN-RX can0 03C30F0F#87878787878787
CAN-RX can0 08300103#FEFF
CAN-RX can0 02000000#0000
CAN-RX can0 02000000#0000
CAN-RX can0 00E#6E4621DF00000000
CAN-RX can0 08300103#0000
CAN-RX can0 02000000#0000
CAN-RX can0 0C140300#C2
CAN-RX can0 02000000#0000
CAN-RX can0 02000000#0000
CAN-RX can0 08300103#0200
CAN-RX can0 02000000#0000
CAN-RX can0 02000000#0000
CAN-RX can0 00E#6E4621DF00000000
CAN-RX can0 02000000#0000
CAN-RX can0 02000000#0000
CAN-RX can0 02000000#0000
CAN-RX can0 03C30F0F#87878787878787
CAN-RX can0 140C0201#0000
CAN-RX can0 02000000#0000
CAN-RX can0 02000000#0000
CAN-RX can0 00E#6E4621DF00000000
CAN-RX can0 02000000#0000
CAN-RX can0 02000000#0000
CAN-RX can0 02000000#0000
CAN-RX can0 08300103#FAFF
CAN-RX can0 02000000#0000
CAN-RX can0 02000000#0000
CAN-RX can0 0C140200#C0
CAN-RX can0 00E#6E4621DF00000000
CAN-RX can0 08300103#FEFF
CAN-RX can0 02000000#0000
CAN-RX can0 02000000#0000
CAN-RX can0 02000000#0000
CAN-RX can0 03C30F0F#87878787878787
CAN-RX can0 08300103#0400
CAN-RX can0 02000000#0000
CAN-RX can0 14300200#0000
CAN-RX can0 02000000#0000
CAN-RX can0 00E#6E4621DF00000000
CAN-RX can0 08300103#F9FF
CAN-RX can0 02000000#0000
CAN-RX can0 02000000#0000
CAN-RX can0 02000000#0000
CAN-RX can0 08300103#0800
CAN-RX can0 02000000#0000
CAN-RX can0 02000000#0000
CAN-RX can0 0C140200#C1
CAN-RX can0 00E#6E4621DF00000000
CAN-RX can0 08300103#FAFF
CAN-RX can0 02000000#0000
CAN-RX can0 02000000#0000
CAN-RX can0 02000000#0000
CAN-RX can0 03C30F0F#87878787878787
CAN-RX can0 08300103#F8FF
CAN-RX can0 02000000#0000
CAN-RX can0 02000000#0000
CAN-RX can0 00E#6E4621DF00000000
CAN-RX can0 08300103#0000
CAN-RX can0 02000000#0000
CAN-RX can0 02000000#0000
CAN-RX can0 02000000#0000
CAN-RX can0 140C0201#0000
CAN-RX can0 08300103#F8FF
CAN-RX can0 02000000#0000
CAN-RX can0 02000000#0000
CAN-RX can0 00E#6E4621DF00000000
CAN-RX can0 08300103#0A00
CAN-RX can0 02000000#0000
CAN-RX can0 02000000#0000
CAN-RX can0 02000000#0000
CAN-RX can0 03C30F0F#87878787878787
CAN-RX can0 08300103#FBFF
CAN-RX can0 02000000#0000
CAN-RX can0 02000000#0000
CAN-RX can0 00E#6E4621DF00000000
CAN-RX can0 08300103#FCFF
CAN-RX can0 02000000#0000
CAN-RX can0 02000000#0000
CAN-RX can0 02000000#0000
CAN-RX can0 08300103#0000
CAN-RX can0 02000000#0000
CAN-RX can0 14300200#0000
CAN-RX can0 02000000#0000
CAN-RX can0 00E#6E4621DF00000000
CAN-RX can0 08300103#0F00
CAN-RX can0 02000000#0000
CAN-RX can0 02000000#0000
CAN-RX can0 02000000#0000
CAN-RX can0 03C30F0F#87878787878787
CAN-RX can0 1C0C0200#1E
CAN-RX can0 08300103#0000
CAN-RX can0 02000000#0000
CAN-RX can0 02000000#0000
CAN-RX can0 00E#6E4621DF00000000
CAN-RX can0 08300103#FEFF
CAN-RX can0 02000000#0000
CAN-RX can0 1C2C0000#2E2800A90A1A
CAN-RX can0 02000000#0000
CAN-RX can0 02000000#0000
CAN-RX can0 08300103#EFFF
CAN-RX can0 02000000#0000
CAN-RX can0 02000000#0000
CAN-RX can0 00E#6E4621DF00000000
CAN-RX can0 08300103#E5FF
CAN-RX can0 02000000#0000
CAN-RX can0 02000000#0000
CAN-RX can0 02000000#0000
CAN-RX can0 03C30F0F#87878787878787
CAN-RX can0 140C0201#0000
CAN-RX can0 08300103#0C00
CAN-RX can0 02000000#0000
CAN-RX can0 02000000#0000
CAN-RX can0 00E#6E4621DF00000000
CAN-RX can0 08300103#0500
CAN-RX can0 02000000#0000
CAN-RX can0 02000000#0000
CAN-RX can0 02000000#0000
CAN-RX can0 08300103#F8FF
CAN-RX can0 02000000#0000
CAN-RX can0 02000000#0000
CAN-RX can0 00E#6E4621DF00000000
CAN-RX can0 08300103#0500
CAN-RX can0 02000000#0000
CAN-RX can0 02000000#0000
CAN-RX can0 02000000#0000
CAN-RX can0 03C30F0F#87878787878787
CAN-RX can0 08300103#FBFF
CAN-RX can0 02000000#0000
CAN-RX can0 14300200#0000
CAN-RX can0 02000000#0000
CAN-RX can0 00E#6E4621DF00000000
CAN-RX can0 08300103#FCFF
CAN-RX can0 02000000#0000
CAN-RX can0 02000000#0000
CAN-RX can0 02000000#0000
CAN-RX can0 08300103#0300
CAN-RX can0 02000000#0000
CAN-RX can0 02000000#0000
CAN-RX can0 00E#6E4621DF00000000
CAN-RX can0 08300103#F6FF
CAN-RX can0 02000000#0000
CAN-RX can0 02000000#0000
CAN-RX can0 02000000#0000
CAN-RX can0 03C30F0F#87878787878787
CAN-RX can0 08300103#FAFF
CAN-RX can0 02000000#0000
CAN-RX can0 02000000#0000
CAN-RX can0 00E#6E4621DF00000000
CAN-RX can0 08300103#FDFF
CAN-RX can0 02000000#0000
CAN-RX can0 02000000#0000
CAN-RX can0 02000000#0000
CAN-RX can0 140C0201#0000
CAN-RX can0 08300103#0900
CAN-RX can0 02000000#0000
CAN-RX can0 02000000#0000
CAN-RX can0 00E#6E4621DF00000000
CAN-RX can0 08300103#F6FF
CAN-RX can0 02000000#0000
CAN-RX can0 02000000#0000
CAN-RX can0 02000000#0000
CAN-RX can0 03C30F0F#87878787878787
CAN-RX can0 08300103#FDFF
CAN-RX can0 02000000#0000
CAN-RX can0 02000000#0000
CAN-RX can0 00E#6E4621DF00000000
CAN-RX can0 08300103#FEFF
CAN-RX can0 02000000#0000
CAN-RX can0 1C300204#9AE505009AE50500
CAN-RX can0 02000000#0000
CAN-RX can0 02000000#0000
CAN-RX can0 08300103#F6FF
CAN-RX can0 02000000#0000
CAN-RX can0 14300200#0000
CAN-RX can0 02000000#0000
CAN-RX can0 00E#6E4621DF00000000
CAN-RX can0 08300103#0000
CAN-RX can0 02000000#0000
CAN-RX can0 02000000#0000
CAN-RX can0 02000000#0000
CAN-RX can0 03C30F0F#87878787878787
CAN-RX can0 08300103#0000
CAN-RX can0 02000000#0000
CAN-RX can0 02000000#0000
CAN-RX can0 00E#6E4621DF00000000
CAN-RX can0 08300103#0200
CAN-RX can0 02000000#0000
CAN-RX can0 0C140300#C2
CAN-RX can0 02000000#0000
CAN-RX can0 02000000#0000
CAN-RX can0 08300103#0400
CAN-RX can0 02000000#0000
CAN-RX can0 02000000#0000
CAN-RX can0 00E#6E4621DF00000000
CAN-RX can0 02000000#0000
CAN-RX can0 02000000#0000
CAN-RX can0 02000000#0000
CAN-RX can0 03C30F0F#87878787878787
CAN-RX can0 140C0201#0000
CAN-RX can0 02000000#0000
CAN-RX can0 02000000#0000
CAN-RX can0 00E#6E4621DF00000000
CAN-RX can0 02000000#0000
CAN-RX can0 02000000#0000
CAN-RX can0 02000000#0000
CAN-RX can0 08300103#0100
CAN-RX can0 02000000#0000
CAN-RX can0 02000000#0000
CAN-RX can0 0C140200#C0
CAN-RX can0 00E#6E4621DF00000000
CAN-RX can0 08300103#0500
CAN-RX can0 02000000#0000
CAN-RX can0 02000000#0000
CAN-RX can0 02000000#0000
CAN-RX can0 03C30F0F#87878787878787
CAN-RX can0 08300103#F9FF
CAN-RX can0 02000000#0000
CAN-RX can0 14300200#0000
CAN-RX can0 02000000#0000
CAN-RX can0 00E#6E4621DF00000000
CAN-RX can0 08300103#0300
CAN-RX can0 02000000#0000
CAN-RX can0 02000000#0000
CAN-RX can0 02000000#0000
CAN-RX can0 08300103#FEFF
CAN-RX can0 02000000#0000
CAN-RX can0 02000000#0000
CAN-RX can0 0C140200#C1
CAN-RX can0 00E#6E4621DF00000000
CAN-RX can0 08300103#0900
CAN-RX can0 02000000#0000
CAN-RX can0 02000000#0000
CAN-RX can0 02000000#0000
CAN-RX can0 03C30F0F#87878787878787
CAN-RX can0 08300103#0100
CAN-RX can0 02000000#0000
CAN-RX can0 02000000#0000
CAN-RX can0 00E#6E4621DF00000000
CAN-RX can0 08300103#0300
CAN-RX can0 02000000#0000
CAN-RX can0 02000000#0000
CAN-RX can0 02000000#0000
CAN-RX can0 08300103#FDFF
CAN-RX can0 140C0201#0000
CAN-RX can0 02000000#0000
CAN-RX can0 02000000#0000
CAN-RX can0 00E#6E4621DF00000000
CAN-RX can0 08300103#F4FF
CAN-RX can0 02000000#0000
CAN-RX can0 02000000#0000
CAN-RX can0 02000000#0000
CAN-RX can0 03C30F0F#87878787878787
CAN-RX can0 08300103#0000
CAN-RX can0 02000000#0000
CAN-RX can0 02000000#0000
CAN-RX can0 00E#6E4621DF00000000
CAN-RX can0 08300103#FBFF
CAN-RX can0 02000000#0000
CAN-RX can0 02000000#0000
CAN-RX can0 02000000#0000
CAN-RX can0 08300103#FEFF
CAN-RX can0 02000000#0000
CAN-RX can0 14300200#0000
CAN-RX can0 02000000#0000
CAN-RX can0 00E#6E4621DF00000000
CAN-RX can0 08300103#0200
CAN-RX can0 02000000#0000
CAN-RX can0 02000000#0000
CAN-RX can0 02000000#0000
CAN-RX can0 03C30F0F#87878787878787
CAN-RX can0 08300103#0800
CAN-RX can0 1C0C0200#1E
CAN-RX can0 02000000#0000
CAN-RX can0 02000000#0000
CAN-RX can0 00E#6E4621DF00000000
CAN-RX can0 08300103#0800
CAN-RX can0 02000000#0000
CAN-RX can0 1C2C0000#2F2800A90A1A
CAN-RX can0 02000000#0000
CAN-RX can0 02000000#0000
CAN-RX can0 08300103#EFFF
CAN-RX can0 02000000#0000
CAN-RX can0 02000000#0000
CAN-RX can0 00E#6E4621DF00000000
CAN-RX can0 08300103#EDFF
CAN-RX can0 02000000#0000
CAN-RX can0 02000000#0000
CAN-RX can0 02000000#0000
CAN-RX can0 03C30F0F#87878787878787
CAN-RX can0 08300103#FEFF
CAN-RX can0 140C0201#0000
CAN-RX can0 02000000#0000
CAN-RX can0 02000000#0000
CAN-RX can0 00E#6E4621DF00000000
CAN-RX can0 08300103#FEFF
CAN-RX can0 02000000#0000
CAN-RX can0 02000000#0000
CAN-RX can0 02000000#0000
CAN-RX can0 08300103#0100
CAN-RX can0 02000000#0000
CAN-RX can0 02000000#0000
CAN-RX can0 00E#6E4621DF00000000
CAN-RX can0 08300103#FFFF
CAN-RX can0 02000000#0000
CAN-RX can0 02000000#0000
CAN-RX can0 08300103#FDFF
CAN-RX can0 02000000#0000
CAN-RX can0 03C30F0F#87878787878787
CAN-RX can0 02000000#0000
CAN-RX can0 14300200#0000
CAN-RX can0 02000000#0000
CAN-RX can0 00E#6E4621DF00000000
CAN-RX can0 08300103#FAFF
CAN-RX can0 02000000#0000
CAN-RX can0 02000000#0000
CAN-RX can0 08300103#0500
CAN-RX can0 02000000#0000
CAN-RX can0 02000000#0000
CAN-RX can0 02000000#0000
CAN-RX can0 00E#6E4621DF00000000
CAN-RX can0 08300103#0400
CAN-RX can0 02000000#0000
CAN-RX can0 02000000#0000
CAN-RX can0 08300103#F8FF
CAN-RX can0 02000000#0000
CAN-RX can0 03C30F0F#87878787878787
CAN-RX can0 02000000#0000
CAN-RX can0 02000000#0000
CAN-RX can0 00E#6E4621DF00000000
CAN-RX can0 08300103#FAFF
CAN-RX can0 02000000#0000
CAN-RX can0 02000000#0000
CAN-RX can0 08300103#F5FF
CAN-RX can0 02000000#0000
CAN-RX can0 140C0201#0000
CAN-RX can0 02000000#0000
CAN-RX can0 02000000#0000
CAN-RX can0 00E#6E4621DF00000000
CAN-RX can0 08300103#EAFF
CAN-RX can0 02000000#0000
CAN-RX can0 02000000#0000
CAN-RX can0 08300103#FDFF
CAN-RX can0 02000000#0000
CAN-RX can0 03C30F0F#87878787878787
CAN-RX can0 02000000#0000
CAN-RX can0 02000000#0000
CAN-RX can0 00E#6E4621DF00000000
CAN-RX can0 08300103#0300
CAN-RX can0 02000000#0000
CAN-RX can0 02000000#0000
CAN-RX can0 1C300204#9AE505009AE50500
CAN-RX can0 08300103#FAFF
CAN-RX can0 02000000#0000
CAN-RX can0 02000000#0000
CAN-RX can0 14300200#0000
CAN-RX can0 02000000#0000
CAN-RX can0 00E#6E4621DF00000000
CAN-RX can0 08300103#0A00
CAN-RX can0 02000000#0000
CAN-RX can0 02000000#0000
CAN-RX can0 08300103#FCFF
CAN-RX can0 02000000#0000
CAN-RX can0 03C30F0F#87878787878787
CAN-RX can0 02000000#0000
CAN-RX can0 02000000#0000
CAN-RX can0 00E#6E4621DF00000000
CAN-RX can0 08300103#FCFF
CAN-RX can0 02000000#0000
CAN-RX can0 0C140300#C2
CAN-RX can0 02000000#0000
CAN-RX can0 08300103#0000
CAN-RX can0 02000000#0000
CAN-RX can0 02000000#0000
CAN-RX can0 02000000#0000
CAN-RX can0 00E#6E4621DF00000000
CAN-RX can0 02000000#0000
CAN-RX can0 02000000#0000
CAN-RX can0 02000000#0000
CAN-RX can0 03C30F0F#87878787878787
CAN-RX can0 140C0201#0000
CAN-RX can0 02000000#0000
CAN-RX can0 02000000#0000
CAN-RX can0 00E#6E4621DF00000000
CAN-RX can0 02000000#0000
CAN-RX can0 02000000#0000
CAN-RX can0 08300103#F3FF
CAN-RX can0 02000000#0000
CAN-RX can0 02000000#0000
CAN-RX can0 02000000#0000
CAN-RX can0 0C140200#C0
CAN-RX can0 08300103#0300
CAN-RX can0 00E#6E4621DF00000000
CAN-RX can0 02000000#0000
CAN-RX can0 02000000#0000
CAN-RX can0 08300103#0300
CAN-RX can0 02000000#0000
CAN-RX can0 03C30F0F#87878787878787
CAN-RX can0 02000000#0000
CAN-RX can0 14300200#0000
CAN-RX can0 02000000#0000
CAN-RX can0 08300103#0600
CAN-RX can0 00E#6E4621DF00000000
CAN-RX can0 02000000#0000
CAN-RX can0 02000000#0000
CAN-RX can0 08300103#1000
CAN-RX can0 02000000#0000
CAN-RX can0 02000000#0000
CAN-RX can0 02000000#0000
CAN-RX can0 0C140200#C1
CAN-RX can0 08300103#F5FF
CAN-RX can0 00E#6E4621DF00000000
CAN-RX can0 02000000#0000
CAN-RX can0 02000000#0000
CAN-RX can0 08300103#0700
CAN-RX can0 02000000#0000
CAN-RX can0 03C30F0F#87878787878787
CAN-RX can0 02000000#0000
CAN-RX can0 02000000#0000
CAN-RX can0 08300103#0000
CAN-RX can0 00E#6E4621DF00000000
CAN-RX can0 02000000#0000
CAN-RX can0 02000000#0000
CAN-RX can0 08300103#0500
CAN-RX can0 02000000#0000
CAN-RX can0 140C0201#0000
CAN-RX can0 02000000#0000
CAN-RX can0 02000000#0000
CAN-RX can0 08300103#F0FF
CAN-RX can0 00E#6E4621DF00000000
CAN-RX can0 02000000#0000
CAN-RX can0 02000000#0000
CAN-RX can0 08300103#FCFF
CAN-RX can0 02000000#0000
CAN-RX can0 03C30F0F#87878787878787
CAN-RX can0 02000000#0000
CAN-RX can0 02000000#0000
CAN-RX can0 08300103#0100
CAN-RX can0 00E#6E4621DF00000000
CAN-RX can0 02000000#0000
CAN-RX can0 02000000#0000
CAN-RX can0 08300103#FFFF
CAN-RX can0 02000000#0000
CAN-RX can0 02000000#0000
CAN-RX can0 14300200#0000
CAN-RX can0 02000000#0000
CAN-RX can0 08300103#F7FF
CAN-RX can0 00E#6E4621DF00000000
CAN-RX can0 02000000#0000
CAN-RX can0 02000000#0000
CAN-RX can0 08300103#F9FF
CAN-RX can0 02000000#0000
CAN-RX can0 03C30F0F#87878787878787
CAN-RX can0 1C0C0200#1E
CAN-RX can0 02000000#0000
CAN-RX can0 02000000#0000
CAN-RX can0 08300103#1300
CAN-RX can0 00E#6E4621DF00000000
CAN-RX can0 02000000#0000
CAN-RX can0 1C2C0000#302800A90A1A
CAN-RX can0 02000000#0000
CAN-RX can0 08300103#0E00
CAN-RX can0 02000000#0000
CAN-RX can0 02000000#0000
CAN-RX can0 02000000#0000
CAN-RX can0 08300103#0200
CAN-RX can0 00E#6E4621DF00000000
CAN-RX can0 02000000#0000
CAN-RX can0 02000000#0000
CAN-RX can0 08300103#0800
CAN-RX can0 02000000#0000
CAN-RX can0 03C30F0F#87878787878787
CAN-RX can0 140C0201#0000
CAN-RX can0 02000000#0000
CAN-RX can0 02000000#0000
CAN-RX can0 08300103#FBFF
CAN-RX can0 00E#6E4621DF00000000
CAN-RX can0 02000000#0000
CAN-RX can0 02000000#0000
CAN-RX can0 08300103#F8FF
CAN-RX can0 02000000#0000
CAN-RX can0 02000000#0000
CAN-RX can0 02000000#0000
CAN-RX can0 08300103#EAFF
CAN-RX can0 00E#6E4621DF00000000
CAN-RX can0 02000000#0000
CAN-RX can0 02000000#0000
CAN-RX can0 08300103#F6FF
CAN-RX can0 02000000#0000
CAN-RX can0 03C30F0F#87878787878787
CAN-RX can0 02000000#0000
CAN-RX can0 14300200#0000
CAN-RX can0 02000000#0000
CAN-RX can0 08300103#F7FF
CAN-RX can0 00E#6E4621DF00000000
CAN-RX can0 02000000#0000
CAN-RX can0 02000000#0000
CAN-RX can0 08300103#0000
CAN-RX can0 02000000#0000
CAN-RX can0 02000000#0000
CAN-RX can0 02000000#0000
CAN-RX can0 08300103#0000
CAN-RX can0 00E#6E4621DF00000000
CAN-RX can0 02000000#0000
CAN-RX can0 02000000#0000
CAN-RX can0 08300103#FCFF
CAN-RX can0 02000000#0000
CAN-RX can0 03C30F0F#87878787878787
CAN-RX can0 02000000#0000
CAN-RX can0 02000000#0000
CAN-RX can0 08300103#FFFF
CAN-RX can0 00E#6E4621DF00000000
CAN-RX can0 02000000#0000
CAN-RX can0 02000000#0000
CAN-RX can0 08300103#FCFF
CAN-RX can0 02000000#0000
CAN-RX can0 140C0201#0000
CAN-RX can0 02000000#0000
CAN-RX can0 02000000#0000
CAN-RX can0 08300103#FBFF
CAN-RX can0 00E#6E4621DF00000000
CAN-RX can0 02000000#0000
CAN-RX can0 02000000#0000
CAN-RX can0 08300103#FEFF
CAN-RX can0 02000000#0000
CAN-RX can0 03C30F0F#87878787878787
CAN-RX can0 02000000#0000
CAN-RX can0 02000000#0000
CAN-RX can0 08300103#0000
CAN-RX can0 00E#6E4621DF00000000
CAN-RX can0 02000000#0000
CAN-RX can0 02000000#0000
CAN-RX can0 08300103#0000
CAN-RX can0 02000000#0000
CAN-RX can0 1C300204#9AE505009AE50500
CAN-RX can0 02000000#0000
CAN-RX can0 14300200#0000
CAN-RX can0 02000000#0000
CAN-RX can0 08300103#FBFF
CAN-RX can0 00E#6E4621DF00000000
CAN-RX can0 02000000#0000
CAN-RX can0 02000000#0000
CAN-RX can0 08300103#FEFF
CAN-RX can0 02000000#0000
CAN-RX can0 03C30F0F#87878787878787
CAN-RX can0 02000000#0000
CAN-RX can0 02000000#0000
CAN-RX can0 08300103#0200
CAN-RX can0 00E#6E4621DF00000000
CAN-RX can0 02000000#0000
CAN-RX can0 0C140300#C2
CAN-RX can0 02000000#0000
CAN-RX can0 08300103#FCFF
CAN-RX can0 02000000#0000
CAN-RX can0 02000000#0000
CAN-RX can0 02000000#0000
CAN-RX can0 00E#6E4621DF00000000
CAN-RX can0 02000000#0000
CAN-RX can0 02000000#0000
CAN-RX can0 02000000#0000
CAN-RX can0 03C30F0F#87878787878787
CAN-RX can0 140C0201#0000
CAN-RX can0 02000000#0000
CAN-RX can0 02000000#0000
CAN-RX can0 00E#6E4621DF00000000
CAN-RX can0 02000000#0000
CAN-RX can0 02000000#0000
CAN-RX can0 08300103#0400
CAN-RX can0 02000000#0000
CAN-RX can0 02000000#0000
CAN-RX can0 02000000#0000
CAN-RX can0 08300103#1100
CAN-RX can0 0C140200#C0
CAN-RX can0 00E#6E4621DF00000000
CAN-RX can0 02000000#0000
CAN-RX can0 02000000#0000
CAN-RX can0 08300103#F4FF
CAN-RX can0 02000000#0000
CAN-RX can0 03C30F0F#87878787878787
CAN-RX can0 02000000#0000
CAN-RX can0 14300200#0000
CAN-RX can0 02000000#0000
CAN-RX can0 08300103#0400
CAN-RX can0 00E#6E4621DF00000000
CAN-RX can0 02000000#0000
CAN-RX can0 02000000#0000
CAN-RX can0 08300103#0500
CAN-RX can0 02000000#0000
CAN-RX can0 02000000#0000
CAN-RX can0 02000000#0000
CAN-RX can0 08300103#FFFF
CAN-RX can0 0C140200#C1
CAN-RX can0 00E#6E4621DF00000000
CAN-RX can0 02000000#0000
CAN-RX can0 02000000#0000
CAN-RX can0 08300103#0700
CAN-RX can0 02000000#0000
CAN-RX can0 03C30F0F#87878787878787
CAN-RX can0 02000000#0000
CAN-RX can0 02000000#0000
CAN-RX can0 08300103#F6FF
CAN-RX can0 00E#6E4621DF00000000
CAN-RX can0 02000000#0000
CAN-RX can0 02000000#0000
CAN-RX can0 08300103#FCFF
CAN-RX can0 02000000#0000
CAN-RX can0 140C0201#0000
CAN-RX can0 02000000#0000
CAN-RX can0 02000000#0000
CAN-RX can0 08300103#F9FF
CAN-RX can0 00E#6E4621DF00000000
CAN-RX can0 02000000#0000
CAN-RX can0 02000000#0000
CAN-RX can0 08300103#F8FF
CAN-RX can0 02000000#0000
CAN-RX can0 03C30F0F#87878787878787
CAN-RX can0 02000000#0000
CAN-RX can0 02000000#0000
CAN-RX can0 08300103#0000
CAN-RX can0 00E#6E4621DF00000000
CAN-RX can0 02000000#0000
CAN-RX can0 02000000#0000
CAN-RX can0 08300103#0100
CAN-RX can0 02000000#0000
CAN-RX can0 02000000#0000
CAN-RX can0 14300200#0000
CAN-RX can0 02000000#0000
CAN-RX can0 08300103#0C00
CAN-RX can0 00E#6E4621DF00000000
CAN-RX can0 02000000#0000
CAN-RX can0 02000000#0000
CAN-RX can0 08300103#0C00
CAN-RX can0 02000000#0000
CAN-RX can0 03C30F0F#87878787878787
CAN-RX can0 1C0C0200#1E
CAN-RX can0 02000000#0000
CAN-RX can0 02000000#0000
CAN-RX can0 08300103#FFFF
CAN-RX can0 00E#6E4621DF00000000
CAN-RX can0 02000000#0000
CAN-RX can0 1C2C0000#312800A90A1A
CAN-RX can0 02000000#0000
CAN-RX can0 08300103#0400
CAN-RX can0 02000000#0000
CAN-RX can0 02000000#0000
CAN-RX can0 02000000#0000
CAN-RX can0 08300103#FEFF
CAN-RX can0 00E#6E4621DF00000000
CAN-RX can0 02000000#0000
CAN-RX can0 02000000#0000
CAN-RX can0 08300103#1200
CAN-RX can0 02000000#0000
CAN-RX can0 03C30F0F#87878787878787
CAN-RX can0 140C0201#0000
CAN-RX can0 02000000#0000
CAN-RX can0 02000000#0000
CAN-RX can0 08300103#0F00
CAN-RX can0 00E#6E4621DF00000000
CAN-RX can0 02000000#0000
CAN-RX can0 02000000#0000
CAN-RX can0 08300103#FFFF
CAN-RX can0 02000000#0000
CAN-RX can0 02000000#0000
CAN-RX can0 02000000#0000
CAN-RX can0 08300103#FCFF
CAN-RX can0 00E#6E4621DF00000000
CAN-RX can0 02000000#0000
CAN-RX can0 02000000#0000
CAN-RX can0 08300103#EEFF
CAN-RX can0 02000000#0000
CAN-RX can0 03C30F0F#87878787878787
CAN-RX can0 02000000#0000
CAN-RX can0 14300200#0000
CAN-RX can0 08300103#0A00
CAN-RX can0 02000000#0000
CAN-RX can0 00E#6E4621DF00000000
CAN-RX can0 02000000#0000
CAN-RX can0 02000000#0000
CAN-RX can0 08300103#0600
CAN-RX can0 02000000#0000
CAN-RX can0 02000000#0000
CAN-RX can0 08300103#0600
CAN-RX can0 02000000#0000
CAN-RX can0 00E#6E4621DF00000000
CAN-RX can0 02000000#0000
CAN-RX can0 02000000#0000
CAN-RX can0 08300103#0800
CAN-RX can0 02000000#0000
CAN-RX can0 03C30F0F#87878787878787
CAN-RX can0 02000000#0000
CAN-RX can0 08300103#FDFF
CAN-RX can0 02000000#0000
CAN-RX can0 00E#6E4621DF00000000
CAN-RX can0 02000000#0000
CAN-RX can0 02000000#0000
CAN-RX can0 08300103#EFFF
CAN-RX can0 02000000#0000
CAN-RX can0 140C0201#0000
CAN-RX can0 02000000#0000
CAN-RX can0 08300103#FCFF
CAN-RX can0 02000000#0000
CAN-RX can0 00E#6E4621DF00000000
CAN-RX can0 02000000#0000
CAN-RX can0 02000000#0000
CAN-RX can0 08300103#F8FF
CAN-RX can0 02000000#0000
CAN-RX can0 03C30F0F#87878787878787
CAN-RX can0 02000000#0000
CAN-RX can0 08300103#0000
CAN-RX can0 02000000#0000
CAN-RX can0 00E#6E4621DF00000000
CAN-RX can0 02000000#0000
CAN-RX can0 02000000#0000
CAN-RX can0 08300103#0F00
CAN-RX can0 02000000#0000
CAN-RX can0 02000000#0000
CAN-RX can0 14300200#0000
CAN-RX can0 1C300204#9AE505009AE50500
CAN-RX can0 08300103#0E00
CAN-RX can0 02000000#0000
CAN-RX can0 00E#6E4621DF00000000
CAN-RX can0 02000000#0000
CAN-RX can0 02000000#0000
CAN-RX can0 08300103#FFFF
CAN-RX can0 02000000#0000
CAN-RX can0 03C30F0F#87878787878787
CAN-RX can0 02000000#0000
CAN-RX can0 08300103#F4FF
CAN-RX can0 02000000#0000
CAN-RX can0 00E#6E4621DF00000000
CAN-RX can0 02000000#0000
CAN-RX can0 0C140300#C2
CAN-RX can0 02000000#0000
CAN-RX can0 08300103#F5FF
CAN-RX can0 02000000#0000
CAN-RX can0 02000000#0000
CAN-RX can0 02000000#0000
CAN-RX can0 00E#6E4621DF00000000
CAN-RX can0 02000000#0000
CAN-RX can0 02000000#0000
CAN-RX can0 02000000#0000
CAN-RX can0 03C30F0F#87878787878787
CAN-RX can0 140C0201#0000
CAN-RX can0 02000000#0000
CAN-RX can0 02000000#0000
CAN-RX can0 00E#6E4621DF00000000
CAN-RX can0 02000000#0000
CAN-RX can0 02000000#0000
CAN-RX can0 08300103#0200
CAN-RX can0 02000000#0000
CAN-RX can0 02000000#0000
CAN-RX can0 08300103#0100
CAN-RX can0 02000000#0000
CAN-RX can0 0C140200#C0
CAN-RX can0 00E#6E4621DF00000000
CAN-RX can0 02000000#0000
CAN-RX can0 02000000#0000
CAN-RX can0 08300103#F2FF
CAN-RX can0 02000000#0000
CAN-RX can0 03C30F0F#87878787878787
CAN-RX can0 02000000#0000
CAN-RX can0 14300200#0000
CAN-RX can0 08300103#F6FF
CAN-RX can0 02000000#0100
CAN-RX can0 00E#6E4621DF00000000
CAN-RX can0 02000000#0100
CAN-RX can0 062#90000040
CAN-RX can0 02000000#0100
CAN-RX can0 02000000#0101
CAN-RX can0 08300103#F3FF
CAN-RX can0 02000000#0101
CAN-RX can0 02000000#0201
CAN-RX can0 0C140200#C1
CAN-RX can0 00E#6E4621DF00000000
CAN-RX can0 08300103#0600
CAN-RX can0 02000000#0101
CAN-RX can0 02000000#0201
CAN-RX can0 02000000#0201
CAN-RX can0 03C30F0F#87878787878787
CAN-RX can0 08300103#FCFF
CAN-RX can0 02000000#0201
CAN-RX can0 02000000#0201
CAN-RX can0 00E#6E4621DF00000000
CAN-RX can0 08300103#EEFF
CAN-RX can0 02000000#0201
CAN-RX can0 02000000#0201
CAN-RX can0 02000000#0201
CAN-RX can0 140C0201#0100
CAN-RX can0 08300103#0900
CAN-RX can0 02000000#0201
CAN-RX can0 02000000#0201
CAN-RX can0 00E#6E4621DF00000000
CAN-RX can0 08300103#1000
CAN-RX can0 02000000#0201
CAN-RX can0 02000000#0201
CAN-RX can0 02000000#0201
CAN-RX can0 03C30F0F#87878787878787
CAN-RX can0 08300103#1600
CAN-RX can0 02000000#0201
CAN-RX can0 02000000#0101
CAN-RX can0 00E#6E4621DF00000000
CAN-RX can0 08300103#FFFF
CAN-RX can0 02000000#0201
CAN-RX can0 02000000#0101
CAN-RX can0 02000000#0201
CAN-RX can0 08300103#0B00
CAN-RX can0 02000000#0201
CAN-RX can0 14300200#0600
CAN-RX can0 02000000#0201
CAN-RX can0 00E#6E4621DF00000000
CAN-RX can0 08300103#EFFF
CAN-RX can0 02000000#0201
CAN-RX can0 02000000#0201
CAN-RX can0 02000000#0101
CAN-RX can0 03C30F0F#87878787878787
CAN-RX can0 1C0C0200#1E
CAN-RX can0 08300103#0B00
CAN-RX can0 02000000#0201
CAN-RX can0 02000000#0201
CAN-RX can0 00E#6E4621DF00000000
CAN-RX can0 08300103#0700
CAN-RX can0 02000000#0201
CAN-RX can0 1C2C0000#322800A90A1A
CAN-RX can0 02000000#0201
CAN-RX can0 02000000#0201
CAN-RX can0 08300103#F2FF
CAN-RX can0 02000000#0201
CAN-RX can0 02000000#0201
CAN-RX can0 00E#6E4621DF00000000
CAN-RX can0 08300103#0300
CAN-RX can0 02000000#0201
CAN-RX can0 02000000#0201
CAN-RX can0 1C240001#
CAN-RX can0 02000000#0201
CAN-RX can0 03C30F0F#87878787878787
CAN-RX can0 140C0201#0000
CAN-RX can0 08300103#FEFF
CAN-RX can0 02000000#0201
CAN-RX can0 02000000#0201
CAN-RX can0 00E#6E4621DF00000000
CAN-RX can0 08300103#0B00
CAN-RX can0 02000000#0201
CAN-RX can0 02000000#0201
CAN-RX can0 02000000#0201
CAN-RX can0 08300103#1B00
CAN-RX can0 02000000#0201
CAN-RX can0 02000000#0201
CAN-RX can0 00E#6E4621DF00000000
CAN-RX can0 08300103#1800
CAN-RX can0 02000000#0201
CAN-RX can0 02000000#0200
CAN-RX can0 02000000#0200
CAN-RX can0 03C30F0F#87878787878787
CAN-RX can0 08300103#1A00
CAN-RX can0 02000000#0201
CAN-RX can0 14300200#0300
CAN-RX can0 02000000#0200
CAN-RX can0 00E#6E4621DF00000000
CAN-RX can0 08300103#0000
CAN-RX can0 02000000#0200
CAN-RX can0 02000000#0201
CAN-RX can0 02000000#0200
CAN-RX can0 08300103#0E00
CAN-RX can0 02000000#0200
CAN-RX can0 02000000#0200
CAN-RX can0 00E#6E4621DF00000000
CAN-RX can0 08300103#FDFF
CAN-RX can0 02000000#0200
CAN-RX can0 02000000#0201
CAN-RX can0 02000000#0200
CAN-RX can0 03C30F0F#87878787878787
CAN-RX can0 08300103#F5FF
CAN-RX can0 02000000#0200
CAN-RX can0 02000000#0200
CAN-RX can0 00E#6E4621DF00000000
CAN-RX can0 08300103#0000
CAN-RX can0 02000000#0200
CAN-RX can0 02000000#0200
CAN-RX can0 02000000#0200
CAN-RX can0 140C0201#0000
CAN-RX can0 08300103#E8FF
CAN-RX can0 02000000#0200
CAN-RX can0 02000000#0200
CAN-RX can0 00E#6E4621DF00000000
CAN-RX can0 08300103#F1FF
CAN-RX can0 02000000#0200
CAN-RX can0 02000000#0200
CAN-RX can0 02000000#0200
CAN-RX can0 03C30F0F#87878787878787
CAN-RX can0 08300103#F7FF
CAN-RX can0 02000000#0200
CAN-RX can0 02000000#0200
CAN-RX can0 00E#6E4621DF00000000
CAN-RX can0 08300103#EDFF
CAN-RX can0 02000000#0200
CAN-RX can0 02000000#0200
CAN-RX can0 02000000#0200
CAN-RX can0 08300103#F9FF
CAN-RX can0 02000000#0200
CAN-RX can0 14300200#0500
CAN-RX can0 02000000#0200
CAN-RX can0 1C300204#9AE505009AE50500
CAN-RX can0 00E#6E4621DF00000000
CAN-RX can0 08300103#0400
CAN-RX can0 02000000#0200
CAN-RX can0 02000000#0200
CAN-RX can0 02000000#0200
CAN-RX can0 03C30F0F#87878787878787
CAN-RX can0 08300103#EEFF
CAN-RX can0 02000000#0201
CAN-RX can0 02000000#0200
CAN-RX can0 00E#6E4621DF00000000
CAN-RX can0 08300103#F9FF
CAN-RX can0 0C140300#C2
CAN-RX can0 02000000#0200
CAN-RX can0 02000000#0200
CAN-RX can0 02000000#0200
CAN-RX can0 08300103#F1FF
CAN-RX can0 02000000#0200
CAN-RX can0 02000000#0200
CAN-RX can0 00E#6E4621DF00000000
CAN-RX can0 08300103#F6FF
CAN-RX can0 02000000#0200
CAN-RX can0 02000000#0201
CAN-RX can0 02000000#0200
CAN-RX can0 03C30F0F#87878787878787
CAN-RX can0 08300103#FBFF
CAN-RX can0 140C0201#0000
CAN-RX can0 02000000#0200
CAN-RX can0 02000000#0200
CAN-RX can0 00E#6E4621DF00000000
CAN-RX can0 08300103#F7FF
CAN-RX can0 02000000#0200
CAN-RX can0 02000000#0200
CAN-RX can0 02000000#0200
CAN-RX can0 08300103#0200
CAN-RX can0 02000000#0200
CAN-RX can0 02000000#0200
CAN-RX can0 0C140200#C0
CAN-RX can0 00E#6E4621DF00000000
CAN-RX can0 08300103#0800
CAN-RX can0 02000000#0200
CAN-RX can0 02000000#0200
CAN-RX can0 02000000#0200
CAN-RX can0 03C30F0F#87878787878787
CAN-RX can0 08300103#F3FF
CAN-RX can0 02000000#0200
CAN-RX can0 14300200#0700
CAN-RX can0 02000000#0200
CAN-RX can0 00E#6E4621DF00000000
CAN-RX can0 08300103#0500
CAN-RX can0 02000000#0200
CAN-RX can0 02000000#0200
CAN-RX can0 02000000#0201
CAN-RX can0 08300103#FDFF
CAN-RX can0 02000000#0200
CAN-RX can0 02000000#0200
CAN-RX can0 0C140200#C1
CAN-RX can0 00E#6E4621DF00000000
CAN-RX can0 08300103#0300
CAN-RX can0 02000000#0200
CAN-RX can0 02000000#0200
CAN-RX can0 02000000#0200
CAN-RX can0 03C30F0F#87878787878787
CAN-RX can0 08300103#0100
CAN-RX can0 02000000#0200
CAN-RX can0 02000000#0200
CAN-RX can0 00E#6E4621DF00000000
CAN-RX can0 08300103#FBFF
CAN-RX can0 02000000#0200
CAN-RX can0 02000000#0200
CAN-RX can0 02000000#0200
CAN-RX can0 08300103#FAFF
CAN-RX can0 140C0201#0000
CAN-RX can0 02000000#0200
CAN-RX can0 02000000#0200
CAN-RX can0 00E#6E4621DF00000000
CAN-RX can0 08300103#0100
CAN-RX can0 02000000#0200
CAN-RX can0 02000000#0200
CAN-RX can0 02000000#0200
CAN-RX can0 03C30F0F#87878787878787
CAN-RX can0 08300103#0200
CAN-RX can0 02000000#0200
CAN-RX can0 02000000#0200
CAN-RX can0 00E#6E4621DF00000000
CAN-RX can0 08300103#FCFF
CAN-RX can0 02000000#0000
CAN-RX can0 02000000#0000
CAN-RX can0 02000000#0000
CAN-RX can0 08300103#FBFF
CAN-RX can0 02000000#0000
CAN-RX can0 14300200#0700
CAN-RX can0 02000000#0000
CAN-RX can0 00E#6E4621DF00000000
CAN-RX can0 08300103#FCFF
CAN-RX can0 02000000#0000
CAN-RX can0 02000000#0000
CAN-RX can0 02000000#0000
CAN-RX can0 03C30F0F#87878787878787
CAN-RX can0 08300103#FFFF
CAN-RX can0 1C0C0200#1E
CAN-RX can0 02000000#0000
CAN-RX can0 02000000#0000
CAN-RX can0 00E#6E4621DF00000000
CAN-RX can0 08300103#FBFF
CAN-RX can0 02000000#0000
CAN-RX can0 1C2C0000#332800A90A1A
CAN-RX can0 02000000#0000
CAN-RX can0 02000000#0000
CAN-RX can0 08300103#0000
CAN-RX can0 02000000#0000
CAN-RX can0 02000000#0000
CAN-RX can0 00E#6E4621DF00000000
CAN-RX can0 08300103#F0FF
CAN-RX can0 02000000#0000
CAN-RX can0 0C000206#
CAN-RX can0 02000000#0000
CAN-RX can0 02000000#0000
CAN-RX can0 03C30F0F#87878787878787
CAN-RX can0 08300103#EAFF
CAN-RX can0 140C0201#0000
CAN-RX can0 02000000#0000
CAN-RX can0 02000000#0000
CAN-RX can0 00E#6E4621DF00000000
CAN-RX can0 08300103#0800
CAN-RX can0 02000000#0000
CAN-RX can0 02000000#0000
CAN-RX can0 02000000#0000
CAN-RX can0 08300103#F7FF
CAN-RX can0 02000000#0000
CAN-RX can0 02000000#0000
CAN-RX can0 00E#6E4621DF00000000
CAN-RX can0 08300103#FEFF
CAN-RX can0 02000000#0000
CAN-RX can0 02000000#0000
CAN-RX can0 02000000#0000
CAN-RX can0 03C30F0F#87878787878787
CAN-RX can0 08300103#FBFF
CAN-RX can0 02000000#0000
CAN-RX can0 14300200#0400
CAN-RX can0 02000000#0000
CAN-RX can0 00E#6E4621DF00000000
CAN-RX can0 08300103#F7FF
CAN-RX can0 02000000#0000
CAN-RX can0 02000000#0000
CAN-RX can0 08300103#0500
CAN-RX can0 02000000#0000
CAN-RX can0 02000000#0000
CAN-RX can0 02000000#0000
CAN-RX can0 00E#6E4621DF00000000
CAN-RX can0 08300103#0800
CAN-RX can0 02000000#0000
CAN-RX can0 02000000#0000
CAN-RX can0 08300103#F8FF
CAN-RX can0 02000000#0000
CAN-RX can0 03C30F0F#87878787878787
CAN-RX can0 02000000#0000
CAN-RX can0 02000000#0000
CAN-RX can0 00E#6E4621DF00000000
CAN-RX can0 08300103#ECFF
CAN-RX can0 02000000#0000
CAN-RX can0 02000000#0000
CAN-RX can0 08300103#F7FF
CAN-RX can0 02000000#0000
CAN-RX can0 140C0201#0000
CAN-RX can0 02000000#0000
CAN-RX can0 02000000#0000
CAN-RX can0 00E#6E4621DF00000000
CAN-RX can0 08300103#0000
CAN-RX can0 02000000#0000
CAN-RX can0 02000000#0000
CAN-RX can0 08300103#0800
CAN-RX can0 02000000#0000
CAN-RX can0 03C30F0F#87878787878787
CAN-RX can0 02000000#0000
CAN-RX can0 02000000#0000
CAN-RX can0 00E#6E4621DF00000000
CAN-RX can0 08300103#0500
CAN-RX can0 02000000#0000
CAN-RX can0 02000000#0000
CAN-RX can0 08300103#FBFF
CAN-RX can0 02000000#0000
CAN-RX can0 02000000#0000
CAN-RX can0 14300200#0100
CAN-RX can0 02000000#0000
CAN-RX can0 00E#6E4621DF00000000
CAN-RX can0 08300103#F8FF
CAN-RX can0 02000000#0000
CAN-RX can0 1C300204#9AE505009AE50500
CAN-RX can0 02000000#0000
CAN-RX can0 08300103#E7FF
CAN-RX can0 02000000#0000
CAN-RX can0 03C30F0F#87878787878787
CAN-RX can0 02000000#0000
CAN-RX can0 02000000#0000
CAN-RX can0 00E#6E4621DF00000000
CAN-RX can0 08300103#F9FF
CAN-RX can0 0C140300#C2
CAN-RX can0 02000000#0000
CAN-RX can0 02000000#0000
CAN-RX can0 08300103#0000
CAN-RX can0 02000000#0000
CAN-RX can0 02000000#0000
CAN-RX can0 02000000#0000
CAN-RX can0 062#90000000
CAN-RX can0 00E#6E4621DF00000000
CAN-RX can0 08300103#0500
CAN-RX can0 02000000#0000
CAN-RX can0 02000000#0000
CAN-RX can0 02000000#0000
CAN-RX can0 03C30F0F#87878787878787
CAN-RX can0 140C0201#0000
CAN-RX can0 02000000#0000
CAN-RX can0 02000000#0000
CAN-RX can0 00E#6E4621DF00000000
CAN-RX can0 02000000#0000
CAN-RX can0 02000000#0000
CAN-RX can0 02000000#0000
CAN-RX can0 02000000#0000
CAN-RX can0 02000000#0000
CAN-RX can0 0C140200#C0
CAN-RX can0 08300103#0100
CAN-RX can0 00E#6E4621DF00000000
CAN-RX can0 02000000#0000
CAN-RX can0 02000000#0000
CAN-RX can0 08300103#0300
CAN-RX can0 02000000#0000
CAN-RX can0 03C30F0F#87878787878787
CAN-RX can0 02000000#0000
CAN-RX can0 14300200#0000
CAN-RX can0 02000000#0000
CAN-RX can0 08300103#0300
CAN-RX can0 00E#6E4621DF00000000
CAN-RX can0 02000000#0000
CAN-RX can0 02000000#0000
CAN-RX can0 08300103#0300
CAN-RX can0 02000000#0000
CAN-RX can0 02000000#0000
CAN-RX can0 02000000#0000
CAN-RX can0 0C140200#C1
CAN-RX can0 08300103#0800
CAN-RX can0 00E#6E4621DF00000000
CAN-RX can0 02000000#0000
CAN-RX can0 02000000#0000
CAN-RX can0 08300103#0400
CAN-RX can0 02000000#0000
CAN-RX can0 03C30F0F#87878787878787
CAN-RX can0 02000000#0000
CAN-RX can0 02000000#0000
CAN-RX can0 08300103#F3FF
CAN-RX can0 00E#6E4621DF00000000
CAN-RX can0 02000000#0000
CAN-RX can0 02000000#0000
CAN-RX can0 08300103#F7FF
CAN-RX can0 02000000#0000
CAN-RX can0 140C0201#0000
CAN-RX can0 02000000#0000
CAN-RX can0 02000000#0000
CAN-RX can0 08300103#0500
CAN-RX can0 00E#6E4621DF00000000
CAN-RX can0 02000000#0000
CAN-RX can0 02000000#0000
CAN-RX can0 08300103#FDFF
CAN-RX can0 02000000#0000
CAN-RX can0 03C30F0F#87878787878787
CAN-RX can0 02000000#0000
CAN-RX can0 02000000#0000
CAN-RX can0 08300103#F4FF
CAN-RX can0 00E#6E4621DF00000000
CAN-RX can0 02000000#0000
CAN-RX can0 02000000#0000
CAN-RX can0 08300103#F4FF
CAN-RX can0 02000000#0000
CAN-RX can0 02000000#0000
CAN-RX can0 14300200#0000
CAN-RX can0 02000000#0000
CAN-RX can0 08300103#0D00
CAN-RX can0 00E#6E4621DF00000000
CAN-RX can0 02000000#0000
CAN-RX can0 02000000#0000
CAN-RX can0 08300103#E6FF
CAN-RX can0 02000000#0000
CAN-RX can0 03C30F0F#87878787878787
CAN-RX can0 1C0C0200#1E
CAN-RX can0 02000000#0000
CAN-RX can0 02000000#0000
CAN-RX can0 08300103#EFFF
CAN-RX can0 00E#6E4621DF00000000
CAN-RX can0 02000000#0000
CAN-RX can0 1C2C0000#342800A90A1A
CAN-RX can0 02000000#0000
CAN-RX can0 08300103#F6FF
CAN-RX can0 02000000#0000
CAN-RX can0 02000000#0000
CAN-RX can0 02000000#0000
CAN-RX can0 08300103#FEFF
CAN-RX can0 00E#6E4621DF00000000
CAN-RX can0 02000000#0000
CAN-RX can0 02000000#0000
CAN-RX can0 08300103#0600
CAN-RX can0 02000000#0000
CAN-RX can0 03C30F0F#87878787878787
CAN-RX can0 140C0201#0000
CAN-RX can0 02000000#0000
CAN-RX can0 02000000#0000
CAN-RX can0 08300103#0D00
CAN-RX can0 00E#6E4621DF00000000
CAN-RX can0 02000000#0000
CAN-RX can0 02000000#0000
CAN-RX can0 08300103#0500
CAN-RX can0 02000000#0000
CAN-RX can0 02000000#0000
CAN-RX can0 02000000#0000
CAN-RX can0 08300103#0000
CAN-RX can0 00E#6E4621DF00000000
CAN-RX can0 02000000#0000
CAN-RX can0 02000000#0000
CAN-RX can0 08300103#F6FF
CAN-RX can0 02000000#0000
CAN-RX can0 03C30F0F#87878787878787
CAN-RX can0 02000000#0000
CAN-RX can0 14300200#0000
CAN-RX can0 02000000#0000
CAN-RX can0 08300103#F5FF
CAN-RX can0 00E#6E4621DF00000000
CAN-RX can0 02000000#0000
CAN-RX can0 02000000#0000
CAN-RX can0 08300103#0E00
CAN-RX can0 02000000#0000
CAN-RX can0 02000000#0000
CAN-RX can0 02000000#0000
CAN-RX can0 08300103#0A00
CAN-RX can0 00E#6E4621DF00000000
CAN-RX can0 02000000#0000
CAN-RX can0 02000000#0000
CAN-RX can0 08300103#FFFF
CAN-RX can0 02000000#0000
CAN-RX can0 03C30F0F#87878787878787
CAN-RX can0 02000000#0000
CAN-RX can0 02000000#0000
CAN-RX can0 08300103#0300
CAN-RX can0 00E#6E4621DF00000000
CAN-RX can0 02000000#0000
CAN-RX can0 02000000#0000
CAN-RX can0 08300103#F1FF
CAN-RX can0 02000000#0000
CAN-RX can0 140C0201#0000
CAN-RX can0 02000000#0000
CAN-RX can0 02000000#0000
CAN-RX can0 08300103#0B00
CAN-RX can0 00E#6E4621DF00000000
CAN-RX can0 02000000#0000
CAN-RX can0 02000000#0000
CAN-RX can0 08300103#F5FF
CAN-RX can0 02000000#0000
CAN-RX can0 03C30F0F#87878787878787
CAN-RX can0 02000000#0000
CAN-RX can0 02000000#0000
CAN-RX can0 08300103#FFFF
CAN-RX can0 00E#6E4621DF00000000
CAN-RX can0 02000000#0000
CAN-RX can0 02000000#0000
CAN-RX can0 08300103#F4FF
CAN-RX can0 02000000#0000
CAN-RX can0 02000000#0000
CAN-RX can0 14300200#0000
CAN-RX can0 02000000#0000
CAN-RX can0 08300103#F3FF
CAN-RX can0 00E#6E4621DF00000000
CAN-RX can0 02000000#0000
CAN-RX can0 02000000#0000
CAN-RX can0 1C300204#9AE505009AE50500
CAN-RX can0 08300103#FDFF
CAN-RX can0 02000000#0000
CAN-RX can0 03C30F0F#87878787878787
CAN-RX can0 02000000#0000
CAN-RX can0 02000000#0000
CAN-RX can0 08300103#F9FF
CAN-RX can0 00E#6E4621DF00000000
CAN-RX can0 0C140300#C2
CAN-RX can0 02000000#0000
CAN-RX can0 02000000#0000
CAN-RX can0 08300103#F9FF
CAN-RX can0 02000000#0000
CAN-RX can0 02000000#0000
CAN-RX can0 02000000#0000
CAN-RX can0 08300103#F9FF
CAN-RX can0 00E#6E4621DF00000000
CAN-RX can0 02000000#0000
CAN-RX can0 02000000#0000
CAN-RX can0 02000000#0000
CAN-RX can0 03C30F0F#87878787878787
CAN-RX can0 140C0201#0000
CAN-RX can0 02000000#0000
CAN-RX can0 02000000#0000
CAN-RX can0 00E#6E4621DF00000000
CAN-RX can0 02000000#0000
CAN-RX can0 02000000#0000
CAN-RX can0 02000000#0000
CAN-RX can0 02000000#0000
CAN-RX can0 02000000#0000
CAN-RX can0 0C140200#C0
CAN-RX can0 08300103#0300
CAN-RX can0 00E#6E4621DF00000000
CAN-RX can0 02000000#0000
CAN-RX can0 02000000#0000
CAN-RX can0 08300103#F8FF
CAN-RX can0 02000000#0000
CAN-RX can0 03C30F0F#87878787878787
CAN-RX can0 02000000#0000
CAN-RX can0 14300200#0000
CAN-RX can0 02000000#0000
CAN-RX can0 08300103#0400
CAN-RX can0 00E#6E4621DF00000000
CAN-RX can0 02000000#0000
CAN-RX can0 02000000#0000
CAN-RX can0 08300103#0000
CAN-RX can0 02000000#0000
CAN-RX can0 02000000#0000
CAN-RX can0 02000000#0000
CAN-RX can0 08300103#0800
CAN-RX can0 0C140200#C1
CAN-RX can0 00E#6E4621DF00000000
CAN-RX can0 02000000#0000
CAN-RX can0 02000000#0000
CAN-RX can0 08300103#0E00
CAN-RX can0 02000000#0000
CAN-RX can0 03C30F0F#87878787878787
CAN-RX can0 02000000#0000
CAN-RX can0 02000000#0000
CAN-RX can0 08300103#0A00
CAN-RX can0 00E#6E4621DF00000000
CAN-RX can0 02000000#0000
CAN-RX can0 02000000#0000
CAN-RX can0 08300103#FBFF
CAN-RX can0 02000000#0000
CAN-RX can0 140C0201#0000
CAN-RX can0 02000000#0000
CAN-RX can0 02000000#0000
CAN-RX can0 08300103#EDFF
CAN-RX can0 00E#6E4621DF00000000
CAN-RX can0 02000000#0000
CAN-RX can0 02000000#0000
CAN-RX can0 08300103#FEFF
CAN-RX can0 02000000#0000
CAN-RX can0 03C30F0F#87878787878787
CAN-RX can0 02000000#0000
CAN-RX can0 02000000#0000
CAN-RX can0 08300103#F3FF
CAN-RX can0 00E#6E4621DF00000000
CAN-RX can0 02000000#0000
CAN-RX can0 02000000#0000
CAN-RX can0 08300103#0500
CAN-RX can0 02000000#0000
CAN-RX can0 02000000#0000
CAN-RX can0 14300200#0000
CAN-RX can0 02000000#0000
CAN-RX can0 08300103#0000
CAN-RX can0 00E#6E4621DF00000000
CAN-RX can0 02000000#0000
CAN-RX can0 02000000#0000
CAN-RX can0 08300103#0F00
CAN-RX can0 02000000#0000
CAN-RX can0 03C30F0F#87878787878787
CAN-RX can0 1C0C0200#1E
CAN-RX can0 02000000#0000
CAN-RX can0 02000000#0000
CAN-RX can0 08300103#0300
CAN-RX can0 00E#6E4621DF00000000
CAN-RX can0 02000000#0000
CAN-RX can0 1C2C0000#352800A90A1A
CAN-RX can0 02000000#0000
CAN-RX can0 08300103#FEFF
CAN-RX can0 02000000#0000
CAN-RX can0 02000000#0000
CAN-RX can0 02000000#0000
CAN-RX can0 08300103#0500
CAN-RX can0 0C000205#
CAN-RX can0 00E#6E4621DF00000000
CAN-RX can0 02000000#0000
CAN-RX can0 02000000#0000
CAN-RX can0 08300103#FFFF
CAN-RX can0 02000000#0000
CAN-RX can0 03C30F0F#87878787878787
CAN-RX can0 140C0201#0000
CAN-RX can0 02000000#0000
CAN-RX can0 02000000#0000
CAN-RX can0 08300103#0000
CAN-RX can0 00E#6E4621DF00000000
CAN-RX can0 02000000#0000
CAN-RX can0 02000000#0000
CAN-RX can0 08300103#0400
CAN-RX can0 02000000#0000
CAN-RX can0 02000000#0000
CAN-RX can0 02000000#0000
CAN-RX can0 08300103#0300
CAN-RX can0 00E#6E4621DF00000000
CAN-RX can0 02000000#0000
CAN-RX can0 02000000#0000
CAN-RX can0 08300103#1700
CAN-RX can0 02000000#0000
CAN-RX can0 03C30F0F#87878787878787
CAN-RX can0 02000000#0000
CAN-RX can0 14300200#0000
CAN-RX can0 02000000#0000
CAN-RX can0 08300103#0000
CAN-RX can0 00E#6E4621DF00000000
CAN-RX can0 02000000#0000
CAN-RX can0 02000000#0000
CAN-RX can0 08300103#FAFF
CAN-RX can0 02000000#0000
CAN-RX can0 02000000#0000
CAN-RX can0 08300103#0F00
CAN-RX can0 02000000#0000
CAN-RX can0 00E#6E4621DF00000000
CAN-RX can0 02000000#0000
CAN-RX can0 02000000#0000
CAN-RX can0 08300103#FFFF
CAN-RX can0 02000000#0000
CAN-RX can0 03C30F0F#87878787878787
CAN-RX can0 02000000#0000
CAN-RX can0 08300103#F6FF
CAN-RX can0 02000000#0000
CAN-RX can0 00E#6E4621DF00000000
CAN-RX can0 02000000#0000
CAN-RX can0 02000000#0000
CAN-RX can0 08300103#0600
CAN-RX can0 02000000#0000
CAN-RX can0 140C0201#0000
CAN-RX can0 02000000#0000
CAN-RX can0 08300103#FAFF
CAN-RX can0 02000000#0000
CAN-RX can0 00E#6E4621DF00000000
CAN-RX can0 02000000#0000
CAN-RX can0 02000000#0000
CAN-RX can0 08300103#F6FF
CAN-RX can0 02000000#0000
CAN-RX can0 03C30F0F#87878787878787
CAN-RX can0 02000000#0000
CAN-RX can0 08300103#FEFF
CAN-RX can0 02000000#0000
CAN-RX can0 00E#6E4621DF00000000
CAN-RX can0 02000000#0000
CAN-RX can0 02000000#0000
CAN-RX can0 08300103#ECFF
CAN-RX can0 02000000#0000
CAN-RX can0 02000000#0000
CAN-RX can0 14300200#0000
CAN-RX can0 08300103#F9FF
CAN-RX can0 02000000#0000
CAN-RX can0 00E#6E4621DF00000000
CAN-RX can0 02000000#0000
CAN-RX can0 02000000#0000
CAN-RX can0 08300103#FBFF
CAN-RX can0 02000000#0000
CAN-RX can0 03C30F0F#87878787878787
CAN-RX can0 1C300204#9AE505009AE50500
CAN-RX can0 02000000#0000
CAN-RX can0 08300103#FCFF
CAN-RX can0 02000000#0000
CAN-RX can0 00E#6E4621DF00000000
CAN-RX can0 0C140300#C2
CAN-RX can0 02000000#0000
CAN-RX can0 02000000#0000
CAN-RX can0 08300103#F4FF
CAN-RX can0 02000000#0000
CAN-RX can0 02000000#0000
CAN-RX can0 08300103#0900
CAN-RX can0 02000000#0000
CAN-RX can0 00E#6E4621DF00000000
CAN-RX can0 02000000#0000
CAN-RX can0 02000000#0000
CAN-RX can0 02000000#0000
CAN-RX can0 03C30F0F#87878787878787
CAN-RX can0 140C0201#0000
CAN-RX can0 02000000#0000
CAN-RX can0 02000000#0000
CAN-RX can0 00E#6E4621DF00000000
CAN-RX can0 02000000#0000
CAN-RX can0 02000000#0000
CAN-RX can0 02000000#0000
CAN-RX can0 02000000#0000
CAN-RX can0 08300103#0D00
CAN-RX can0 02000000#0000
CAN-RX can0 0C140200#C0
CAN-RX can0 00E#6E4621DF00000000
CAN-RX can0 02000000#0000
CAN-RX can0 02000000#0000
CAN-RX can0 08300103#0300
CAN-RX can0 02000000#0000
CAN-RX can0 03C30F0F#87878787878787
CAN-RX can0 02000000#0000
CAN-RX can0 14300200#0000
CAN-RX can0 08300103#0600
CAN-RX can0 02000000#0000
CAN-RX can0 00E#6E4621DF00000000
CAN-RX can0 02000000#0000
CAN-RX can0 02000000#0000
CAN-RX can0 08300103#F9FF
CAN-RX can0 02000000#0000
CAN-RX can0 02000000#0000
CAN-RX can0 08300103#0B00
CAN-RX can0 02000000#0000
CAN-RX can0 0C140200#C1
CAN-RX can0 00E#6E4621DF00000000
CAN-RX can0 02000000#0000
CAN-RX can0 02000000#0000
CAN-RX can0 08300103#0600
CAN-RX can0 02000000#0000
CAN-RX can0 03C30F0F#87878787878787
CAN-RX can0 02000000#0000
CAN-RX can0 08300103#0000
CAN-RX can0 02000000#0000
CAN-RX can0 00E#6E4621DF00000000
CAN-RX can0 02000000#0000
CAN-RX can0 02000000#0000
CAN-RX can0 08300103#0200
CAN-RX can0 02000000#0000
CAN-RX can0 140C0201#0000
CAN-RX can0 02000000#0000
CAN-RX can0 08300103#0300
CAN-RX can0 02000000#0000
CAN-RX can0 00E#6E4621DF00000000
CAN-RX can0 02000000#0000
CAN-RX can0 02000000#0000
CAN-RX can0 08300103#FCFF
CAN-RX can0 02000000#0000
CAN-RX can0 03C30F0F#87878787878787
CAN-RX can0 02000000#0000
CAN-RX can0 08300103#FDFF
CAN-RX can0 02000000#0000
CAN-RX can0 00E#6E4621DF00000000
CAN-RX can0 02000000#0000
CAN-RX can0 02000000#0000
CAN-RX can0 08300103#0000
CAN-RX can0 02000000#0000
CAN-RX can0 02000000#0000
CAN-RX can0 14300200#0000
CAN-RX can0 08300103#FCFF
CAN-RX can0 02000000#0000
CAN-RX can0 00E#6E4621DF00000000
CAN-RX can0 02000000#0000
CAN-RX can0 02000000#0000
CAN-RX can0 08300103#FBFF
CAN-RX can0 02000000#0000
CAN-RX can0 03C30F0F#87878787878787
CAN-RX can0 1C0C0200#1E
CAN-RX can0 02000000#0000
CAN-RX can0 08300103#0E00
CAN-RX can0 02000000#0000
CAN-RX can0 00E#6E4621DF00000000
CAN-RX can0 02000000#0000
CAN-RX can0 1C2C0000#362800A90A1A
CAN-RX can0 02000000#0000
CAN-RX can0 08300103#FDFF
CAN-RX can0 02000000#0000
CAN-RX can0 02000000#0000
CAN-RX can0 08300103#FCFF
CAN-RX can0 02000000#0000
CAN-RX can0 00E#6E4621DF00000000
CAN-RX can0 02000000#0000
CAN-RX can0 02000000#0000
CAN-RX can0 08300103#FCFF
CAN-RX can0 02000000#0000
CAN-RX can0 03C30F0F#87878787878787
CAN-RX can0 140C0201#0000
CAN-RX can0 02000000#0000
CAN-RX can0 08300103#0200
CAN-RX can0 02000000#0000
CAN-RX can0 00E#6E4621DF00000000
CAN-RX can0 02000000#0000
CAN-RX can0 02000000#0000
CAN-RX can0 08300103#0200
CAN-RX can0 02000000#0000
CAN-RX can0 02000000#0000
CAN-RX can0 08300103#0000
CAN-RX can0 02000000#0000
CAN-RX can0 00E#6E4621DF00000000
CAN-RX can0 02000000#0000
CAN-RX can0 02000000#0000
CAN-RX can0 08300103#0B00
CAN-RX can0 02000000#0000
CAN-RX can0 03C30F0F#87878787878787
CAN-RX can0 02000000#0000
CAN-RX can0 14300200#0000
CAN-RX can0 08300103#F0FF
CAN-RX can0 02000000#0000
CAN-RX can0 00E#6E4621DF00000000
CAN-RX can0 02000000#0000
CAN-RX can0 02000000#0000
CAN-RX can0 08300103#0100
CAN-RX can0 02000000#0000
CAN-RX can0 02000000#0000
CAN-RX can0 08300103#0500
CAN-RX can0 02000000#0000
CAN-RX can0 00E#6E4621DF00000000
CAN-RX can0 02000000#0000
CAN-RX can0 02000000#0000
CAN-RX can0 08300103#0700
CAN-RX can0 02000000#0000
CAN-RX can0 03C30F0F#87878787878787
CAN-RX can0 02000000#0000
CAN-RX can0 08300103#F7FF
CAN-RX can0 02000000#0000
CAN-RX can0 00E#6E4621DF00000000
CAN-RX can0 02000000#0000
CAN-RX can0 02000000#0000
CAN-RX can0 08300103#EEFF
CAN-RX can0 02000000#0000
CAN-RX can0 140C0201#0000
CAN-RX can0 02000000#0000
CAN-RX can0 08300103#F2FF
CAN-RX can0 02000000#0000
CAN-RX can0 00E#6E4621DF00000000
CAN-RX can0 02000000#0000
CAN-RX can0 02000000#0000
CAN-RX can0 08300103#F3FF
CAN-RX can0 02000000#0000
CAN-RX can0 03C30F0F#87878787878787
CAN-RX can0 02000000#0000
CAN-RX can0 08300103#E8FF
CAN-RX can0 02000000#0000
CAN-RX can0 00E#6E4621DF00000000
CAN-RX can0 02000000#0000
CAN-RX can0 02000000#0000
CAN-RX can0 08300103#FDFF
CAN-RX can0 02000000#0000
CAN-RX can0 02000000#0000
CAN-RX can0 14300200#0000
CAN-RX can0 08300103#0600
CAN-RX can0 02000000#0000
CAN-RX can0 00E#6E4621DF00000000
CAN-RX can0 02000000#0000
CAN-RX can0 02000000#0000
CAN-RX can0 08300103#FFFF
CAN-RX can0 02000000#0000
CAN-RX can0 03C30F0F#87878787878787
CAN-RX can0 02000000#0000
CAN-RX can0 1C300204#9AE505009AE50500
CAN-RX can0 08300103#0600
CAN-RX can0 02000000#0000
CAN-RX can0 00E#6E4621DF00000000
CAN-RX can0 0C140300#C2
CAN-RX can0 02000000#0000
CAN-RX can0 02000000#0000
CAN-RX can0 08300103#EBFF
CAN-RX can0 02000000#0000
CAN-RX can0 02000000#0000
CAN-RX can0 08300103#0200
CAN-RX can0 02000000#0000
CAN-RX can0 00E#6E4621DF00000000
CAN-RX can0 02000000#0000
CAN-RX can0 02000000#0000
CAN-RX can0 02000000#0000
CAN-RX can0 03C30F0F#87878787878787
CAN-RX can0 140C0201#0000
CAN-RX can0 02000000#0000
CAN-RX can0 02000000#0000
CAN-RX can0 00E#6E4621DF00000000
CAN-RX can0 02000000#0000
CAN-RX can0 02000000#0000
CAN-RX can0 02000000#0000
CAN-RX can0 02000000#0000
CAN-RX can0 08300103#F8FF
CAN-RX can0 02000000#0000
CAN-RX can0 0C140200#C0
CAN-RX can0 00E#6E4621DF00000000
CAN-RX can0 02000000#0000
CAN-RX can0 02000000#0000
CAN-RX can0 08300103#EDFF
CAN-RX can0 02000000#0000
CAN-RX can0 03C30F0F#87878787878787
CAN-RX can0 02000000#0000
CAN-RX can0 14300200#0000
CAN-RX can0 08300103#0400
CAN-RX can0 02000000#0000
CAN-RX can0 00E#6E4621DF00000000
CAN-RX can0 02000000#0000
CAN-RX can0 02000000#0000
CAN-RX can0 08300103#0200
CAN-RX can0 02000000#0000
CAN-RX can0 02000000#0000
CAN-RX can0 08300103#0000
CAN-RX can0 02000000#0000
CAN-RX can0 0C140200#C1
CAN-RX can0 00E#6E4621DF00000000
CAN-RX can0 02000000#0000
CAN-RX can0 02000000#0000
CAN-RX can0 08300103#0100
CAN-RX can0 02000000#0000
CAN-RX can0 03C30F0F#87878787878787
CAN-RX can0 02000000#0000
CAN-RX can0 08300103#FCFF
CAN-RX can0 02000000#0000
CAN-RX can0 00E#6E4621DF00000000
CAN-RX can0 02000000#0000
CAN-RX can0 02000000#0000
CAN-RX can0 08300103#0000
CAN-RX can0 02000000#0000
CAN-RX can0 140C0201#0000
CAN-RX can0 02000000#0000
CAN-RX can0 08300103#0100
CAN-RX can0 02000000#0000
CAN-RX can0 00E#6E4621DF00000000
CAN-RX can0 02000000#0000
CAN-RX can0 02000000#0000
CAN-RX can0 08300103#FFFF
CAN-RX can0 02000000#0000
CAN-RX can0 03C30F0F#87878787878787
CAN-RX can0 02000000#0000
CAN-RX can0 08300103#0500
CAN-RX can0 02000000#0000
CAN-RX can0 00E#6E4621DF00000000
CAN-RX can0 02000000#0000
CAN-RX can0 02000000#0000
CAN-RX can0 08300103#FEFF
CAN-RX can0 02000000#0000
CAN-RX can0 02000000#0000
CAN-RX can0 14300200#0000
CAN-RX can0 08300103#F0FF
CAN-RX can0 02000000#0000
CAN-RX can0 00E#6E4621DF00000000
CAN-RX can0 02000000#0000
CAN-RX can0 02000000#0000
CAN-RX can0 08300103#0200
CAN-RX can0 02000000#0000
CAN-RX can0 03C30F0F#87878787878787
CAN-RX can0 1C0C0200#1E
CAN-RX can0 02000000#0000
CAN-RX can0 08300103#0400
CAN-RX can0 02000000#0000
CAN-RX can0 00E#6E4621DF00000000
CAN-RX can0 02000000#0000
CAN-RX can0 1C2C0000#372800A90A1A
CAN-RX can0 02000000#0000
CAN-RX can0 08300103#0100
CAN-RX can0 02000000#0000
CAN-RX can0 02000000#0000
CAN-RX can0 08300103#FEFF
CAN-RX can0 02000000#0000
CAN-RX can0 00E#6E4621DF00000000
CAN-RX can0 02000000#0000
CAN-RX can0 02000000#0000
CAN-RX can0 08300103#FFFF
CAN-RX can0 02000000#0000
CAN-RX can0 03C30F0F#87878787878787
CAN-RX can0 140C0201#0000
CAN-RX can0 02000000#0000
CAN-RX can0 08300103#0000
CAN-RX can0 02000000#0000
CAN-RX can0 00E#6E4621DF00000000
CAN-RX can0 02000000#0000
CAN-RX can0 02000000#0000
CAN-RX can0 08300103#0200
CAN-RX can0 02000000#0000
CAN-RX can0 02000000#0000
CAN-RX can0 08300103#F6FF
CAN-RX can0 02000000#0000
CAN-RX can0 00E#6E4621DF00000000
CAN-RX can0 02000000#0000
CAN-RX can0 02000000#0000
CAN-RX can0 08300103#FFFF
CAN-RX can0 02000000#0000
CAN-RX can0 03C30F0F#87878787878787
CAN-RX can0 02000000#0000
CAN-RX can0 14300200#0000
CAN-RX can0 08300103#0600
CAN-RX can0 02000000#0000
CAN-RX can0 00E#6E4621DF00000000
CAN-RX can0 02000000#0000
CAN-RX can0 08300103#0100
CAN-RX can0 02000000#0000
CAN-RX can0 02000000#0000
CAN-RX can0 02000000#0000
CAN-RX can0 08300103#0E00
CAN-RX can0 02000000#0000
CAN-RX can0 00E#6E4621DF00000000
CAN-RX can0 02000000#0000
CAN-RX can0 08300103#0B00
CAN-RX can0 02000000#0000
CAN-RX can0 02000000#0000
CAN-RX can0 03C30F0F#87878787878787
CAN-RX can0 02000000#0000
CAN-RX can0 08300103#0000
CAN-RX can0 02000000#0000
CAN-RX can0 00E#6E4621DF00000000
CAN-RX can0 02000000#0000
CAN-RX can0 08300103#F7FF
CAN-RX can0 02000000#0000
CAN-RX can0 02000000#0000
CAN-RX can0 140C0201#0000
CAN-RX can0 02000000#0000
CAN-RX can0 08300103#F3FF
CAN-RX can0 02000000#0000
CAN-RX can0 00E#6E4621DF00000000
CAN-RX can0 02000000#0000
CAN-RX can0 08300103#0600
CAN-RX can0 02000000#0000
CAN-RX can0 02000000#0000
CAN-RX can0 03C30F0F#87878787878787
CAN-RX can0 02000000#0000
CAN-RX can0 08300103#0A00
CAN-RX can0 02000000#0000
CAN-RX can0 00E#6E4621DF00000000
CAN-RX can0 02000000#0000
CAN-RX can0 08300103#F5FF
CAN-RX can0 02000000#0000
CAN-RX can0 02000000#0000
CAN-RX can0 02000000#0000
CAN-RX can0 14300200#0000
CAN-RX can0 08300103#0200
CAN-RX can0 02000000#0000
CAN-RX can0 00E#6E4621DF00000000
CAN-RX can0 02000000#0000
CAN-RX can0 08300103#FEFF
CAN-RX can0 02000000#0000
CAN-RX can0 02000000#0000
CAN-RX can0 03C30F0F#87878787878787
CAN-RX can0 02000000#0000
CAN-RX can0 08300103#F6FF
CAN-RX can0 02000000#0000
CAN-RX can0 1C300204#9AE505009AE50500
CAN-RX can0 00E#6E4621DF00000000
CAN-RX can0 0C140300#C2
CAN-RX can0 02000000#0000
CAN-RX can0 08300103#0800
CAN-RX can0 02000000#0000
CAN-RX can0 02000000#0000
CAN-RX can0 02000000#0000
CAN-RX can0 08300103#1000
CAN-RX can0 02000000#0000
CAN-RX can0 00E#6E4621DF00000000
CAN-RX can0 02000000#0000
CAN-RX can0 02000000#0000
CAN-RX can0 02000000#0000
CAN-RX can0 03C30F0F#87878787878787
CAN-RX can0 140C0201#0000
CAN-RX can0 02000000#0000
CAN-RX can0 02000000#0000
CAN-RX can0 00E#6E4621DF00000000
CAN-RX can0 02000000#0000
CAN-RX can0 02000000#0000
CAN-RX can0 02000000#0000
CAN-RX can0 02000000#0000
CAN-RX can0 08300103#FDFF
CAN-RX can0 02000000#0000
CAN-RX can0 0C140200#C0
CAN-RX can0 00E#6E4621DF00000000
CAN-RX can0 02000000#0000
CAN-RX can0 08300103#FFFF
CAN-RX can0 02000000#0000
CAN-RX can0 02000000#0000
CAN-RX can0 03C30F0F#87878787878787
CAN-RX can0 02000000#0000
CAN-RX can0 14300200#0000
CAN-RX can0 08300103#FCFF
CAN-RX can0 02000000#0000
CAN-RX can0 00E#6E4621DF00000000
CAN-RX can0 02000000#0000
CAN-RX can0 08300103#F8FF
CAN-RX can0 02000000#0000
CAN-RX can0 02000000#0000
CAN-RX can0 02000000#0000
CAN-RX can0 08300103#FCFF
CAN-RX can0 02000000#0000
CAN-RX can0 0C140200#C1
CAN-RX can0 00E#6E4621DF00000000
CAN-RX can0 02000000#0000
CAN-RX can0 08300103#FDFF
CAN-RX can0 02000000#0000
CAN-RX can0 02000000#0000
CAN-RX can0 03C30F0F#87878787878787
CAN-RX can0 02000000#0000
CAN-RX can0 08300103#0500
CAN-RX can0 02000000#0000
CAN-RX can0 00E#6E4621DF00000000
CAN-RX can0 02000000#0000
CAN-RX can0 08300103#F7FF
CAN-RX can0 02000000#0000
CAN-RX can0 02000000#0000
CAN-RX can0 140C0201#0000
CAN-RX can0 02000000#0000
CAN-RX can0 08300103#0600
CAN-RX can0 02000000#0000
CAN-RX can0 00E#6E4621DF00000000
CAN-RX can0 02000000#0000
CAN-RX can0 08300103#0700
CAN-RX can0 02000000#0000
CAN-RX can0 02000000#0000
CAN-RX can0 03C30F0F#87878787878787
CAN-RX can0 02000000#0000
CAN-RX can0 08300103#1100
CAN-RX can0 02000000#0000
CAN-RX can0 00E#6E4621DF00000000
CAN-RX can0 02000000#0000
CAN-RX can0 08300103#0400
CAN-RX can0 02000000#0000
CAN-RX can0 02000000#0000
CAN-RX can0 02000000#0000
CAN-RX can0 14300200#0000
CAN-RX can0 08300103#EFFF
CAN-RX can0 02000000#0000
CAN-RX can0 00E#6E4621DF00000000
CAN-RX can0 02000000#0000
CAN-RX can0 08300103#F8FF
CAN-RX can0 02000000#0000
CAN-RX can0 02000000#0000
CAN-RX can0 03C30F0F#87878787878787
CAN-RX can0 1C0C0200#1E
CAN-RX can0 02000000#0000
CAN-RX can0 08300103#FFFF
CAN-RX can0 02000000#0000
CAN-RX can0 00E#6E4621DF00000000
CAN-RX can0 02000000#0000
CAN-RX can0 1C2C0000#382800A90A1A
CAN-RX can0 08300103#0800
CAN-RX can0 02000000#0000
CAN-RX can0 02000000#0000
CAN-RX can0 02000000#0000
CAN-RX can0 08300103#0300
CAN-RX can0 02000000#0000
CAN-RX can0 00E#6E4621DF00000000
CAN-RX can0 02000000#0000
CAN-RX can0 08300103#0000
CAN-RX can0 02000000#0000
CAN-RX can0 02000000#0000
CAN-RX can0 03C30F0F#87878787878787
CAN-RX can0 140C0201#0000
CAN-RX can0 02000000#0000
CAN-RX can0 08300103#FFFF
CAN-RX can0 02000000#0000
CAN-RX can0 00E#6E4621DF00000000
CAN-RX can0 02000000#0000
CAN-RX can0 08300103#1400
CAN-RX can0 02000000#0000
CAN-RX can0 02000000#0000
CAN-RX can0 02000000#0000
CAN-RX can0 08300103#1100
CAN-RX can0 02000000#0000
CAN-RX can0 00E#6E4621DF00000000
CAN-RX can0 02000000#0000
CAN-RX can0 08300103#0400
CAN-RX can0 02000000#0000
CAN-RX can0 02000000#0000
CAN-RX can0 03C30F0F#87878787878787
CAN-RX can0 02000000#0000
CAN-RX can0 14300200#0000
CAN-RX can0 08300103#0A00
CAN-RX can0 02000000#0000
CAN-RX can0 00E#6E4621DF00000000
CAN-RX can0 02000000#0000
CAN-RX can0 08300103#0300
CAN-RX can0 02000000#0000
CAN-RX can0 02000000#0000
CAN-RX can0 02000000#0000
CAN-RX can0 08300103#1700
CAN-RX can0 02000000#0000
CAN-RX can0 00E#6E4621DF00000000
CAN-RX can0 02000000#0000
CAN-RX can0 08300103#F6FF
CAN-RX can0 02000000#0000
CAN-RX can0 02000000#0000
CAN-RX can0 03C30F0F#87878787878787
CAN-RX can0 02000000#0000
CAN-RX can0 08300103#E9FF
CAN-RX can0 02000000#0000
CAN-RX can0 00E#6E4621DF00000000
CAN-RX can0 02000000#0000
CAN-RX can0 08300103#FEFF
CAN-RX can0 02000000#0000
CAN-RX can0 02000000#0000
CAN-RX can0 140C0201#0000
CAN-RX can0 02000000#0000
CAN-RX can0 08300103#F1FF
CAN-RX can0 02000000#0000
CAN-RX can0 00E#6E4621DF00000000
CAN-RX can0 02000000#0000
CAN-RX can0 08300103#0800
CAN-RX can0 02000000#0000
CAN-RX can0 02000000#0000
CAN-RX can0 03C30F0F#87878787878787
CAN-RX can0 02000000#0000
CAN-RX can0 08300103#EDFF
CAN-RX can0 02000000#0000
CAN-RX can0 00E#6E4621DF00000000
CAN-RX can0 02000000#0000
CAN-RX can0 08300103#0800
CAN-RX can0 02000000#0000
CAN-RX can0 02000000#0000
CAN-RX can0 02000000#0000
CAN-RX can0 14300200#0000
CAN-RX can0 08300103#FAFF
CAN-RX can0 02000000#0000
CAN-RX can0 00E#6E4621DF00000000
CAN-RX can0 02000000#0000
CAN-RX can0 08300103#0600
CAN-RX can0 02000000#0000
CAN-RX can0 02000000#0000
CAN-RX can0 03C30F0F#87878787878787
CAN-RX can0 02000000#0000
CAN-RX can0 08300103#FFFF
CAN-RX can0 02000000#0000
CAN-RX can0 00E#6E4621DF00000000
CAN-RX can0 0C140300#C2
CAN-RX can0 02000000#0000
CAN-RX can0 1C300204#9AE505009AE50500
CAN-RX can0 08300103#F1FF
CAN-RX can0 02000000#0000
CAN-RX can0 02000000#0000
CAN-RX can0 02000000#0000
CAN-RX can0 08300103#F4FF
CAN-RX can0 02000000#0000
CAN-RX can0 00E#6E4621DF00000000
CAN-RX can0 02000000#0000
CAN-RX can0 02000000#0000
CAN-RX can0 02000000#0000
CAN-RX can0 03C30F0F#87878787878787
CAN-RX can0 140C0201#0000
CAN-RX can0 02000000#0000
CAN-RX can0 02000000#0000
CAN-RX can0 00E#6E4621DF00000000
CAN-RX can0 02000000#0000
CAN-RX can0 02000000#0000
CAN-RX can0 02000000#0000
CAN-RX can0 02000000#0000
CAN-RX can0 08300103#0400
CAN-RX can0 02000000#0000
CAN-RX can0 0C140200#C0
CAN-RX can0 00E#6E4621DF00000000
CAN-RX can0 02000000#0000
CAN-RX can0 08300103#0300
CAN-RX can0 02000000#0000
CAN-RX can0 02000000#0000
CAN-RX can0 03C30F0F#87878787878787
CAN-RX can0 02000000#0000
CAN-RX can0 14300200#0000
CAN-RX can0 08300103#0000
CAN-RX can0 02000000#0000
CAN-RX can0 00E#6E4621DF00000000
CAN-RX can0 02000000#0000
CAN-RX can0 08300103#0800
CAN-RX can0 02000000#0000
CAN-RX can0 02000000#0000
CAN-RX can0 02000000#0000
CAN-RX can0 08300103#0000
CAN-RX can0 02000000#0000
CAN-RX can0 0C140200#C1
CAN-RX can0 00E#6E4621DF00000000
CAN-RX can0 02000000#0000
CAN-RX can0 08300103#FFFF
CAN-RX can0 02000000#0000
CAN-RX can0 02000000#0000
CAN-RX can0 03C30F0F#87878787878787
CAN-RX can0 02000000#0000
CAN-RX can0 08300103#0A00
CAN-RX can0 02000000#0000
CAN-RX can0 00E#6E4621DF00000000
CAN-RX can0 02000000#0000
CAN-RX can0 08300103#0000
CAN-RX can0 02000000#0000
CAN-RX can0 02000000#0000
CAN-RX can0 140C0201#0000
CAN-RX can0 02000000#0000
CAN-RX can0 08300103#ECFF
CAN-RX can0 02000000#0000
CAN-RX can0 00E#6E4621DF00000000
CAN-RX can0 02000000#0000
CAN-RX can0 08300103#0500
CAN-RX can0 02000000#0000
CAN-RX can0 02000000#0000
CAN-RX can0 03C30F0F#87878787878787
CAN-RX can0 02000000#0000
CAN-RX can0 08300103#F2FF
CAN-RX can0 02000000#0000
CAN-RX can0 00E#6E4621DF00000000
CAN-RX can0 02000000#0000
CAN-RX can0 08300103#0400
CAN-RX can0 02000000#0000
CAN-RX can0 02000000#0000
CAN-RX can0 02000000#0000
CAN-RX can0 08300103#FCFF
CAN-RX can0 14300200#0000
CAN-RX can0 02000000#0000
CAN-RX can0 00E#6E4621DF00000000
CAN-RX can0 02000000#0000
CAN-RX can0 08300103#0300
CAN-RX can0 02000000#0000
CAN-RX can0 02000000#0000
CAN-RX can0 03C30F0F#87878787878787
CAN-RX can0 1C0C0200#1E
CAN-RX can0 02000000#0000
CAN-RX can0 08300103#F3FF
CAN-RX can0 02000000#0000
CAN-RX can0 00E#6E4621DF00000000
CAN-RX can0 02000000#0000
CAN-RX can0 08300103#F8FF
CAN-RX can0 1C2C0000#392800A90A1A
CAN-RX can0 02000000#0000
CAN-RX can0 02000000#0000
CAN-RX can0 02000000#0000
CAN-RX can0 08300103#0A00
CAN-RX can0 02000000#0000
CAN-RX can0 00E#6E4621DF00000000
CAN-RX can0 02000000#0000
CAN-RX can0 08300103#0000
CAN-RX can0 02000000#0000
CAN-RX can0 02000000#0000
CAN-RX can0 03C30F0F#87878787878787
CAN-RX can0 140C0201#0000
CAN-RX can0 02000000#0000
CAN-RX can0 08300103#EEFF
CAN-RX can0 02000000#0000
CAN-RX can0 00E#6E4621DF00000000
CAN-RX can0 02000000#0000
CAN-RX can0 08300103#0600
CAN-RX can0 02000000#0000
CAN-RX can0 02000000#0000
CAN-RX can0 02000000#0000
CAN-RX can0 08300103#0100
CAN-RX can0 02000000#0000
CAN-RX can0 00E#6E4621DF00000000
CAN-RX can0 02000000#0000
CAN-RX can0 08300103#0600
CAN-RX can0 02000000#0000
CAN-RX can0 02000000#0000
CAN-RX can0 03C30F0F#87878787878787
CAN-RX can0 02000000#0000
CAN-RX can0 08300103#F8FF
CAN-RX can0 14300200#0000
CAN-RX can0 02000000#0000
CAN-RX can0 00E#6E4621DF00000000
CAN-RX can0 02000000#0000
CAN-RX can0 08300103#FDFF
CAN-RX can0 02000000#0000
CAN-RX can0 02000000#0000
CAN-RX can0 02000000#0000
CAN-RX can0 08300103#E9FF
CAN-RX can0 02000000#0000
CAN-RX can0 00E#6E4621DF00000000
CAN-RX can0 02000000#0000
CAN-RX can0 08300103#FFFF
CAN-RX can0 02000000#0000
CAN-RX can0 02000000#0000
CAN-RX can0 03C30F0F#87878787878787
CAN-RX can0 08300103#F5FF
CAN-RX can0 02000000#0000
CAN-RX can0 02000000#0000
CAN-RX can0 00E#6E4621DF00000000
CAN-RX can0 02000000#0000
CAN-RX can0 08300103#0000
CAN-RX can0 02000000#0000
CAN-RX can0 02000000#0000
CAN-RX can0 140C0201#0000
CAN-RX can0 08300103#0500
CAN-RX can0 02000000#0000
CAN-RX can0 02000000#0000
CAN-RX can0 00E#6E4621DF00000000
CAN-RX can0 02000000#0000
CAN-RX can0 08300103#FEFF
CAN-RX can0 02000000#0000
CAN-RX can0 02000000#0000
CAN-RX can0 03C30F0F#87878787878787
CAN-RX can0 08300103#FEFF
CAN-RX can0 02000000#0000
CAN-RX can0 02000000#0000
CAN-RX can0 00E#6E4621DF00000000
CAN-RX can0 02000000#0000
CAN-RX can0 08300103#FAFF
CAN-RX can0 02000000#0000
CAN-RX can0 02000000#0000
CAN-RX can0 08300103#0400
CAN-RX can0 02000000#0000
CAN-RX can0 14300200#0000
CAN-RX can0 02000000#0000
CAN-RX can0 00E#6E4621DF00000000
CAN-RX can0 02000000#0000
CAN-RX can0 08300103#0000
CAN-RX can0 02000000#0000
CAN-RX can0 02000000#0000
CAN-RX can0 03C30F0F#87878787878787
CAN-RX can0 08300103#F3FF
CAN-RX can0 02000000#0000
CAN-RX can0 02000000#0000
CAN-RX can0 00E#6E4621DF00000000
CAN-RX can0 0C140300#C2
CAN-RX can0 02000000#0000
CAN-RX can0 08300103#F5FF
CAN-RX can0 02000000#0000
CAN-RX can0 1C300204#9AE505009AE50500
CAN-RX can0 02000000#0000
CAN-RX can0 08300103#0F00
CAN-RX can0 02000000#0000
CAN-RX can0 02000000#0000
CAN-RX can0 00E#6E4621DF00000000
CAN-RX can0 02000000#0000
CAN-RX can0 02000000#0000
CAN-RX can0 02000000#0000
CAN-RX can0 03C30F0F#87878787878787
CAN-RX can0 140C0201#0000
CAN-RX can0 02000000#0000
CAN-RX can0 02000000#0000
CAN-RX can0 00E#6E4621DF00000000
CAN-RX can0 02000000#0000
CAN-RX can0 02000000#0000
CAN-RX can0 02000000#0000
CAN-RX can0 08300103#F9FF
CAN-RX can0 02000000#0000
CAN-RX can0 02000000#0000
CAN-RX can0 0C140200#C0
CAN-RX can0 00E#6E4621DF00000000
CAN-RX can0 02000000#0000
CAN-RX can0 08300103#FBFF
CAN-RX can0 02000000#0000
CAN-RX can0 02000000#0000
CAN-RX can0 03C30F0F#87878787878787
CAN-RX can0 08300103#FBFF
CAN-RX can0 02000000#0000
CAN-RX can0 14300200#0000
CAN-RX can0 02000000#0000
CAN-RX can0 00E#6E4621DF00000000
CAN-RX can0 02000000#0000
CAN-RX can0 08300103#F9FF
CAN-RX can0 02000000#0000
CAN-RX can0 02000000#0000
CAN-RX can0 08300103#E8FF
CAN-RX can0 02000000#0000
CAN-RX can0 02000000#0000
CAN-RX can0 0C140200#C1
CAN-RX can0 00E#6E4621DF00000000
CAN-RX can0 02000000#0000
CAN-RX can0 08300103#0100
CAN-RX can0 02000000#0000
CAN-RX can0 02000000#0000
CAN-RX can0 03C30F0F#87878787878787
CAN-RX can0 08300103#0500
CAN-RX can0 02000000#0000
CAN-RX can0 02000000#0000
CAN-RX can0 00E#6E4621DF00000000
CAN-RX can0 02000000#0000
CAN-RX can0 08300103#FDFF
CAN-RX can0 02000000#0000
CAN-RX can0 02000000#0000
CAN-RX can0 140C0201#0000
CAN-RX can0 08300103#FDFF
CAN-RX can0 02000000#0000
CAN-RX can0 02000000#0000
CAN-RX can0 00E#6E4621DF00000000
CAN-RX can0 02000000#0000
CAN-RX can0 08300103#0600
CAN-RX can0 02000000#0000
CAN-RX can0 02000000#0000
CAN-RX can0 03C30F0F#87878787878787
CAN-RX can0 08300103#E9FF
CAN-RX can0 02000000#0000
CAN-RX can0 02000000#0000
CAN-RX can0 00E#6E4621DF00000000
CAN-RX can0 02000000#0000
CAN-RX can0 08300103#0700
CAN-RX can0 02000000#0000
CAN-RX can0 02000000#0000
CAN-RX can0 08300103#F8FF
CAN-RX can0 02000000#0000
CAN-RX can0 14300200#0000
CAN-RX can0 02000000#0000
CAN-RX can0 00E#6E4621DF00000000
CAN-RX can0 02000000#0000
CAN-RX can0 08300103#0000
CAN-RX can0 02000000#0000
CAN-RX can0 02000000#0000
CAN-RX can0 03C30F0F#87878787878787
CAN-RX can0 1C0C0200#1E
CAN-RX can0 08300103#FFFF
CAN-RX can0 02000000#0000
CAN-RX can0 02000000#0000
CAN-RX can0 00E#6E4621DF00000000
CAN-RX can0 02000000#0000
CAN-RX can0 08300103#FEFF
CAN-RX can0 1C2C0000#3A2800A90A1A
CAN-RX can0 02000000#0000
CAN-RX can0 02000000#0000
CAN-RX can0 08300103#0000
CAN-RX can0 02000000#0000
CAN-RX can0 02000000#0000
CAN-RX can0 00E#6E4621DF00000000
CAN-RX can0 02000000#0000
CAN-RX can0 08300103#0200
CAN-RX can0 02000000#0000
CAN-RX can0 02000000#0000
CAN-RX can0 03C30F0F#87878787878787
CAN-RX can0 140C0201#0000
CAN-RX can0 08300103#FAFF
CAN-RX can0 02000000#0000
CAN-RX can0 02000000#0000
CAN-RX can0 00E#6E4621DF00000000
CAN-RX can0 02000000#0000
CAN-RX can0 08300103#FEFF
CAN-RX can0 02000000#0000
CAN-RX can0 02000000#0000
CAN-RX can0 08300103#0E00
CAN-RX can0 02000000#0000
CAN-RX can0 02000000#0000
CAN-RX can0 00E#6E4621DF00000000
CAN-RX can0 02000000#0000
CAN-RX can0 08300103#0B00
CAN-RX can0 02000000#0000
CAN-RX can0 02000000#0000
CAN-RX can0 03C30F0F#87878787878787
CAN-RX can0 08300103#0100
CAN-RX can0 02000000#0000
CAN-RX can0 14300200#0000
CAN-RX can0 02000000#0000
CAN-RX can0 00E#6E4621DF00000000
CAN-RX can0 02000000#0000
CAN-RX can0 08300103#1000
CAN-RX can0 02000000#0000
CAN-RX can0 02000000#0000
CAN-RX can0 08300103#FCFF
CAN-RX can0 02000000#0000
CAN-RX can0 02000000#0000
CAN-RX can0 00E#6E4621DF00000000
CAN-RX can0 02000000#0000
CAN-RX can0 08300103#F6FF
CAN-RX can0 02000000#0000
CAN-RX can0 02000000#0000
CAN-RX can0 03C30F0F#87878787878787
CAN-RX can0 08300103#0500
CAN-RX can0 02000000#0000
CAN-RX can0 02000000#0000
CAN-RX can0 00E#6E4621DF00000000
CAN-RX can0 02000000#0000
CAN-RX can0 08300103#FCFF
CAN-RX can0 02000000#0000
CAN-RX can0 02000000#0000
CAN-RX can0 140C0201#0000
CAN-RX can0 08300103#0600
CAN-RX can0 02000000#0000
CAN-RX can0 02000000#0000
CAN-RX can0 00E#6E4621DF00000000
CAN-RX can0 02000000#0000
CAN-RX can0 08300103#FBFF
CAN-RX can0 02000000#0000
CAN-RX can0 02000000#0000
CAN-RX can0 03C30F0F#87878787878787
CAN-RX can0 08300103#F3FF
CAN-RX can0 02000000#0000
CAN-RX can0 02000000#0000
CAN-RX can0 00E#6E4621DF00000000
CAN-RX can0 02000000#0000
CAN-RX can0 08300103#FDFF
CAN-RX can0 02000000#0000
CAN-RX can0 02000000#0000
CAN-RX can0 08300103#FDFF
CAN-RX can0 02000000#0000
CAN-RX can0 14300200#0000
CAN-RX can0 02000000#0000
CAN-RX can0 00E#6E4621DF00000000
CAN-RX can0 02000000#0000
CAN-RX can0 08300103#0000
CAN-RX can0 02000000#0000
CAN-RX can0 02000000#0000
CAN-RX can0 03C30F0F#87878787878787
CAN-RX can0 08300103#0200
CAN-RX can0 02000000#0000
CAN-RX can0 02000000#0000
CAN-RX can0 00E#6E4621DF00000000
CAN-RX can0 0C140300#C2
CAN-RX can0 02000000#0000
CAN-RX can0 08300103#0200
CAN-RX can0 02000000#0000
CAN-RX can0 02000000#0000
CAN-RX can0 1C300204#9AE505009AE50500
CAN-RX can0 08300103#FCFF
CAN-RX can0 02000000#0000
CAN-RX can0 02000000#0000
CAN-RX can0 00E#6E4621DF00000000
CAN-RX can0 02000000#0000
CAN-RX can0 02000000#0000
CAN-RX can0 02000000#0000
CAN-RX can0 03C30F0F#87878787878787
CAN-RX can0 140C0201#0000
CAN-RX can0 02000000#0000
CAN-RX can0 02000000#0000
CAN-RX can0 00E#6E4621DF00000000
CAN-RX can0 02000000#0000
CAN-RX can0 02000000#0000
CAN-RX can0 02000000#0000
CAN-RX can0 08300103#0100
CAN-RX can0 02000000#0000
CAN-RX can0 02000000#0000
CAN-RX can0 0C140200#C0
CAN-RX can0 00E#6E4621DF00000000
CAN-RX can0 02000000#0000
CAN-RX can0 08300103#0700
CAN-RX can0 02000000#0000
CAN-RX can0 02000000#0000
CAN-RX can0 03C30F0F#87878787878787
CAN-RX can0 08300103#0000
CAN-RX can0 02000000#0000
CAN-RX can0 14300200#0000
CAN-RX can0 02000000#0000
CAN-RX can0 00E#6E4621DF00000000
CAN-RX can0 02000000#0000
CAN-RX can0 08300103#0200
CAN-RX can0 02000000#0000
CAN-RX can0 02000000#0000
CAN-RX can0 08300103#0600
CAN-RX can0 02000000#0000
CAN-RX can0 02000000#0000
CAN-RX can0 0C140200#C1
CAN-RX can0 00E#6E4621DF00000000
CAN-RX can0 02000000#0000
CAN-RX can0 08300103#0A00
CAN-RX can0 02000000#0000
CAN-RX can0 02000000#0000
CAN-RX can0 03C30F0F#87878787878787
CAN-RX can0 08300103#F8FF
CAN-RX can0 02000000#0000
CAN-RX can0 02000000#0000
CAN-RX can0 002#
CAN-RX can0 08300103#0600
CAN-RX can0 004#
CAN-RX can0 08300103#EDFF
CAN-RX can0 002#
CAN-RX can0 08300103#FAFF
CAN-RX can0 004#
CAN-RX can0 08300103#0100
CAN-RX can0 060#40000000
CAN-RX can0 062#50000002
CAN-RX can0 062#60000000
CAN-RX can0 062#70000009
CAN-RX can0 062#80000010
CAN-RX can0 002#
CAN-RX can0 004#
CAN-RX can0 14300200#0000
CAN-RX can0 004#
CAN-RX can0 1C0C0200#1E
CAN-RX can0 002#
CAN-RX can0 004#
CAN-RX can0 002#
CAN-RX can0 1C2C0000#3B2800A90A1A
CAN-RX can0 004#
CAN-RX can0 002#
CAN-RX can0 004#
CAN-RX can0 002#
CAN-RX can0 004#
CAN-RX can0 002#
CAN-RX can0 004#
CAN-RX can0 002#
CAN-RX can0 004#
CAN-RX can0 002#
CAN-RX can0 004#
CAN-RX can0 004#
CAN-RX can0 0C140300#C2
CAN-RX can0 004#
CAN-RX can0 004#
CAN-RX can0 004#
CAN-RX can0 004#
CAN-RX can0 004#
CAN-RX can0 181C0000#0170800000000000
CAN-RX can0 004#
CAN-RX can0 004#
CAN-RX can0 004#
CAN-RX can0 004#
CAN-RX can0 004#
CAN-RX can0 1C2C0000#002900A90A1A
CAN-RX can0 004#
CAN-RX can0 004#
CAN-RX can0 004#
CAN-RX can0 004#
CAN-RX can0 004#
CAN-RX can0 004#
CAN-RX can0 004#
CAN-RX can0 0C140300#C2
CAN-RX can0 004#
CAN-RX can0 004#
CAN-RX can0 004#
CAN-RX can0 004#
CAN-RX can0 004#
CAN-RX can0 004#
CAN-RX can0 002#
CAN-RX can0 004#
CAN-RX can0 002#
CAN-RX can0 004#
CAN-RX can0 002#
CAN-RX can0 004#
CAN-RX can0 002#
CAN-RX can0 004#
CAN-RX can0 1C2C0000#012900A90A1A
CAN-RX can0 002#
CAN-RX can0 004#
CAN-RX can0 002#
CAN-RX can0 004#
CAN-RX can0 002#
CAN-RX can0 004#
CAN-RX can0 002#
CAN-RX can0 004#
CAN-RX can0 002#
CAN-RX can0 002#
CAN-RX can0 004#
CAN-RX can0 002#
CAN-RX can0 002#
CAN-RX can0 004#
CAN-RX can0 002#
CAN-RX can0 002#
CAN-RX can0 004#
CAN-RX can0 0C140300#C2
CAN-RX can0 002#
CAN-RX can0 004#
CAN-RX can0 002#
CAN-RX can0 004#
CAN-RX can0 002#
CAN-RX can0 004#
CAN-RX can0 002#
CAN-RX can0 004#
CAN-RX can0 002#
CAN-RX can0 004#
CAN-RX can0 002#
CAN-RX can0 004#
CAN-RX can0 002#
CAN-RX can0 004#
CAN-RX can0 002#
CAN-RX can0 004#
CAN-RX can0 002#
CAN-RX can0 004#
CAN-RX can0 1C2C0000#022900A90A1A
CAN-RX can0 002#
CAN-RX can0 004#
CAN-RX can0 002#
CAN-RX can0 004#
CAN-RX can0 002#
CAN-RX can0 004#
CAN-RX can0 002#
CAN-RX can0 004#
CAN-RX can0 002#
CAN-RX can0 004#
CAN-RX can0 002#
CAN-RX can0 004#
CAN-RX can0 002#
CAN-RX can0 004#
CAN-RX can0 002#
CAN-RX can0 0C140300#C2
CAN-RX can0 004#
CAN-RX can0 002#
CAN-RX can0 004#
CAN-RX can0 002#
CAN-RX can0 004#
CAN-RX can0 002#
CAN-RX can0 004#
CAN-RX can0 002#
CAN-RX can0 004#
CAN-RX can0 002#
CAN-RX can0 004#
CAN-RX can0 002#
CAN-RX can0 004#
CAN-RX can0 002#
CAN-RX can0 004#
CAN-RX can0 002#
CAN-RX can0 004#
CAN-RX can0 002#
CAN-RX can0 004#
CAN-RX can0 1C2C0000#032900A90A1A
CAN-RX can0 002#
CAN-RX can0 004#
CAN-RX can0 002#
CAN-RX can0 004#
CAN-RX can0 002#
CAN-RX can0 004#
CAN-RX can0 002#
CAN-RX can0 004#
CAN-RX can0 002#
CAN-RX can0 004#
CAN-RX can0 002#
CAN-RX can0 004#
CAN-RX can0 004#
CAN-RX can0 0C140300#C2
CAN-RX can0 004#
CAN-RX can0 004#
CAN-RX can0 004#
CAN-RX can0 004#
CAN-RX can0 004#
CAN-RX can0 004#
CAN-RX can0 004#
CAN-RX can0 004#
CAN-RX can0 004#
CAN-RX can0 004#
CAN-RX can0 1C2C0000#042900A90A1A
CAN-RX can0 004#
CAN-RX can0 004#
CAN-RX can0 004#
CAN-RX can0 004#
CAN-RX can0 004#
CAN-RX can0 004#
CAN-RX can0 004#
CAN-RX can0 0C140300#C2
CAN-RX can0 004#
CAN-RX can0 004#
CAN-RX can0 004#
CAN-RX can0 004#
CAN-RX can0 004#
CAN-RX can0 004#
CAN-RX can0 004#
CAN-RX can0 002#
CAN-RX can0 004#
CAN-RX can0 002#
CAN-RX can0 004#
CAN-RX can0 1C2C0000#052900A90A1A
CAN-RX can0 002#
CAN-RX can0 004#
CAN-RX can0 002#
CAN-RX can0 004#
CAN-RX can0 002#
CAN-RX can0 004#
CAN-RX can0 002#
CAN-RX can0 004#
CAN-RX can0 002#
CAN-RX can0 004#
CAN-RX can0 002#
CAN-RX can0 004#
CAN-RX can0 002#
CAN-RX can0 004#
CAN-RX can0 002#
CAN-RX can0 0C140300#C2
CAN-RX can0 004#
CAN-RX can0 002#
CAN-RX can0 004#
CAN-RX can0 002#
CAN-RX can0 004#
CAN-RX can0 002#
CAN-RX can0 004#
CAN-RX can0 002#
CAN-RX can0 004#
CAN-RX can0 002#
CAN-RX can0 004#
CAN-RX can0 002#
CAN-RX can0 004#
CAN-RX can0 002#
CAN-RX can0 004#
CAN-RX can0 002#
CAN-RX can0 004#
CAN-RX can0 002#
CAN-RX can0 004#
CAN-RX can0 1C2C0000#062900A90A1A
CAN-RX can0 002#
CAN-RX can0 004#
CAN-RX can0 002#
CAN-RX can0 004#
CAN-RX can0 002#
CAN-RX can0 004#
CAN-RX can0 002#
CAN-RX can0 004#
CAN-RX can0 002#
CAN-RX can0 004#
CAN-RX can0 002#
CAN-RX can0 004#
CAN-RX can0 002#
CAN-RX can0 004#
CAN-RX can0 0C140300#C2
CAN-RX can0 002#
CAN-RX can0 004#
CAN-RX can0 002#
CAN-RX can0 004#
CAN-RX can0 002#
CAN-RX can0 004#
CAN-RX can0 002#
CAN-RX can0 004#
CAN-RX can0 002#
CAN-RX can0 004#
CAN-RX can0 002#
CAN-RX can0 004#
CAN-RX can0 002#
CAN-RX can0 004#
CAN-RX can0 002#
CAN-RX can0 004#
CAN-RX can0 002#
CAN-RX can0 004#
CAN-RX can0 002#
CAN-RX can0 004#
CAN-RX can0 1C2C0000#072900A90A1A
CAN-RX can0 002#
CAN-RX can0 004#
CAN-RX can0 002#
CAN-RX can0 004#
CAN-RX can0 002#
CAN-RX can0 004#
CAN-RX can0 002#
CAN-RX can0 004#
CAN-RX can0 002#
CAN-RX can0 004#
CAN-RX can0 002#
CAN-RX can0 004#
CAN-RX can0 004#
CAN-RX can0 0C140300#C2
CAN-RX can0 004#
CAN-RX can0 004#
CAN-RX can0 004#
CAN-RX can0 004#
CAN-RX can0 004#
CAN-RX can0 004#
CAN-RX can0 004#
CAN-RX can0 004#
CAN-RX can0 004#
CAN-RX can0 1C2C0000#082900A90A1A
CAN-RX can0 004#
CAN-RX can0 004#
CAN-RX can0 004#
CAN-RX can0 004#
CAN-RX can0 004#
CAN-RX can0 004#
CAN-RX can0 004#
CAN-RX can0 0C140300#C2
CAN-RX can0 004#
CAN-RX can0 004#
CAN-RX can0 004#
CAN-RX can0 004#
CAN-RX can0 004#
CAN-RX can0 004#
CAN-RX can0 004#
CAN-RX can0 004#
CAN-RX can0 004#
CAN-RX can0 002#
CAN-RX can0 004#
CAN-RX can0 1C2C0000#092900A90A1A
CAN-RX can0 002#
CAN-RX can0 004#
CAN-RX can0 002#
CAN-RX can0 004#
CAN-RX can0 002#
CAN-RX can0 004#
CAN-RX can0 002#
CAN-RX can0 004#
CAN-RX can0 002#
CAN-RX can0 004#
CAN-RX can0 002#
CAN-RX can0 004#
CAN-RX can0 002#
CAN-RX can0 004#
CAN-RX can0 0C140300#C2
CAN-RX can0 002#
CAN-RX can0 004#
CAN-RX can0 002#
CAN-RX can0 004#
CAN-RX can0 002#
CAN-RX can0 004#
CAN-RX can0 002#
CAN-RX can0 004#
CAN-RX can0 002#
CAN-RX can0 004#
CAN-RX can0 002#
CAN-RX can0 000#
CAN-RX can0 000#
CAN-RX can0 000#
